-- MySQL dump 10.16  Distrib 10.2.20-MariaDB, for debian-linux-gnu (x86_64)
--
-- Host: localhost    Database: expo
-- ------------------------------------------------------
-- Server version	10.2.20-MariaDB-1:10.2.20+maria~bionic-log

/*!40101 SET @OLD_CHARACTER_SET_CLIENT=@@CHARACTER_SET_CLIENT */;
/*!40101 SET @OLD_CHARACTER_SET_RESULTS=@@CHARACTER_SET_RESULTS */;
/*!40101 SET @OLD_COLLATION_CONNECTION=@@COLLATION_CONNECTION */;
/*!40101 SET NAMES utf8 */;
/*!40103 SET @OLD_TIME_ZONE=@@TIME_ZONE */;
/*!40103 SET TIME_ZONE='+00:00' */;
/*!40014 SET @OLD_UNIQUE_CHECKS=@@UNIQUE_CHECKS, UNIQUE_CHECKS=0 */;
/*!40014 SET @OLD_FOREIGN_KEY_CHECKS=@@FOREIGN_KEY_CHECKS, FOREIGN_KEY_CHECKS=0 */;
/*!40101 SET @OLD_SQL_MODE=@@SQL_MODE, SQL_MODE='NO_AUTO_VALUE_ON_ZERO' */;
/*!40111 SET @OLD_SQL_NOTES=@@SQL_NOTES, SQL_NOTES=0 */;

--
-- Table structure for table `admins`
--

DROP TABLE IF EXISTS `admins`;
/*!40101 SET @saved_cs_client     = @@character_set_client */;
/*!40101 SET character_set_client = utf8 */;
CREATE TABLE `admins` (
  `id` int(10) unsigned NOT NULL AUTO_INCREMENT,
  `name` varchar(191) COLLATE utf8mb4_unicode_ci NOT NULL,
  `email` varchar(191) COLLATE utf8mb4_unicode_ci NOT NULL,
  `image` varchar(300) COLLATE utf8mb4_unicode_ci DEFAULT NULL,
  `mobile` varchar(30) COLLATE utf8mb4_unicode_ci NOT NULL,
  `password` varchar(191) COLLATE utf8mb4_unicode_ci NOT NULL,
  `remember_token` varchar(100) COLLATE utf8mb4_unicode_ci DEFAULT NULL,
  `created_at` timestamp NULL DEFAULT NULL,
  `updated_at` timestamp NULL DEFAULT NULL,
  `deleted_at` timestamp NULL DEFAULT NULL,
  PRIMARY KEY (`id`),
  UNIQUE KEY `users_email_unique` (`email`)
) ENGINE=InnoDB DEFAULT CHARSET=utf8mb4 COLLATE=utf8mb4_unicode_ci ROW_FORMAT=COMPACT;
/*!40101 SET character_set_client = @saved_cs_client */;

--
-- Dumping data for table `admins`
--

LOCK TABLES `admins` WRITE;
/*!40000 ALTER TABLE `admins` DISABLE KEYS */;
/*!40000 ALTER TABLE `admins` ENABLE KEYS */;
UNLOCK TABLES;

--
-- Table structure for table `ads`
--

DROP TABLE IF EXISTS `ads`;
/*!40101 SET @saved_cs_client     = @@character_set_client */;
/*!40101 SET character_set_client = utf8 */;
CREATE TABLE `ads` (
  `id` int(11) NOT NULL AUTO_INCREMENT,
  `image` varchar(300) COLLATE utf8_unicode_ci NOT NULL,
  `position` enum('home_top','home_middle','home_down','sale_page','product_page') COLLATE utf8_unicode_ci NOT NULL DEFAULT 'home_middle',
  `createdBy` int(11) NOT NULL,
  `status` enum('active','not_active') COLLATE utf8_unicode_ci NOT NULL DEFAULT 'not_active',
  `order_by` int(11) DEFAULT NULL,
  `created_at` timestamp NOT NULL DEFAULT current_timestamp(),
  `updated_at` timestamp NOT NULL DEFAULT '0000-00-00 00:00:00',
  `deleted_at` timestamp NULL DEFAULT NULL,
  PRIMARY KEY (`id`)
) ENGINE=InnoDB AUTO_INCREMENT=11 DEFAULT CHARSET=utf8 COLLATE=utf8_unicode_ci;
/*!40101 SET character_set_client = @saved_cs_client */;

--
-- Dumping data for table `ads`
--

LOCK TABLES `ads` WRITE;
/*!40000 ALTER TABLE `ads` DISABLE KEYS */;
INSERT INTO `ads` VALUES (6,'uploads/images/ads/iigj5kRkh5emp9tbMSso3uuL8PUVj46mDXvQ1yGJ.jpeg','home_middle',57,'active',NULL,'2018-04-12 19:51:38','2018-05-03 14:06:57','2018-05-03 14:06:57'),(7,'uploads/images/ads/wC3NPDQepLpt8CHbef5XsHDD7LKavdfaGcOQmqw8.jpeg','home_middle',57,'active',NULL,'2018-04-12 19:51:51','2018-05-03 14:06:54','2018-05-03 14:06:54'),(8,'uploads/images/ads/P5FYN2qpPBzS0kGd8C08TqskDqtti14T1vMd8Lpy.jpeg','home_middle',57,'active',NULL,'2018-05-03 14:07:14','2018-05-03 14:18:12',NULL),(9,'uploads/images/ads/l4rpyq6WwaXpYCo3S5tAMS3Bwe0HtY3aZizZrgTu.jpeg','home_middle',57,'not_active',NULL,'2018-05-20 06:47:35','2018-05-20 06:47:35',NULL),(10,'uploads/images/ads/Nsn4BqHF2KymzjTC7ea3fOXWmoFiOZowv5uQhstZ.jpeg','home_middle',57,'active',NULL,'2019-01-03 16:35:58','2019-02-04 16:20:14','2019-02-04 16:20:14');
/*!40000 ALTER TABLE `ads` ENABLE KEYS */;
UNLOCK TABLES;

--
-- Table structure for table `advertisement_us`
--

DROP TABLE IF EXISTS `advertisement_us`;
/*!40101 SET @saved_cs_client     = @@character_set_client */;
/*!40101 SET character_set_client = utf8 */;
CREATE TABLE `advertisement_us` (
  `id` int(11) NOT NULL AUTO_INCREMENT,
  `image` varchar(300) COLLATE utf8_unicode_ci NOT NULL,
  `fullname` varchar(300) COLLATE utf8_unicode_ci NOT NULL,
  `email` varchar(300) COLLATE utf8_unicode_ci NOT NULL,
  `mobile` varchar(15) COLLATE utf8_unicode_ci NOT NULL,
  `comment` text COLLATE utf8_unicode_ci NOT NULL,
  `created_at` timestamp NOT NULL DEFAULT current_timestamp(),
  `updated_at` timestamp NOT NULL DEFAULT '0000-00-00 00:00:00',
  `deleted_at` timestamp NULL DEFAULT NULL,
  PRIMARY KEY (`id`)
) ENGINE=InnoDB AUTO_INCREMENT=3 DEFAULT CHARSET=utf8 COLLATE=utf8_unicode_ci;
/*!40101 SET character_set_client = @saved_cs_client */;

--
-- Dumping data for table `advertisement_us`
--

LOCK TABLES `advertisement_us` WRITE;
/*!40000 ALTER TABLE `advertisement_us` DISABLE KEYS */;
INSERT INTO `advertisement_us` VALUES (1,'uploads/images/AdvertisementUs//F4k9AutgpskTGQKo6qrVtHAq0DCtuY1QJRDmyXul.jpeg','flayer','1flayer@hotail.com','56895652','Advertisement With Us1','2018-01-24 12:45:33','2018-02-13 14:32:52',NULL),(2,'uploads/images/AdvertisementUs//QApCY2vFcDyCVziHDngx3YqVrqDqFlGn12kA2cCf.jpeg','flayer App','2flayer@hotail.com','55505151','Advertisement With Us2','2018-01-24 12:46:04','2018-01-24 12:46:04',NULL);
/*!40000 ALTER TABLE `advertisement_us` ENABLE KEYS */;
UNLOCK TABLES;

--
-- Table structure for table `alerts`
--

DROP TABLE IF EXISTS `alerts`;
/*!40101 SET @saved_cs_client     = @@character_set_client */;
/*!40101 SET character_set_client = utf8 */;
CREATE TABLE `alerts` (
  `id` int(10) unsigned NOT NULL AUTO_INCREMENT,
  `object_id` int(10) unsigned NOT NULL,
  `title` varchar(255) CHARACTER SET utf8 NOT NULL,
  `content` varchar(255) CHARACTER SET utf8 NOT NULL,
  `type` tinyint(4) NOT NULL,
  `created_at` timestamp NULL DEFAULT NULL,
  `updated_at` timestamp NULL DEFAULT NULL,
  `deleted_at` timestamp NULL DEFAULT NULL,
  `user_id` int(10) unsigned NOT NULL,
  PRIMARY KEY (`id`)
) ENGINE=MyISAM AUTO_INCREMENT=545 DEFAULT CHARSET=latin1;
/*!40101 SET character_set_client = @saved_cs_client */;

--
-- Dumping data for table `alerts`
--

LOCK TABLES `alerts` WRITE;
/*!40000 ALTER TABLE `alerts` DISABLE KEYS */;
INSERT INTO `alerts` VALUES (1,118,'iMostafa','qqqqq',1,'2018-04-11 19:56:04','2018-04-11 19:56:04',NULL,70),(2,118,'iMostafa','hey',1,'2018-04-11 19:58:00','2018-04-11 19:58:00',NULL,70),(3,118,'iMostafa','hey',1,'2018-04-11 19:58:12','2018-04-11 19:58:12',NULL,70),(4,118,'iMostafa','fsuht',1,'2018-04-11 19:58:17','2018-04-11 19:58:17',NULL,70),(5,70,'Ahmed Ashraf','hff',1,'2018-04-11 19:58:53','2018-04-11 19:58:53',NULL,118),(6,70,'Ahmed Ashraf','Photo sent',1,'2018-04-11 19:59:16','2018-04-11 19:59:16',NULL,118),(7,118,'iMostafa','fv',1,'2018-04-11 20:00:52','2018-04-11 20:00:52',NULL,70),(8,118,'iMostafa','ow   I the app is w I and my husband and we',1,'2018-04-11 20:01:05','2018-04-11 20:01:05',NULL,70),(9,118,'iMostafa','I can not imagine a lot of good fun people in and can not find change to work the app time and time change and orw the ok time app and',1,'2018-04-11 20:01:16','2018-04-11 20:01:16',NULL,70),(10,118,'iMostafa','hello I don’t have any a good',1,'2018-04-11 20:08:03','2018-04-11 20:08:03',NULL,70),(11,118,'iMostafa','ggg',1,'2018-04-11 20:08:46','2018-04-11 20:08:46',NULL,70),(12,70,'Ahmed Ashraf','kgjfjfj',1,'2018-04-11 20:09:46','2018-04-11 20:09:46',NULL,118),(13,118,'iMostafa','mvzotsotsitsts',1,'2018-04-11 20:10:13','2018-04-11 20:10:13',NULL,70),(14,118,'iMostafa','سشبلسبيب',1,'2018-04-11 20:12:12','2018-04-11 20:12:12',NULL,70),(15,118,'iMostafa','تمام جهزتها',1,'2018-04-11 20:12:38','2018-04-11 20:12:38',NULL,70),(16,118,'iMostafa','ifztisitsogx',1,'2018-04-11 20:14:33','2018-04-11 20:14:33',NULL,70),(17,70,'Ahmed Ashraf','ااانلتىتر',1,'2018-04-11 20:18:27','2018-04-11 20:18:27',NULL,118),(18,118,'iMostafa','Photo sent',1,'2018-04-12 13:05:06','2018-04-12 13:05:06',NULL,70),(19,118,'iMostafa','ولنلملم',1,'2018-04-12 13:06:06','2018-04-12 13:06:06',NULL,70),(20,118,'iMostafa','اتمميمبكي',1,'2018-04-12 13:08:13','2018-04-12 13:08:13',NULL,70),(21,118,'iMostafa','Photo sent',1,'2018-04-12 13:08:40','2018-04-12 13:08:40',NULL,70),(22,118,'iMostafa','عغغغ',1,'2018-04-12 13:30:57','2018-04-12 13:30:57',NULL,70),(23,118,'iMostafa','hey',1,'2018-04-12 16:31:52','2018-04-12 16:31:52',NULL,57),(24,118,'iMostafa','how are you',1,'2018-04-12 16:33:44','2018-04-12 16:33:44',NULL,57),(25,118,'iMostafa','hii',1,'2018-04-12 16:35:08','2018-04-12 16:35:08',NULL,57),(26,118,'iMostafa','hhh',1,'2018-04-12 16:35:22','2018-04-12 16:35:22',NULL,121),(27,70,'Ahmed Ashraf','ok',1,'2018-04-12 19:15:41','2018-04-12 19:15:41',NULL,118),(28,70,'Ahmed Ashraf','ggg',1,'2018-04-12 19:16:58','2018-04-12 19:16:58',NULL,118),(29,70,'Ahmed Ashraf','hsh',1,'2018-04-12 19:17:21','2018-04-12 19:17:21',NULL,118),(30,70,'Ahmed Ashraf','cgdr',1,'2018-04-12 19:18:35','2018-04-12 19:18:35',NULL,118),(31,70,'Ahmed Ashraf','vgfd',1,'2018-04-12 19:19:33','2018-04-12 19:19:33',NULL,118),(32,70,'Ahmed Ashraf','fgg',1,'2018-04-12 19:19:40','2018-04-12 19:19:40',NULL,118),(33,118,'iMostafa','Photo sent',1,'2018-04-12 19:20:06','2018-04-12 19:20:06',NULL,118),(34,118,'iMostafa','hey',1,'2018-04-12 19:21:05','2018-04-12 19:21:05',NULL,118),(35,58,'Mostafa Testing','hi',1,'2018-04-12 19:24:03','2018-04-12 19:24:03',NULL,118),(36,58,'Mostafa Testing','hello',1,'2018-04-12 19:24:38','2018-04-12 19:24:38',NULL,57),(37,58,'Mostafa Testing','hey',1,'2018-04-12 19:30:59','2018-04-12 19:30:59',NULL,70),(38,58,'Mostafa Testing','fhjfhj',1,'2018-04-12 19:31:26','2018-04-12 19:31:26',NULL,70),(39,58,'Mostafa Testing','nfzjfzkf',1,'2018-04-12 19:31:56','2018-04-12 19:31:56',NULL,70),(40,58,'Mostafa Testing','hcjf',1,'2018-04-12 19:34:13','2018-04-12 19:34:13',NULL,70),(41,58,'Mostafa Testing','hcjf',1,'2018-04-12 19:34:15','2018-04-12 19:34:15',NULL,70),(42,70,'Ahmed Ashraf','hgg',1,'2018-04-12 19:34:27','2018-04-12 19:34:27',NULL,58),(43,70,'Ahmed Ashraf','ifuf',1,'2018-04-12 19:34:35','2018-04-12 19:34:35',NULL,58),(44,70,'Ahmed Ashraf','ggg',1,'2018-04-12 19:41:37','2018-04-12 19:41:37',NULL,58),(45,70,'Ahmed Ashraf','chch',1,'2018-04-12 19:59:29','2018-04-12 19:59:29',NULL,58),(46,70,'Ahmed Ashraf','iiiii',1,'2018-04-12 20:04:51','2018-04-12 20:04:51',NULL,58),(47,70,'Ahmed Ashraf','cxxxd',1,'2018-04-12 20:04:58','2018-04-12 20:04:58',NULL,58),(48,70,'Ahmed Ashraf','gufu',1,'2018-04-12 20:10:41','2018-04-12 20:10:41',NULL,58),(49,70,'Ahmed Ashraf','ucuc',1,'2018-04-12 20:13:09','2018-04-12 20:13:09',NULL,58),(50,70,'Ahmed Ashraf','bivu',1,'2018-04-12 20:13:23','2018-04-12 20:13:23',NULL,58),(51,70,'Ahmed Ashraf','jfjfhf',1,'2018-04-12 20:17:37','2018-04-12 20:17:37',NULL,58),(52,70,'Ahmed Ashraf','hxgx',1,'2018-04-12 20:17:56','2018-04-12 20:17:56',NULL,58),(53,70,'Ahmed Ashraf','dhfhf',1,'2018-04-12 20:23:27','2018-04-12 20:23:27',NULL,58),(54,70,'Ahmed Ashraf','jdhd',1,'2018-04-12 20:24:12','2018-04-12 20:24:12',NULL,58),(55,70,'Ahmed Ashraf','ggg',1,'2018-04-12 20:32:55','2018-04-12 20:32:55',NULL,58),(56,70,'Ahmed Ashraf','mhdmgxmgx',1,'2018-04-12 20:34:09','2018-04-12 20:34:09',NULL,58),(57,58,'Mostafa Testing','hey',1,'2018-04-12 20:44:14','2018-04-12 20:44:14',NULL,58),(58,58,'Mostafa Testing','hey',1,'2018-04-12 20:46:35','2018-04-12 20:46:35',NULL,58),(59,58,'Mostafa Testing','hey',1,'2018-04-12 20:50:04','2018-04-12 20:50:04',NULL,58),(60,58,'Mostafa Testing','hey',1,'2018-04-12 20:53:57','2018-04-12 20:53:57',NULL,58),(61,58,'Mostafa Testing','hey',1,'2018-04-12 20:56:38','2018-04-12 20:56:38',NULL,58),(62,70,'Ahmed Ashraf','hgg',1,'2018-04-15 03:30:44','2018-04-15 03:30:44',NULL,118),(63,70,'Ahmed Ashraf','Photo sent',1,'2018-04-15 03:30:57','2018-04-15 03:30:57',NULL,118),(64,70,'Ahmed Ashraf','Photo sent',1,'2018-04-15 03:45:23','2018-04-15 03:45:23',NULL,118),(65,134,'tarik test tarik test','hiii',1,'2018-04-18 18:31:00','2018-04-18 18:31:00',NULL,133),(66,134,'tarik test tarik test','Photo sent',1,'2018-04-18 18:31:17','2018-04-18 18:31:17',NULL,133),(67,134,'tarik test','hi',1,'2018-04-19 15:37:16','2018-04-19 15:37:16',NULL,133),(68,134,'tarik test','hii',1,'2018-04-19 15:37:28','2018-04-19 15:37:28',NULL,133),(69,134,'tarik test','hii',1,'2018-04-19 15:37:28','2018-04-19 15:37:28',NULL,133),(70,133,'Tarik','طارق',1,'2018-04-19 15:37:57','2018-04-19 15:37:57',NULL,134),(71,134,'tarik test','test',1,'2018-04-19 15:38:25','2018-04-19 15:38:25',NULL,133),(72,70,'Ahmed Ashraf','http://expo.hexalab.co/public/en/login',1,'2018-04-19 19:39:18','2018-04-19 19:39:18',NULL,133),(73,70,'Ahmed Ashraf','http://expo.hexalab.co/public/en/login',1,'2018-04-19 19:40:50','2018-04-19 19:40:50',NULL,133),(74,70,'Ahmed Ashraf','http://expo.hexalab.co/public/en/login',1,'2018-04-19 19:41:41','2018-04-19 19:41:41',NULL,133),(75,70,'Ahmed Ashraf','hi',1,'2018-04-19 19:49:18','2018-04-19 19:49:18',NULL,133),(76,70,'Ahmed Ashraf','ok',1,'2018-04-19 19:49:34','2018-04-19 19:49:34',NULL,133),(77,133,'Tarik','fgg',1,'2018-04-19 19:50:15','2018-04-19 19:50:15',NULL,70),(78,133,'Tarik','fg',1,'2018-04-19 19:50:42','2018-04-19 19:50:42',NULL,70),(79,70,'Ahmed Ashraf','Photo sent',1,'2018-04-19 19:51:11','2018-04-19 19:51:11',NULL,133),(80,70,'Ahmed Ashraf','Photo sent',1,'2018-04-19 19:51:57','2018-04-19 19:51:57',NULL,133),(81,133,'Tarik','Photo sent',1,'2018-04-19 19:51:58','2018-04-19 19:51:58',NULL,70),(82,70,'Ahmed Ashraf','http://expo.hexalab.co/public/en/login',2,'2018-04-19 19:58:34','2018-04-19 19:58:34',NULL,133),(83,70,'Ahmed Ashraf','http://expo.hexalab.co/public/en/login',2,'2018-04-19 20:01:49','2018-04-19 20:01:49',NULL,133),(84,70,'Ahmed Ashraf','http://expo.hexalab.co/public/en/login',2,'2018-04-19 20:02:43','2018-04-19 20:02:43',NULL,133),(85,70,'Ahmed Ashraf','http://expo.hexalab.co/public/en/login',2,'2018-04-19 20:04:33','2018-04-19 20:04:33',NULL,133),(86,70,'Ahmed Ashraf','http://expo.hexalab.co/public/en/login',2,'2018-04-19 20:05:24','2018-04-19 20:05:24',NULL,133),(87,70,'Ahmed Ashraf','http://expo.hexalab.co/public/en/login',2,'2018-04-19 20:07:34','2018-04-19 20:07:34',NULL,133),(88,70,'Ahmed Ashraf','http://expo.hexalab.co/public/en/login',2,'2018-04-19 20:09:11','2018-04-19 20:09:11',NULL,133),(89,70,'Ahmed Ashraf','http://expo.hexalab.co/public/en/login',2,'2018-04-19 20:13:11','2018-04-19 20:13:11',NULL,133),(90,70,'Ahmed Ashraf','http://expo.hexalab.co/public/en/login',2,'2018-04-19 20:14:36','2018-04-19 20:14:36',NULL,133),(91,70,'Ahmed Ashraf','http://expo.hexalab.co/public/en/login',2,'2018-04-19 20:18:19','2018-04-19 20:18:19',NULL,133),(92,70,'Ahmed Ashraf','http://expo.hexalab.co/public/en/login',2,'2018-04-19 20:24:53','2018-04-19 20:24:53',NULL,133),(93,70,'Ahmed Ashraf','ةىى',1,'2018-04-19 20:25:19','2018-04-19 20:25:19',NULL,133),(94,70,'Ahmed Ashraf','نىنى',1,'2018-04-19 20:26:03','2018-04-19 20:26:03',NULL,133),(95,70,'Ahmed Ashraf','ناا',1,'2018-04-19 20:26:38','2018-04-19 20:26:38',NULL,133),(96,70,'Ahmed Ashraf','http://expo.hexalab.co/public/en/login',2,'2018-04-19 20:27:02','2018-04-19 20:27:02',NULL,133),(97,70,'Ahmed Ashraf','http://expo.hexalab.co/public/en/login',2,'2018-04-19 20:28:29','2018-04-19 20:28:29',NULL,133),(98,149,'iMostafa Sh','http://expo.hexalab.co/public/en/login',2,'2018-04-22 14:06:05','2018-04-22 14:06:05',NULL,133),(99,149,'iMostafa Sh','http://expo.hexalab.co/public/en/login',2,'2018-04-22 14:06:05','2018-04-22 14:06:05',NULL,135),(100,70,'Ahmed Ashraf','http://expo.hexalab.co/public/en/login',2,'2018-04-24 21:46:53','2018-04-24 21:46:53',NULL,57),(101,70,'Ahmed Ashraf','ت',1,'2018-05-04 03:18:47','2018-05-04 03:18:47',NULL,135),(102,70,'Ahmed Ashraf','ىنى',1,'2018-05-06 18:18:15','2018-05-06 18:18:15',NULL,57),(103,70,'Ahmed Ashraf','تلبات',1,'2018-05-06 18:18:36','2018-05-06 18:18:36',NULL,57),(104,70,'Ahmed Ashraf','Photo sent',1,'2018-05-09 05:39:19','2018-05-09 05:39:19',NULL,135),(105,132,'Hexa man','hiiii',1,'2018-05-09 17:36:01','2018-05-09 17:36:01',NULL,132),(106,132,'Hexa man','Photo sent',1,'2018-05-09 17:36:11','2018-05-09 17:36:11',NULL,132),(107,132,'Hexa man','hiii',1,'2018-05-09 17:37:08','2018-05-09 17:37:08',NULL,132),(108,132,'Hexa man','hi',1,'2018-05-09 17:40:05','2018-05-09 17:40:05',NULL,132),(109,132,'Hexa man','http://expo.hexalab.co/public/en/login',2,'2018-05-09 18:58:32','2018-05-09 18:58:32',NULL,57),(110,132,'Hexa man','hii',1,'2018-05-09 19:02:22','2018-05-09 19:02:22',NULL,132),(111,163,'Tarik','http://expo.hexalab.co/public/en/login',2,'2018-05-14 16:20:39','2018-05-14 16:20:39',NULL,135),(112,184,'emad moniem','hi',1,'2018-06-04 15:38:27','2018-06-04 15:38:27',NULL,188),(113,184,'emad moniem','hi',1,'2018-06-04 15:38:27','2018-06-04 15:38:27',NULL,188),(114,188,'deema','hi',1,'2018-06-04 15:38:52','2018-06-04 15:38:52',NULL,184),(115,184,'emad moniem','hi',1,'2018-06-04 15:39:02','2018-06-04 15:39:02',NULL,188),(116,192,'iMostafa Pro','hi',1,'2018-06-04 15:44:05','2018-06-04 15:44:05',NULL,188),(117,188,'deema','test',1,'2018-06-04 15:44:52','2018-06-04 15:44:52',NULL,192),(118,192,'iMostafa Pro','hi',1,'2018-06-04 15:45:27','2018-06-04 15:45:27',NULL,188),(119,188,'deema','hi',1,'2018-06-04 15:45:42','2018-06-04 15:45:42',NULL,192),(120,192,'iMostafa Pro','ىنىن',1,'2018-06-04 16:00:54','2018-06-04 16:00:54',NULL,188),(121,188,'deema','dshhg',1,'2018-06-04 16:01:10','2018-06-04 16:01:10',NULL,192),(122,192,'iMostafa Pro','ggg',1,'2018-06-04 16:03:38','2018-06-04 16:03:38',NULL,188),(123,188,'deema','fgg',1,'2018-06-04 16:04:13','2018-06-04 16:04:13',NULL,192),(124,188,'deema','chchc',1,'2018-06-04 16:04:45','2018-06-04 16:04:45',NULL,192),(125,192,'iMostafa Pro','jff',1,'2018-06-04 16:09:34','2018-06-04 16:09:34',NULL,188),(126,188,'deema','hfy',1,'2018-06-04 16:12:37','2018-06-04 16:12:37',NULL,192),(127,188,'deema','vjvj',1,'2018-06-04 16:13:01','2018-06-04 16:13:01',NULL,192),(128,192,'iMostafa Pro','vucuc',1,'2018-06-04 16:17:14','2018-06-04 16:17:14',NULL,188),(129,192,'iMostafa Pro','ibb',1,'2018-06-04 16:17:59','2018-06-04 16:17:59',NULL,188),(130,192,'iMostafa Pro','bibib',1,'2018-06-04 16:19:43','2018-06-04 16:19:43',NULL,188),(131,192,'iMostafa Pro','vjcu',1,'2018-06-04 16:20:16','2018-06-04 16:20:16',NULL,188),(132,192,'iMostafa Pro','vjvj',1,'2018-06-04 16:23:01','2018-06-04 16:23:01',NULL,188),(133,192,'iMostafa Pro','kbkbo',1,'2018-06-04 16:23:19','2018-06-04 16:23:19',NULL,188),(134,192,'iMostafa Pro','cyyfuf',1,'2018-06-04 16:27:04','2018-06-04 16:27:04',NULL,188),(135,188,'deema','vsvdh',1,'2018-06-04 16:30:26','2018-06-04 16:30:26',NULL,192),(136,188,'deema','ndhs',1,'2018-06-04 16:30:43','2018-06-04 16:30:43',NULL,192),(137,192,'iMostafa Pro','vhvhv',1,'2018-06-04 16:30:59','2018-06-04 16:30:59',NULL,188),(138,192,'iMostafa Pro','vuvi',1,'2018-06-04 16:31:14','2018-06-04 16:31:14',NULL,188),(139,192,'iMostafa Pro','bub',1,'2018-06-04 16:33:24','2018-06-04 16:33:24',NULL,188),(140,192,'iMostafa Pro','jv',1,'2018-06-04 16:33:57','2018-06-04 16:33:57',NULL,188),(141,192,'iMostafa Pro','ubuv',1,'2018-06-04 16:38:56','2018-06-04 16:38:56',NULL,188),(142,192,'iMostafa Pro','uvuvuv',1,'2018-06-04 16:39:15','2018-06-04 16:39:15',NULL,188),(143,192,'iMostafa Pro','cjcjc',1,'2018-06-04 16:40:54','2018-06-04 16:40:54',NULL,188),(144,192,'iMostafa Pro','jcjf',1,'2018-06-04 16:41:29','2018-06-04 16:41:29',NULL,188),(145,192,'iMostafa Pro','cjc',1,'2018-06-04 16:48:22','2018-06-04 16:48:22',NULL,188),(146,192,'iMostafa Pro','ydu',1,'2018-06-04 16:48:36','2018-06-04 16:48:36',NULL,188),(147,192,'iMostafa Pro','cjc',1,'2018-06-04 16:48:41','2018-06-04 16:48:41',NULL,188),(148,192,'iMostafa Pro','chxhc',1,'2018-06-04 16:49:01','2018-06-04 16:49:01',NULL,188),(149,192,'iMostafa Pro','ufufi',1,'2018-06-04 16:53:26','2018-06-04 16:53:26',NULL,188),(150,192,'iMostafa Pro','xx',1,'2018-06-04 16:53:43','2018-06-04 16:53:43',NULL,188),(151,188,'deema','وهوهة',1,'2018-06-04 16:56:54','2018-06-04 16:56:54',NULL,192),(152,188,'deema','ون ن',1,'2018-06-04 16:57:05','2018-06-04 16:57:05',NULL,192),(153,192,'iMostafa Pro','vjvc',1,'2018-06-04 17:51:08','2018-06-04 17:51:08',NULL,188),(154,192,'iMostafa Pro','hh',1,'2018-06-04 17:52:00','2018-06-04 17:52:00',NULL,188),(155,192,'iMostafa Pro','xbx',1,'2018-06-04 17:52:51','2018-06-04 17:52:51',NULL,188),(156,192,'iMostafa Pro','cjc',1,'2018-06-04 17:53:29','2018-06-04 17:53:29',NULL,188),(157,192,'iMostafa Pro','chd',1,'2018-06-04 17:53:41','2018-06-04 17:53:41',NULL,188),(158,192,'iMostafa Pro','dhdh',1,'2018-06-04 18:03:29','2018-06-04 18:03:29',NULL,188),(159,192,'iMostafa Pro','vjvuv',1,'2018-06-04 18:36:00','2018-06-04 18:36:00',NULL,188),(160,192,'iMostafa Pro','hcuc',1,'2018-06-04 18:42:10','2018-06-04 18:42:10',NULL,188),(161,192,'iMostafa Pro','fuc',1,'2018-06-04 18:42:58','2018-06-04 18:42:58',NULL,188),(162,192,'iMostafa Pro','http://expo.hexalab.co/public/en/login',2,'2018-06-04 18:54:36','2018-06-04 18:54:36',NULL,188),(163,192,'iMostafa Pro','http://expo.hexalab.co/public/en/login',2,'2018-06-04 19:11:49','2018-06-04 19:11:49',NULL,188),(164,192,'iMostafa Pro','fcv',1,'2018-06-04 19:12:23','2018-06-04 19:12:23',NULL,188),(165,188,'deema','hi',1,'2018-06-04 19:13:14','2018-06-04 19:13:14',NULL,192),(166,192,'iMostafa Pro','chc',1,'2018-06-04 19:13:40','2018-06-04 19:13:40',NULL,188),(167,192,'iMostafa Pro','hxhx',1,'2018-06-04 19:18:08','2018-06-04 19:18:08',NULL,188),(168,192,'iMostafa Pro','hfxy',1,'2018-06-04 19:18:19','2018-06-04 19:18:19',NULL,188),(169,188,'deema','hi',1,'2018-06-04 19:18:47','2018-06-04 19:18:47',NULL,192),(170,192,'iMostafa Pro','vjvj',1,'2018-06-04 19:31:02','2018-06-04 19:31:02',NULL,188),(171,192,'iMostafa Pro','cucu',1,'2018-06-04 19:31:22','2018-06-04 19:31:22',NULL,188),(172,188,'deema','uvuvu',1,'2018-06-04 19:32:08','2018-06-04 19:32:08',NULL,192),(173,192,'iMostafa Pro','cjjcjc',1,'2018-06-04 19:39:38','2018-06-04 19:39:38',NULL,188),(174,192,'iMostafa Pro','fufuf',1,'2018-06-04 19:41:15','2018-06-04 19:41:15',NULL,188),(175,188,'deema','عةعة',1,'2018-06-04 19:41:37','2018-06-04 19:41:37',NULL,192),(176,192,'iMostafa Pro','dycy',1,'2018-06-04 19:41:47','2018-06-04 19:41:47',NULL,188),(177,192,'iMostafa Pro','http://expo.hexalab.co/public/en/login',2,'2018-06-04 19:42:18','2018-06-04 19:42:18',NULL,188),(178,192,'iMostafa Pro','vjcjch',1,'2018-06-04 19:44:58','2018-06-04 19:44:58',NULL,188),(179,192,'iMostafa Pro','http://expo.hexalab.co/public/en/login',2,'2018-06-04 19:46:11','2018-06-04 19:46:11',NULL,188),(180,192,'iMostafa Pro','http://expo.hexalab.co/public/en/login',2,'2018-06-04 19:49:27','2018-06-04 19:49:27',NULL,188),(181,192,'iMostafa Pro','http://expo.hexalab.co/public/en/login',2,'2018-06-04 19:52:14','2018-06-04 19:52:14',NULL,188),(182,192,'iMostafa Pro','ncjch',1,'2018-06-04 19:52:30','2018-06-04 19:52:30',NULL,188),(183,188,'deema','Photo sent',1,'2018-06-04 19:52:54','2018-06-04 19:52:54',NULL,192),(184,188,'deema','Photo sent',1,'2018-06-04 19:53:17','2018-06-04 19:53:17',NULL,192),(185,192,'iMostafa Pro','ggggg',1,'2018-06-04 19:55:56','2018-06-04 19:55:56',NULL,188),(186,192,'iMostafa Pro','ggc',1,'2018-06-04 19:56:11','2018-06-04 19:56:11',NULL,188),(187,188,'deema','uuu',1,'2018-06-04 19:56:28','2018-06-04 19:56:28',NULL,192),(188,188,'deema','Photo sent',1,'2018-06-04 19:59:09','2018-06-04 19:59:09',NULL,192),(189,192,'iMostafa Pro','kchchc',1,'2018-06-04 20:00:46','2018-06-04 20:00:46',NULL,188),(190,188,'deema','hgf',1,'2018-06-04 20:01:00','2018-06-04 20:01:00',NULL,192),(191,188,'deema','u',1,'2018-06-04 20:01:11','2018-06-04 20:01:11',NULL,192),(192,188,'deema','u',1,'2018-06-04 20:01:11','2018-06-04 20:01:11',NULL,192),(193,188,'deema','u',1,'2018-06-04 20:01:11','2018-06-04 20:01:11',NULL,192),(194,188,'deema','u',1,'2018-06-04 20:01:12','2018-06-04 20:01:12',NULL,192),(195,188,'deema','u',1,'2018-06-04 20:01:12','2018-06-04 20:01:12',NULL,192),(196,188,'deema','hey',1,'2018-06-04 20:01:22','2018-06-04 20:01:22',NULL,192),(197,188,'deema','ffh',1,'2018-06-04 20:01:33','2018-06-04 20:01:33',NULL,192),(198,188,'deema','j',1,'2018-06-04 20:01:34','2018-06-04 20:01:34',NULL,192),(199,188,'deema','hhjk',1,'2018-06-04 20:01:41','2018-06-04 20:01:41',NULL,192),(200,188,'deema','hey',1,'2018-06-04 20:01:48','2018-06-04 20:01:48',NULL,192),(201,188,'deema','Photo sent',1,'2018-06-04 20:02:03','2018-06-04 20:02:03',NULL,192),(202,188,'deema','hgf',1,'2018-06-04 20:02:05','2018-06-04 20:02:05',NULL,192),(203,188,'deema','hi',1,'2018-06-04 20:02:56','2018-06-04 20:02:56',NULL,192),(204,188,'deema','gi',1,'2018-06-04 20:03:15','2018-06-04 20:03:15',NULL,192),(205,188,'deema','hey',1,'2018-06-04 20:03:19','2018-06-04 20:03:19',NULL,192),(206,188,'deema','hi',1,'2018-06-04 20:05:39','2018-06-04 20:05:39',NULL,192),(207,188,'deema','hey',1,'2018-06-04 20:05:47','2018-06-04 20:05:47',NULL,192),(208,188,'deema','hey',1,'2018-06-04 20:05:47','2018-06-04 20:05:47',NULL,192),(209,188,'deema','hey',1,'2018-06-04 20:06:49','2018-06-04 20:06:49',NULL,192),(210,188,'deema','iui',1,'2018-06-04 20:06:57','2018-06-04 20:06:57',NULL,192),(211,188,'deema','fndj',1,'2018-06-04 20:07:14','2018-06-04 20:07:14',NULL,192),(212,188,'deema','h',1,'2018-06-04 20:11:31','2018-06-04 20:11:31',NULL,192),(213,188,'deema','h',1,'2018-06-04 20:11:31','2018-06-04 20:11:31',NULL,192),(214,188,'deema','h',1,'2018-06-04 20:11:32','2018-06-04 20:11:32',NULL,192),(215,188,'deema','h',1,'2018-06-04 20:11:33','2018-06-04 20:11:33',NULL,192),(216,188,'deema','h',1,'2018-06-04 20:11:33','2018-06-04 20:11:33',NULL,192),(217,188,'deema','h',1,'2018-06-04 20:11:34','2018-06-04 20:11:34',NULL,192),(218,188,'deema','h',1,'2018-06-04 20:11:34','2018-06-04 20:11:34',NULL,192),(219,188,'deema','h',1,'2018-06-04 20:11:36','2018-06-04 20:11:36',NULL,192),(220,188,'deema','hffj',1,'2018-06-04 20:11:38','2018-06-04 20:11:38',NULL,192),(221,188,'deema','hii',1,'2018-06-04 20:11:43','2018-06-04 20:11:43',NULL,192),(222,188,'deema','hii',1,'2018-06-04 20:11:46','2018-06-04 20:11:46',NULL,192),(223,188,'deema','hii',1,'2018-06-04 20:11:48','2018-06-04 20:11:48',NULL,192),(224,192,'iMostafa Pro','وصلك',1,'2018-06-04 20:12:26','2018-06-04 20:12:26',NULL,188),(225,192,'iMostafa Pro','وصلك',1,'2018-06-04 20:12:38','2018-06-04 20:12:38',NULL,188),(226,192,'iMostafa Pro','ىنى',1,'2018-06-04 20:13:04','2018-06-04 20:13:04',NULL,188),(227,188,'deema','fch',1,'2018-06-04 20:14:49','2018-06-04 20:14:49',NULL,192),(228,188,'deema','hxfjf',1,'2018-06-04 20:15:01','2018-06-04 20:15:01',NULL,192),(229,188,'deema','ggggsh',1,'2018-06-04 20:15:42','2018-06-04 20:15:42',NULL,192),(230,188,'deema','ggggsh',1,'2018-06-04 20:15:42','2018-06-04 20:15:42',NULL,192),(231,188,'deema','ggggsh',1,'2018-06-04 20:15:43','2018-06-04 20:15:43',NULL,192),(232,188,'deema','fc',1,'2018-06-04 20:16:09','2018-06-04 20:16:09',NULL,192),(233,188,'deema','fc',1,'2018-06-04 20:16:09','2018-06-04 20:16:09',NULL,192),(234,192,'iMostafa Pro','ىنرن',1,'2018-06-04 20:16:45','2018-06-04 20:16:45',NULL,188),(235,188,'deema','ufud',1,'2018-06-04 20:16:58','2018-06-04 20:16:58',NULL,192),(236,188,'deema','cgg',1,'2018-06-04 20:18:31','2018-06-04 20:18:31',NULL,192),(237,188,'deema','cgg',1,'2018-06-04 20:18:55','2018-06-04 20:18:55',NULL,192),(238,188,'deema','fhd',1,'2018-06-04 20:18:55','2018-06-04 20:18:55',NULL,192),(239,188,'deema','fff',1,'2018-06-04 20:19:22','2018-06-04 20:19:22',NULL,192),(240,192,'iMostafa Pro','ت ترا',1,'2018-06-04 20:19:30','2018-06-04 20:19:30',NULL,188),(241,192,'iMostafa Pro','http://expo.hexalab.co/public/en/login',2,'2018-06-04 20:19:56','2018-06-04 20:19:56',NULL,188),(242,188,'deema','g',1,'2018-06-04 20:20:24','2018-06-04 20:20:24',NULL,192),(243,188,'deema','fhh',1,'2018-06-04 20:20:33','2018-06-04 20:20:33',NULL,192),(244,192,'iMostafa Pro','http://expo.hexalab.co/public/en/login',2,'2018-06-04 20:24:42','2018-06-04 20:24:42',NULL,188),(245,192,'iMostafa Pro','http://expo.hexalab.co/public/en/login',2,'2018-06-04 20:26:04','2018-06-04 20:26:04',NULL,188),(246,188,'deema','test',1,'2018-06-18 16:54:33','2018-06-18 16:54:33',NULL,188),(247,193,'emad line@','test by emad',1,'2018-06-18 16:57:13','2018-06-18 16:57:13',NULL,188),(248,193,'emad line@','hi',1,'2018-06-18 16:59:08','2018-06-18 16:59:08',NULL,188),(249,188,'deema','hi',1,'2018-06-18 16:59:15','2018-06-18 16:59:15',NULL,188),(250,193,'emad line@','عيد فطرسعيد',1,'2018-06-18 17:07:06','2018-06-18 17:07:06',NULL,188),(251,193,'emad line@','اهلا',1,'2018-06-18 17:10:13','2018-06-18 17:10:13',NULL,169),(252,188,'deema','aaaaa',1,'2018-06-18 18:06:13','2018-06-18 18:06:13',NULL,193),(253,188,'deema','ssssss',1,'2018-06-18 18:06:52','2018-06-18 18:06:52',NULL,19),(254,188,'deema','ssssss',1,'2018-06-18 18:07:00','2018-06-18 18:07:00',NULL,192),(255,188,'deema','ssssss',1,'2018-06-18 18:13:39','2018-06-18 18:13:39',NULL,192),(256,188,'deema','ssssss',1,'2018-06-18 18:19:39','2018-06-18 18:19:39',NULL,192),(257,188,'deema','ssssss',1,'2018-06-18 18:23:40','2018-06-18 18:23:40',NULL,192),(258,188,'deema','ssssss',1,'2018-06-18 18:25:05','2018-06-18 18:25:05',NULL,192),(259,188,'deema','aaaaa',1,'2018-06-18 18:25:36','2018-06-18 18:25:36',NULL,193),(260,193,'emad line@','test by emad user',1,'2018-06-18 18:27:52','2018-06-18 18:27:52',NULL,188),(261,193,'emad line@','test by android tarik',1,'2018-06-18 18:30:41','2018-06-18 18:30:41',NULL,188),(262,188,'deema line','test again',1,'2018-06-18 18:31:03','2018-06-18 18:31:03',NULL,193),(263,188,'deema line','???',1,'2018-06-18 18:31:37','2018-06-18 18:31:37',NULL,193),(264,193,'emad line@','final',1,'2018-06-18 18:35:25','2018-06-18 18:35:25',NULL,188),(265,188,'deema line','replay',1,'2018-06-18 18:36:12','2018-06-18 18:36:12',NULL,193),(266,193,'emad line@','emad!!!',1,'2018-06-18 18:56:40','2018-06-18 18:56:40',NULL,188),(267,193,'emad line@','send email',1,'2018-06-18 18:58:09','2018-06-18 18:58:09',NULL,188),(268,188,'deema line','res',1,'2018-06-18 18:58:46','2018-06-18 18:58:46',NULL,193),(269,188,'deema line','Photo sent',1,'2018-06-18 18:59:04','2018-06-18 18:59:04',NULL,193),(270,188,'deema line','aaaaa',1,'2018-06-18 19:01:50','2018-06-18 19:01:50',NULL,193),(271,188,'deema line','aaaaa',1,'2018-06-18 19:07:04','2018-06-18 19:07:04',NULL,188),(272,188,'deema line','aaaaa',1,'2018-06-18 19:08:02','2018-06-18 19:08:02',NULL,188),(273,188,'deema line','aaaaa',1,'2018-06-18 19:10:29','2018-06-18 19:10:29',NULL,188),(274,193,'emad line@','??',1,'2018-06-18 19:11:35','2018-06-18 19:11:35',NULL,188),(275,193,'emad line@','new msg',1,'2018-06-18 19:40:39','2018-06-18 19:40:39',NULL,188),(276,188,'deema line','fff',1,'2018-06-18 19:40:49','2018-06-18 19:40:49',NULL,193),(277,188,'deema line','aaaaa',1,'2018-06-18 19:43:02','2018-06-18 19:43:02',NULL,188),(278,188,'deema line','aaaaa',1,'2018-06-18 19:43:50','2018-06-18 19:43:50',NULL,193),(279,188,'deema line','aaaaa',1,'2018-06-18 19:44:43','2018-06-18 19:44:43',NULL,193),(280,188,'deema line','aaaaa',1,'2018-06-18 19:45:23','2018-06-18 19:45:23',NULL,193),(281,188,'deema line','aaaaa',1,'2018-06-18 19:45:36','2018-06-18 19:45:36',NULL,193),(282,188,'deema line','fff',1,'2018-06-18 19:47:49','2018-06-18 19:47:49',NULL,193),(283,188,'deema line','fff',1,'2018-06-18 19:47:51','2018-06-18 19:47:51',NULL,193),(284,188,'deema line','fff',1,'2018-06-18 19:48:03','2018-06-18 19:48:03',NULL,193),(285,193,'emad line@','aaaaa',1,'2018-06-18 19:48:28','2018-06-18 19:48:28',NULL,188),(286,188,'deema line','aaaa',1,'2018-06-18 19:49:18','2018-06-18 19:49:18',NULL,193),(287,188,'deema line','dfffc',1,'2018-06-18 19:49:45','2018-06-18 19:49:45',NULL,193),(288,188,'deema line','gggggg',1,'2018-06-18 19:50:25','2018-06-18 19:50:25',NULL,193),(289,193,'emad line@','welcome',1,'2018-06-18 19:50:29','2018-06-18 19:50:29',NULL,188),(290,188,'deema line','ddcd',1,'2018-06-18 19:50:37','2018-06-18 19:50:37',NULL,193),(291,188,'deema line','dddd',1,'2018-06-18 19:50:59','2018-06-18 19:50:59',NULL,193),(292,188,'deema line','test',1,'2018-06-18 19:52:54','2018-06-18 19:52:54',NULL,193),(293,193,'emad line@','http://expo.hexalab.co/public/en/login',2,'2018-06-18 19:53:21','2018-06-18 19:53:21',NULL,188),(294,193,'emad line@','hi',1,'2018-06-18 19:57:30','2018-06-18 19:57:30',NULL,188),(295,188,'deema line','hi',1,'2018-06-18 19:57:41','2018-06-18 19:57:41',NULL,188),(296,188,'deema line','hi',1,'2018-06-18 19:57:42','2018-06-18 19:57:42',NULL,188),(297,188,'deema line','hi',1,'2018-06-18 19:57:50','2018-06-18 19:57:50',NULL,188),(298,188,'deema line','hi',1,'2018-06-18 19:58:01','2018-06-18 19:58:01',NULL,192),(299,188,'deema line','hi',1,'2018-06-18 19:58:09','2018-06-18 19:58:09',NULL,193),(300,193,'emad line@','ggh',1,'2018-06-19 12:32:24','2018-06-19 12:32:24',NULL,188),(301,193,'emad line@','ggh',1,'2018-06-19 12:32:33','2018-06-19 12:32:33',NULL,188),(302,193,'emad line@','ggh',1,'2018-06-19 12:32:58','2018-06-19 12:32:58',NULL,188),(303,188,'deema line','ىتىت',1,'2018-06-19 12:33:25','2018-06-19 12:33:25',NULL,193),(304,188,'deema line','اا',1,'2018-06-19 12:33:36','2018-06-19 12:33:36',NULL,193),(305,193,'emad line@','ااا',1,'2018-06-19 12:35:59','2018-06-19 12:35:59',NULL,188),(306,188,'deema line','gch',1,'2018-06-19 12:36:08','2018-06-19 12:36:08',NULL,193),(307,188,'deema line','cucu',1,'2018-06-19 12:36:34','2018-06-19 12:36:34',NULL,193),(308,193,'emad line@','http://expo.hexalab.co/public/en/login',2,'2018-06-19 12:42:40','2018-06-19 12:42:40',NULL,188),(309,193,'emad line@','٧اهةةه',1,'2018-06-19 12:43:27','2018-06-19 12:43:27',NULL,188),(310,188,'deema line','hi',1,'2018-06-21 13:00:04','2018-06-21 13:00:04',NULL,188),(311,188,'deema line','hi',1,'2018-06-21 13:00:05','2018-06-21 13:00:05',NULL,188),(312,185,'fgfgchg gugghg','http://expo.hexalab.co/public/en/login',2,'2018-06-26 02:44:35','2018-06-26 02:44:35',NULL,57),(313,185,'fgfgchg gugghg','http://expo.hexalab.co/public/en/login',2,'2018-06-26 02:44:35','2018-06-26 02:44:35',NULL,188),(314,194,'mauzouq alazemi','http://expo.hexalab.co/public/en/login',2,'2018-06-26 13:52:56','2018-06-26 13:52:56',NULL,188),(315,195,'iOS Developer','hi',1,'2018-06-26 14:07:02','2018-06-26 14:07:02',NULL,188),(316,194,'mauzouq alazemi','http://expo.hexalab.co/public/en/login',2,'2018-06-26 14:59:08','2018-06-26 14:59:08',NULL,57),(317,194,'mauzouq alazemi','http://expo.hexalab.co/public/en/login',2,'2018-06-26 14:59:08','2018-06-26 14:59:08',NULL,135),(318,194,'mauzouq alazemi','اتاا',1,'2018-06-27 13:25:45','2018-06-27 13:25:45',NULL,169),(319,194,'mauzouq alazemi','اتاا',1,'2018-06-27 13:25:45','2018-06-27 13:25:45',NULL,169),(320,194,'mauzouq alazemi','اتاا',1,'2018-06-27 13:25:45','2018-06-27 13:25:45',NULL,169),(321,194,'mauzouq alazemi','اتاا',1,'2018-06-27 13:25:46','2018-06-27 13:25:46',NULL,169),(322,194,'mauzouq alazemi','http://expo.hexalab.co/public/en/login',2,'2018-06-27 13:28:41','2018-06-27 13:28:41',NULL,188),(323,194,'mauzouq alazemi','ghg',1,'2018-06-27 13:30:02','2018-06-27 13:30:02',NULL,167),(324,194,'mauzouq alazemi','ghg',1,'2018-06-27 13:30:03','2018-06-27 13:30:03',NULL,167),(325,194,'mauzouq alazemi','hi',1,'2018-06-27 13:30:06','2018-06-27 13:30:06',NULL,167),(326,194,'mauzouq alazemi','hi',1,'2018-06-27 13:30:14','2018-06-27 13:30:14',NULL,188),(327,194,'mauzouq alazemi','xbdhd',1,'2018-06-27 13:30:17','2018-06-27 13:30:17',NULL,188),(328,194,'mauzouq alazemi','xbdhd',1,'2018-06-27 13:30:18','2018-06-27 13:30:18',NULL,188),(329,194,'mauzouq alazemi','xbdhd',1,'2018-06-27 13:30:18','2018-06-27 13:30:18',NULL,188),(330,194,'mauzouq alazemi','xbdhd',1,'2018-06-27 13:30:18','2018-06-27 13:30:18',NULL,188),(331,194,'mauzouq alazemi','hi',1,'2018-06-27 13:30:28','2018-06-27 13:30:28',NULL,135),(332,174,'fhvfgg vbvcc','http://expo.hexalab.co/public/en/login',2,'2018-06-27 14:01:49','2018-06-27 14:01:49',NULL,57),(333,194,'mauzouq alazemi','http://expo.hexalab.co/public/en/login',2,'2018-06-27 14:15:12','2018-06-27 14:15:12',NULL,188),(334,185,'fgfgchg gugghg','http://expo.hexalab.co/public/en/login',2,'2018-06-27 14:50:47','2018-06-27 14:50:47',NULL,135),(335,185,'fgfgchg gugghg','http://expo.hexalab.co/public/en/login',2,'2018-06-27 14:51:21','2018-06-27 14:51:21',NULL,57),(336,194,'mauzouq alazemi','hi',1,'2018-06-27 15:49:32','2018-06-27 15:49:32',NULL,198),(337,194,'mauzouq alazemi','http://expo.hexalab.co/public/en/login',2,'2018-06-27 15:50:33','2018-06-27 15:50:33',NULL,133),(338,194,'mauzouq alazemi','http://expo.hexalab.co/public/en/login',2,'2018-07-09 20:57:25','2018-07-09 20:57:25',NULL,133),(339,194,'mauzouq alazemi','http://expo.hexalab.co/public/en/login',2,'2018-07-17 07:00:18','2018-07-17 07:00:18',NULL,57),(340,195,'iOS Developer','http://expo.hexalab.co/public/en/login',2,'2018-07-18 17:38:03','2018-07-18 17:38:03',NULL,57),(341,201,'ch hgg','http://expo.hexalab.co/public/en/login',2,'2018-07-19 13:09:44','2018-07-19 13:09:44',NULL,57),(342,185,'fgfgchg gugghg','http://expo.hexalab.co/public/en/login',2,'2018-07-21 07:26:43','2018-07-21 07:26:43',NULL,57),(343,202,'iMostafa Sh','hi',1,'2018-07-29 14:15:12','2018-07-29 14:15:12',NULL,133),(344,202,'iMostafa Sh','hello',1,'2018-07-29 14:15:19','2018-07-29 14:15:19',NULL,133),(345,70,'Ahmed Ashraf','السلام عليكم',1,'2018-07-29 16:01:16','2018-07-29 16:01:16',NULL,188),(346,70,'Ahmed Ashraf','لنل',1,'2018-07-29 16:09:50','2018-07-29 16:09:50',NULL,169),(347,70,'Ahmed Ashraf','نىنى',1,'2018-07-29 16:10:14','2018-07-29 16:10:14',NULL,188),(348,70,'Ahmed Ashraf','نلنل',1,'2018-07-29 16:11:07','2018-07-29 16:11:07',NULL,169),(349,70,'Ahmed Ashraf','نىن',1,'2018-07-29 16:12:11','2018-07-29 16:12:11',NULL,168),(350,70,'Ahmed Ashraf','ةتىت',1,'2018-07-29 16:13:02','2018-07-29 16:13:02',NULL,167),(351,70,'Ahmed Ashraf','زىزى',1,'2018-07-29 16:16:59','2018-07-29 16:16:59',NULL,188),(352,70,'Ahmed Ashraf','مرحب',1,'2018-07-29 16:19:44','2018-07-29 16:19:44',NULL,188),(353,202,'iMostafa Sh','hi',1,'2018-07-29 16:23:06','2018-07-29 16:23:06',NULL,57),(354,206,'me me','hi',1,'2018-07-31 14:18:35','2018-07-31 14:18:35',NULL,188),(355,206,'me me','hi',1,'2018-07-31 14:18:39','2018-07-31 14:18:39',NULL,188),(356,206,'me me','yes',1,'2018-07-31 14:18:44','2018-07-31 14:18:44',NULL,188),(357,206,'me me','yes',1,'2018-07-31 14:18:45','2018-07-31 14:18:45',NULL,188),(358,206,'me me','yes',1,'2018-07-31 14:18:45','2018-07-31 14:18:45',NULL,188),(359,206,'me me','hey',1,'2018-07-31 14:18:47','2018-07-31 14:18:47',NULL,188),(360,206,'me me','deema',1,'2018-07-31 14:18:55','2018-07-31 14:18:55',NULL,188),(361,206,'me me','yessss',1,'2018-07-31 14:19:01','2018-07-31 14:19:01',NULL,188),(362,206,'me me','yessss',1,'2018-07-31 14:19:03','2018-07-31 14:19:03',NULL,188),(363,206,'me me','hhhhhh',1,'2018-07-31 14:19:15','2018-07-31 14:19:15',NULL,188),(364,208,'blah','ubuvu',1,'2018-08-02 16:15:24','2018-08-02 16:15:24',NULL,57),(365,208,'blah','Photo sent',1,'2018-08-02 16:15:41','2018-08-02 16:15:41',NULL,57),(366,208,'blah','hnfd',1,'2018-08-02 16:32:27','2018-08-02 16:32:27',NULL,57),(367,208,'blah','gnk',1,'2018-08-02 16:32:33','2018-08-02 16:32:33',NULL,57),(368,208,'blah','gg',1,'2018-08-02 16:47:06','2018-08-02 16:47:06',NULL,133),(369,208,'blah','ffh',1,'2018-08-02 16:48:12','2018-08-02 16:48:12',NULL,133),(370,185,'fgfgchg gugghg','http://expo.hexalab.co/public/en/login',2,'2018-08-04 04:51:43','2018-08-04 04:51:43',NULL,188),(371,171,'fhgc fhvc','http://expo.hexalab.co/public/en/login',2,'2018-08-08 03:24:44','2018-08-08 03:24:44',NULL,133),(372,238,'emad hexa','http://expo.hexalab.co/public/en/login',2,'2019-01-09 20:57:05','2019-01-09 20:57:05',NULL,237),(373,238,'emad hexa','http://expo.hexalab.co/public/en/login',2,'2019-01-09 22:33:33','2019-01-09 22:33:33',NULL,237),(374,194,'mauzouq alazemi','http://expo.hexalab.co/public/en/login',2,'2019-02-10 04:53:50','2019-02-10 04:53:50',NULL,241),(375,194,'mauzouq alazemi','http://expo.hexalab.co/public/en/login',2,'2019-02-10 04:53:50','2019-02-10 04:53:50',NULL,243),(376,194,'mauzouq alazemi','http://expo.hexalab.co/public/en/login',2,'2019-02-10 04:56:26','2019-02-10 04:56:26',NULL,240),(377,215,'qqushsja iii','http://expo.hexalab.co/public/en/login',2,'2019-02-19 14:58:16','2019-02-19 14:58:16',NULL,243),(378,246,'emad mm','http://myexpo.shop/en/login',2,'2019-02-21 14:52:34','2019-02-21 14:52:34',NULL,243),(379,238,'emad hexa','http://myexpo.shop/en/login',2,'2019-02-25 18:21:15','2019-02-25 18:21:15',NULL,243),(380,249,'and and','hi',1,'2019-02-25 19:21:40','2019-02-25 19:21:40',NULL,249),(381,249,'and and','http://myexpo.shop/en/login',2,'2019-02-25 19:23:39','2019-02-25 19:23:39',NULL,243),(382,249,'and and','السلام عليكم',1,'2019-02-25 19:28:52','2019-02-25 19:28:52',NULL,243),(383,249,'and and','Photo sent',1,'2019-02-25 19:32:59','2019-02-25 19:32:59',NULL,243),(384,249,'and and','مرحل',1,'2019-02-25 19:36:38','2019-02-25 19:36:38',NULL,242),(385,248,'ramez adnan','http://myexpo.shop/en/login',2,'2019-02-25 19:41:38','2019-02-25 19:41:38',NULL,243),(386,249,'and and','http://myexpo.shop/en/login',2,'2019-02-25 19:42:34','2019-02-25 19:42:34',NULL,243),(387,249,'and and','السلام عليكم ورحمة الله وبركاته',1,'2019-02-25 20:04:02','2019-02-25 20:04:02',NULL,243),(388,249,'and and','Photo sent',1,'2019-02-25 20:04:46','2019-02-25 20:04:46',NULL,243),(389,249,'and and','اا',1,'2019-02-25 20:40:06','2019-02-25 20:40:06',NULL,243),(390,249,'and and','Photo sent',1,'2019-02-25 20:40:44','2019-02-25 20:40:44',NULL,243),(391,248,'ramez adnan','test',1,'2019-02-25 20:51:13','2019-02-25 20:51:13',NULL,243),(392,248,'ramez adnan','ramez',1,'2019-02-25 20:51:25','2019-02-25 20:51:25',NULL,243),(393,248,'ramez adnan','Photo sent',1,'2019-02-25 20:52:12','2019-02-25 20:52:12',NULL,243),(394,248,'ramez adnan','fvv',1,'2019-02-25 20:53:56','2019-02-25 20:53:56',NULL,243),(395,248,'ramez adnan','fvv',1,'2019-02-25 20:53:57','2019-02-25 20:53:57',NULL,243),(396,248,'ramez adnan','Photo sent',1,'2019-02-25 20:57:27','2019-02-25 20:57:27',NULL,243),(397,248,'ramez adnan','Photo sent',1,'2019-02-25 20:58:22','2019-02-25 20:58:22',NULL,243),(398,248,'ramez adnan','Photo sent',1,'2019-02-25 21:01:52','2019-02-25 21:01:52',NULL,243),(399,238,'emad hexa','http://myexpo.shop/en/login',2,'2019-02-26 14:18:49','2019-02-26 14:18:49',NULL,243),(400,238,'emad hexa','http://myexpo.shop/en/login',2,'2019-02-26 14:30:04','2019-02-26 14:30:04',NULL,241),(401,238,'emad hexa','http://myexpo.shop/en/login',2,'2019-02-26 14:30:04','2019-02-26 14:30:04',NULL,243),(402,238,'emad hexa','http://myexpo.shop/en/login',2,'2019-02-26 14:46:25','2019-02-26 14:46:25',NULL,243),(403,238,'emad hexa','http://myexpo.shop/en/login',2,'2019-02-26 18:10:42','2019-02-26 18:10:42',NULL,240),(404,238,'emad hexa','http://myexpo.shop/en/login',2,'2019-02-26 18:10:42','2019-02-26 18:10:42',NULL,243),(405,248,'ramez adnan','http://myexpo.shop/en/login',2,'2019-02-26 18:16:39','2019-02-26 18:16:39',NULL,243),(406,238,'emad hexa','http://myexpo.shop/en/login',2,'2019-02-26 18:25:50','2019-02-26 18:25:50',NULL,240),(407,238,'emad hexa','http://myexpo.shop/en/login',2,'2019-02-26 18:46:12','2019-02-26 18:46:12',NULL,243),(408,238,'emad hexa','http://myexpo.shop/en/login',2,'2019-02-26 18:51:08','2019-02-26 18:51:08',NULL,243),(409,238,'emad hexa','http://myexpo.shop/en/login',2,'2019-02-26 23:08:58','2019-02-26 23:08:58',NULL,243),(410,238,'emad hexa','http://myexpo.shop/en/login',2,'2019-02-26 23:10:18','2019-02-26 23:10:18',NULL,243),(411,238,'emad hexa','http://myexpo.shop/en/login',2,'2019-02-26 23:15:29','2019-02-26 23:15:29',NULL,243),(412,238,'emad hexa','http://myexpo.shop/en/login',2,'2019-02-26 23:21:24','2019-02-26 23:21:24',NULL,243),(413,238,'emad hexa','http://myexpo.shop/en/login',2,'2019-02-26 23:22:26','2019-02-26 23:22:26',NULL,243),(414,238,'emad hexa','http://myexpo.shop/en/login',2,'2019-02-26 23:27:24','2019-02-26 23:27:24',NULL,243),(415,238,'emad hexa','http://myexpo.shop/en/login',2,'2019-02-26 23:50:06','2019-02-26 23:50:06',NULL,243),(416,238,'emad hexa','http://myexpo.shop/en/login',2,'2019-02-27 00:11:49','2019-02-27 00:11:49',NULL,243),(417,238,'emad hexa','http://myexpo.shop/en/login',2,'2019-02-27 00:13:04','2019-02-27 00:13:04',NULL,243),(418,238,'emad hexa','http://myexpo.shop/en/login',2,'2019-02-27 00:21:10','2019-02-27 00:21:10',NULL,240),(419,238,'emad hexa','http://myexpo.shop/en/login',2,'2019-02-27 00:21:10','2019-02-27 00:21:10',NULL,243),(420,238,'emad hexa','http://myexpo.shop/en/login',2,'2019-02-27 00:29:07','2019-02-27 00:29:07',NULL,240),(421,238,'emad hexa','http://myexpo.shop/en/login',2,'2019-02-27 00:29:07','2019-02-27 00:29:07',NULL,243),(422,238,'emad hexa','http://myexpo.shop/en/login',2,'2019-02-27 00:32:30','2019-02-27 00:32:30',NULL,240),(423,238,'emad hexa','http://myexpo.shop/en/login',2,'2019-02-27 00:32:30','2019-02-27 00:32:30',NULL,243),(424,238,'emad hexa','http://myexpo.shop/en/login',2,'2019-02-27 00:47:53','2019-02-27 00:47:53',NULL,243),(425,238,'emad hexa','http://myexpo.shop/en/login',2,'2019-02-27 00:50:50','2019-02-27 00:50:50',NULL,240),(426,238,'emad hexa','http://myexpo.shop/en/login',2,'2019-02-27 00:55:25','2019-02-27 00:55:25',NULL,243),(427,238,'emad hexa','http://myexpo.shop/en/login',2,'2019-02-27 01:01:30','2019-02-27 01:01:30',NULL,240),(428,238,'emad hexa','http://myexpo.shop/en/login',2,'2019-02-27 01:01:30','2019-02-27 01:01:30',NULL,243),(429,238,'emad hexa','http://myexpo.shop/en/login',2,'2019-02-27 01:19:45','2019-02-27 01:19:45',NULL,240),(430,238,'emad hexa','http://myexpo.shop/en/login',2,'2019-02-27 01:19:45','2019-02-27 01:19:45',NULL,243),(431,238,'emad hexa','hi',1,'2019-02-27 01:44:20','2019-02-27 01:44:20',NULL,243),(432,238,'emad hexa','مساء الخير',1,'2019-02-27 02:42:25','2019-02-27 02:42:25',NULL,243),(433,238,'emad hexa','الحمد لله',1,'2019-02-27 18:54:41','2019-02-27 18:54:41',NULL,243),(434,238,'emad hexa','مرحبا',1,'2019-02-27 19:00:14','2019-02-27 19:00:14',NULL,238),(435,238,'emad hexa','كيفك',1,'2019-02-27 19:00:46','2019-02-27 19:00:46',NULL,243),(436,238,'emad hexa','تمام',1,'2019-02-27 19:01:02','2019-02-27 19:01:02',NULL,243),(437,238,'emad hexa','http://myexpo.shop/en/login',2,'2019-02-27 19:08:27','2019-02-27 19:08:27',NULL,243),(438,238,'emad hexa','http://myexpo.shop/en/login',2,'2019-02-27 19:08:56','2019-02-27 19:08:56',NULL,243),(439,243,'Nayomi','test',1,'2019-02-27 19:35:03','2019-02-27 19:35:03',NULL,238),(440,238,'emad hexa','hhhh',1,'2019-02-27 19:37:09','2019-02-27 19:37:09',NULL,243),(441,238,'emad hexa','test2',1,'2019-02-27 19:37:22','2019-02-27 19:37:22',NULL,243),(442,238,'emad hexa','gggg',1,'2019-02-27 19:38:17','2019-02-27 19:38:17',NULL,243),(443,238,'emad hexa','?',1,'2019-02-27 21:05:25','2019-02-27 21:05:25',NULL,240),(444,238,'emad hexa','?',1,'2019-02-27 21:05:27','2019-02-27 21:05:27',NULL,240),(445,238,'emad hexa','ggg',1,'2019-02-27 21:05:41','2019-02-27 21:05:41',NULL,243),(446,238,'emad hexa','hgt',1,'2019-02-27 21:05:52','2019-02-27 21:05:52',NULL,240),(447,238,'emad hexa','dyudu',1,'2019-02-27 21:07:45','2019-02-27 21:07:45',NULL,243),(448,238,'emad hexa','gjjgh',1,'2019-02-27 21:08:03','2019-02-27 21:08:03',NULL,240),(449,238,'emad hexa','السلام عليكم',1,'2019-02-27 21:10:57','2019-02-27 21:10:57',NULL,243),(450,238,'emad hexa','السلام عليكم',1,'2019-02-27 21:12:20','2019-02-27 21:12:20',NULL,240),(451,194,'mauzouq alazemi','http://myexpo.shop/en/login',2,'2019-03-05 08:57:43','2019-03-05 08:57:43',NULL,240),(452,194,'mauzouq alazemi','http://myexpo.shop/en/login',2,'2019-03-05 08:57:43','2019-03-05 08:57:43',NULL,253),(453,254,'jamal zeus','http://myexpo.shop/en/login',2,'2019-03-05 19:09:58','2019-03-05 19:09:58',NULL,240),(454,254,'jamal zeus','http://myexpo.shop/en/login',2,'2019-03-05 19:09:58','2019-03-05 19:09:58',NULL,253),(455,253,'الفتاه الجميله','http://myexpo.shop/en/login',2,'2019-03-05 19:31:04','2019-03-05 19:31:04',NULL,253),(456,255,'noor alsharee','http://myexpo.shop/en/login',2,'2019-03-20 23:53:01','2019-03-20 23:53:01',NULL,241),(457,238,'emad hexa','http://myexpo.shop/en/login',2,'2019-04-08 18:47:41','2019-04-08 18:47:41',NULL,243),(458,238,'emad hexa','مرحبا',1,'2019-04-08 22:08:18','2019-04-08 22:08:18',NULL,256),(459,238,'emad hexa','hgg',1,'2019-04-09 20:19:10','2019-04-09 20:19:10',NULL,243),(460,238,'emad hexa','hgg',1,'2019-04-09 20:19:11','2019-04-09 20:19:11',NULL,243),(461,238,'emad hexa','hgg',1,'2019-04-09 20:19:11','2019-04-09 20:19:11',NULL,243),(462,238,'emad hexa','h',1,'2019-04-09 20:19:17','2019-04-09 20:19:17',NULL,243),(463,238,'emad hexa','Photo sent',1,'2019-04-09 20:20:03','2019-04-09 20:20:03',NULL,243),(464,0,'mohammed','http://myexpo.shop/en/login',2,'2019-04-09 20:24:58','2019-04-09 20:24:58',NULL,243),(465,0,'mohammed','http://myexpo.shop/en/login',2,'2019-04-09 20:25:26','2019-04-09 20:25:26',NULL,243),(466,0,'mohammed','http://myexpo.shop/en/login',2,'2019-04-09 20:26:03','2019-04-09 20:26:03',NULL,243),(467,0,'mohammed','http://myexpo.shop/en/login',2,'2019-04-09 20:29:54','2019-04-09 20:29:54',NULL,243),(468,0,'mohammed','http://myexpo.shop/en/login',2,'2019-04-09 20:35:11','2019-04-09 20:35:11',NULL,243),(469,0,'mohammed','http://myexpo.shop/en/login',2,'2019-04-09 20:35:58','2019-04-09 20:35:58',NULL,243),(470,0,'mohammed','http://myexpo.shop/en/login',2,'2019-04-09 20:49:50','2019-04-09 20:49:50',NULL,243),(471,0,'mohammed','http://myexpo.shop/en/login',2,'2019-04-09 20:50:15','2019-04-09 20:50:15',NULL,243),(472,0,'mohammed','http://myexpo.shop/en/login',2,'2019-04-09 20:51:06','2019-04-09 20:51:06',NULL,243),(473,0,'nbbb','http://myexpo.shop/en/login',2,'2019-04-09 21:12:48','2019-04-09 21:12:48',NULL,243),(474,0,'rerere','http://myexpo.shop/en/login',2,'2019-04-09 21:53:44','2019-04-09 21:53:44',NULL,243),(475,0,'emad hexa','http://myexpo.shop/en/login',2,'2019-04-10 18:59:17','2019-04-10 18:59:17',NULL,243),(476,0,'ggg','http://myexpo.shop/en/login',2,'2019-04-10 20:11:47','2019-04-10 20:11:47',NULL,243),(477,0,'gggg','http://myexpo.shop/en/login',2,'2019-04-10 20:28:10','2019-04-10 20:28:10',NULL,243),(478,0,'hggg','http://myexpo.shop/en/login',2,'2019-04-10 20:35:05','2019-04-10 20:35:05',NULL,243),(479,0,'ggggf','http://myexpo.shop/en/login',2,'2019-04-10 20:39:11','2019-04-10 20:39:11',NULL,243),(480,0,'تبتب','http://myexpo.shop/en/login',2,'2019-04-10 21:37:28','2019-04-10 21:37:28',NULL,243),(481,0,'cycyc','http://myexpo.shop/en/login',2,'2019-04-10 22:16:51','2019-04-10 22:16:51',NULL,243),(482,0,'emad al hassani','http://myexpo.shop/en/login',2,'2019-04-10 22:50:46','2019-04-10 22:50:46',NULL,243),(483,0,'emad','http://myexpo.shop/en/login',2,'2019-04-11 18:23:56','2019-04-11 18:23:56',NULL,243),(484,238,'emad hexa','مرحبا',1,'2019-04-11 18:26:54','2019-04-11 18:26:54',NULL,243),(485,238,'emad hexa','Photo sent',1,'2019-04-11 18:45:41','2019-04-11 18:45:41',NULL,243),(486,0,'emad hexa','http://myexpo.shop/en/login',2,'2019-04-11 18:58:21','2019-04-11 18:58:21',NULL,243),(487,0,'emad hexa','http://myexpo.shop/en/login',2,'2019-04-11 19:04:39','2019-04-11 19:04:39',NULL,243),(488,238,'emad hexa','Photo sent',1,'2019-04-11 19:13:22','2019-04-11 19:13:22',NULL,243),(489,238,'emad hexa','Photo sent',1,'2019-04-11 19:14:37','2019-04-11 19:14:37',NULL,243),(490,238,'emad hexa','Photo sent',1,'2019-04-11 19:49:12','2019-04-11 19:49:12',NULL,243),(491,238,'emad hexa','Photo sent',1,'2019-04-11 20:04:18','2019-04-11 20:04:18',NULL,243),(492,238,'emad hexa','Photo sent',1,'2019-04-11 21:16:16','2019-04-11 21:16:16',NULL,243),(493,238,'emad hexa','Photo sent',1,'2019-04-11 21:24:26','2019-04-11 21:24:26',NULL,243),(494,238,'emad hexa','Photo sent',1,'2019-04-11 21:26:59','2019-04-11 21:26:59',NULL,243),(495,238,'emad hexa','Photo sent',1,'2019-04-11 21:31:16','2019-04-11 21:31:16',NULL,243),(496,238,'emad hexa','Photo sent',1,'2019-04-11 21:41:52','2019-04-11 21:41:52',NULL,243),(497,238,'emad hexa','Photo sent',1,'2019-04-11 21:43:00','2019-04-11 21:43:00',NULL,243),(498,238,'emad hexa','Photo sent',1,'2019-04-11 21:44:02','2019-04-11 21:44:02',NULL,243),(499,238,'emad hexa','Photo sent',1,'2019-04-11 21:46:08','2019-04-11 21:46:08',NULL,243),(500,238,'emad hexa','Photo sent',1,'2019-04-11 22:00:53','2019-04-11 22:00:53',NULL,243),(501,238,'emad hexa','Photo sent',1,'2019-04-11 22:01:26','2019-04-11 22:01:26',NULL,243),(502,238,'emad hexa','hgg',1,'2019-04-14 17:04:01','2019-04-14 17:04:01',NULL,240),(503,238,'emad hexa','Photo sent',1,'2019-04-14 17:07:50','2019-04-14 17:07:50',NULL,256),(504,238,'emad hexa','Photo sent',1,'2019-04-14 17:09:03','2019-04-14 17:09:03',NULL,256),(505,0,'ttt','http://myexpo.shop/en/login',2,'2019-04-15 20:34:06','2019-04-15 20:34:06',NULL,243),(506,0,'ttt','http://myexpo.shop/en/login',2,'2019-04-15 20:35:25','2019-04-15 20:35:25',NULL,243),(507,0,'emad hexa','http://myexpo.shop/en/login',2,'2019-04-15 20:38:19','2019-04-15 20:38:19',NULL,243),(508,0,'ggg','http://myexpo.shop/en/login',2,'2019-04-15 20:47:00','2019-04-15 20:47:00',NULL,243),(509,0,'hbbb','http://myexpo.shop/en/login',2,'2019-04-15 20:52:28','2019-04-15 20:52:28',NULL,243),(510,0,'hbbbb','http://myexpo.shop/en/login',2,'2019-04-15 20:59:34','2019-04-15 20:59:34',NULL,243),(511,0,'bvvv','http://myexpo.shop/en/login',2,'2019-04-15 21:06:21','2019-04-15 21:06:21',NULL,243),(512,0,'hgv','http://myexpo.shop/en/login',2,'2019-04-15 21:09:47','2019-04-15 21:09:47',NULL,243),(513,0,'bbbbb','http://myexpo.shop/en/login',2,'2019-04-15 21:13:36','2019-04-15 21:13:36',NULL,243),(514,0,'bvvvv','http://myexpo.shop/en/login',2,'2019-04-15 21:14:24','2019-04-15 21:14:24',NULL,243),(515,0,'hbvvv','http://myexpo.shop/en/login',2,'2019-04-15 21:15:45','2019-04-15 21:15:45',NULL,243),(516,0,'hhhhb','http://myexpo.shop/en/login',2,'2019-04-15 21:18:29','2019-04-15 21:18:29',NULL,243),(517,0,'hhh','http://myexpo.shop/en/login',2,'2019-04-15 21:27:53','2019-04-15 21:27:53',NULL,243),(518,0,'gggg','http://myexpo.shop/en/login',2,'2019-04-15 21:29:37','2019-04-15 21:29:37',NULL,243),(519,0,'hgvvv','http://myexpo.shop/en/login',2,'2019-04-15 21:32:44','2019-04-15 21:32:44',NULL,243),(520,0,'hgvv','http://myexpo.shop/en/login',2,'2019-04-15 21:33:59','2019-04-15 21:33:59',NULL,243),(521,254,'jamal zeus','Photo sent',1,'2019-04-15 21:52:49','2019-04-15 21:52:49',NULL,243),(522,269,'ali ali','Photo sent',1,'2019-04-15 22:48:23','2019-04-15 22:48:23',NULL,243),(523,0,'منى','http://myexpo.shop/en/login',2,'2019-05-07 16:39:46','2019-05-07 16:39:46',NULL,243),(524,0,'منى','http://myexpo.shop/en/login',2,'2019-05-07 16:39:46','2019-05-07 16:39:46',NULL,251),(525,259,'طبخ البيت','السلام عليكم ورحمه الله',1,'2019-05-15 19:50:41','2019-05-15 19:50:41',NULL,259),(526,259,'طبخ البيت','السلام عليكم ورحمه الله',1,'2019-05-15 19:50:42','2019-05-15 19:50:42',NULL,259),(527,274,'ابراهيم  العازمي','لبتنل',1,'2019-05-16 10:53:30','2019-05-16 10:53:30',NULL,243),(528,274,'ابراهيم  العازمي','لبتنل',1,'2019-05-16 10:53:31','2019-05-16 10:53:31',NULL,243),(529,194,'mauzouq alazemi','http://myexpo.shop/en/login',2,'2019-05-16 11:09:10','2019-05-16 11:09:10',NULL,243),(530,274,'ابراهيم  العازمي','http://myexpo.shop/en/login',2,'2019-05-16 13:42:19','2019-05-16 13:42:19',NULL,243),(531,274,'ابراهيم  العازمي','السلام عليكم',1,'2019-05-16 13:45:02','2019-05-16 13:45:02',NULL,251),(532,238,'emad hexa','http://myexpo.shop/en/login',2,'2019-05-16 19:56:49','2019-05-16 19:56:49',NULL,243),(533,274,'ابراهيم  العازمي','رددوا ز',1,'2019-05-17 06:33:16','2019-05-17 06:33:16',NULL,243),(534,274,'ابراهيم  العازمي','رددوا ز',1,'2019-05-17 06:33:16','2019-05-17 06:33:16',NULL,243),(535,274,'ابراهيم  العازمي','Photo sent',1,'2019-05-17 06:33:31','2019-05-17 06:33:31',NULL,243),(536,274,'ابراهيم  العازمي','السلام',1,'2019-05-17 06:38:33','2019-05-17 06:38:33',NULL,251),(537,274,'ابراهيم  العازمي','السلام',1,'2019-05-17 06:38:35','2019-05-17 06:38:35',NULL,251),(538,274,'ابراهيم  العازمي','http://myexpo.shop/en/login',2,'2019-05-17 06:48:21','2019-05-17 06:48:21',NULL,243),(539,274,'ابراهيم  العازمي','http://myexpo.shop/en/login',2,'2019-05-17 09:26:19','2019-05-17 09:26:19',NULL,243),(540,274,'ابراهيم  العازمي','http://myexpo.shop/en/login',2,'2019-05-17 15:10:50','2019-05-17 15:10:50',NULL,243),(541,274,'ابراهيم  العازمي','ghfhx',1,'2019-05-17 15:24:46','2019-05-17 15:24:46',NULL,251),(542,274,'ابراهيم  العازمي','bdgd',1,'2019-05-17 15:34:12','2019-05-17 15:34:12',NULL,256),(543,274,'ابراهيم  العازمي','bdgd',1,'2019-05-17 15:34:13','2019-05-17 15:34:13',NULL,256),(544,274,'ابراهيم  العازمي','http://myexpo.shop/en/login',2,'2019-05-19 05:02:59','2019-05-19 05:02:59',NULL,243);
/*!40000 ALTER TABLE `alerts` ENABLE KEYS */;
UNLOCK TABLES;

--
-- Table structure for table `calendar_event_translations`
--

DROP TABLE IF EXISTS `calendar_event_translations`;
/*!40101 SET @saved_cs_client     = @@character_set_client */;
/*!40101 SET character_set_client = utf8 */;
CREATE TABLE `calendar_event_translations` (
  `id` int(11) NOT NULL AUTO_INCREMENT,
  `calendar_event_id` int(11) NOT NULL,
  `locale` varchar(300) NOT NULL,
  `title` varchar(300) NOT NULL,
  `description` varchar(300) DEFAULT NULL,
  `created_at` timestamp NOT NULL DEFAULT current_timestamp(),
  `updated_at` timestamp NULL DEFAULT NULL,
  `deleted_at` timestamp NULL DEFAULT NULL,
  PRIMARY KEY (`id`)
) ENGINE=MyISAM AUTO_INCREMENT=33 DEFAULT CHARSET=utf8;
/*!40101 SET character_set_client = @saved_cs_client */;

--
-- Dumping data for table `calendar_event_translations`
--

LOCK TABLES `calendar_event_translations` WRITE;
/*!40000 ALTER TABLE `calendar_event_translations` DISABLE KEYS */;
INSERT INTO `calendar_event_translations` VALUES (1,1,'en','Fdsfdsf',NULL,'2018-03-12 11:02:03','2018-03-12 11:02:03',NULL),(2,1,'ar','Dsfsdfsdf',NULL,'2018-03-12 11:02:03','2018-03-12 11:02:03',NULL),(3,2,'en','Ttttttttttttttttttttt',NULL,'2018-03-12 11:19:51','2018-03-12 11:19:51',NULL),(4,2,'ar','Eeeeeeeeeeeee',NULL,'2018-03-12 11:19:51','2018-03-12 11:19:51',NULL),(5,3,'en','Grdgdfg',NULL,'2018-03-18 17:18:50','2018-03-18 17:18:50',NULL),(6,3,'ar','Fgdfgdfgdfggg',NULL,'2018-03-18 17:18:50','2018-03-18 17:18:50',NULL),(7,4,'en','Ffffffffff',NULL,'2018-04-02 13:07:20','2018-04-02 13:07:20',NULL),(8,4,'ar','Dddddddd',NULL,'2018-04-02 13:07:20','2018-04-02 13:07:20',NULL),(9,5,'en','ألوان',NULL,'2018-04-12 15:54:19','2018-04-12 15:54:19',NULL),(10,5,'ar','Color',NULL,'2018-04-12 15:54:19','2018-04-12 15:54:19',NULL),(11,6,'en','فيس بوك',NULL,'2018-04-12 15:55:02','2018-04-12 15:55:02',NULL),(12,6,'ar','Facebook',NULL,'2018-04-12 15:55:02','2018-04-12 15:55:02',NULL),(13,7,'en','En',NULL,'2018-04-15 01:11:41','2018-04-15 01:11:41',NULL),(14,7,'ar','Ar',NULL,'2018-04-15 01:11:41','2018-04-15 01:11:41',NULL),(15,8,'en','Social Media Influencers',NULL,'2018-05-20 05:17:51','2018-05-20 05:17:51',NULL),(16,8,'ar','Social Media Influencers',NULL,'2018-05-20 05:17:51','2018-05-20 05:17:51',NULL),(17,9,'en','Bazaar',NULL,'2019-01-03 15:37:33','2019-01-03 15:37:33',NULL),(18,9,'ar','بازار',NULL,'2019-01-03 15:37:33','2019-01-03 15:37:33',NULL),(19,10,'en','Event 2019',NULL,'2019-01-03 15:44:14','2019-01-03 15:44:14',NULL),(20,10,'ar','ايفينت 2019',NULL,'2019-01-03 15:44:14','2019-01-03 15:44:14',NULL),(21,11,'en','Event Expo 2019',NULL,'2019-01-03 15:56:38','2019-01-03 15:56:38',NULL),(22,11,'ar','ايفنت اكسبو',NULL,'2019-01-03 15:56:38','2019-01-03 15:56:38',NULL),(23,12,'en','Line Expo',NULL,'2019-01-08 14:54:18','2019-01-08 14:54:18',NULL),(24,12,'ar','لاين اكسبو',NULL,'2019-01-08 14:54:18','2019-01-08 14:54:18',NULL),(25,13,'en','Summer Festival Calendar',NULL,'2019-03-05 19:21:39','2019-03-05 19:24:13',NULL),(26,13,'ar','مهرجان الالوان الصيفيه يرحب بكم',NULL,'2019-03-05 19:21:39','2019-03-05 19:24:13',NULL),(27,14,'en','مهرجان الالوان الصيفيه يرحب بكم','Colors Season','2019-03-05 19:24:38','2019-04-09 18:22:30',NULL),(28,14,'ar','مهرجان الالوان الصيفيه يرحب بكم','مهرجان الالوان الصيفيه يرحب بكم','2019-03-05 19:24:38','2019-04-09 18:20:47',NULL),(29,15,'en','New Event','New Event Desc','2019-04-09 18:24:51','2019-04-09 18:24:51',NULL),(30,15,'ar','حدث جديد','وصف حدث جديد','2019-04-09 18:24:51','2019-04-09 18:24:51',NULL),(31,16,'en','P2BK','الكويت أو (رسمياً: دَوْلَةٌ الْكُوَيْت) هي دولة عربية تقع في الشرق الأوسط من جنوب غرب القارة الآسيوية، وتحديداً في الركن الشمالي الغربي للخليج العربي الذي يحدها من الشرق، حيث يحدها من الشمال والغرب جمهورية العراق ومن الجنوب المملكة العربية السعودية، وتبلغ مساحتها الإجمالية 17،818 كيلومتر مربع، في حي','2019-04-15 22:40:33','2019-04-15 22:44:20',NULL),(32,16,'ar','P2BK','الكويت أو (رسمياً: دَوْلَةٌ الْكُوَيْت) هي دولة عربية تقع في الشرق الأوسط من جنوب غرب القارة الآسيوية، وتحديداً في الركن الشمالي الغربي للخليج العربي الذي يحدها من الشرق، حيث يحدها من الشمال والغرب جمهورية العراق ومن الجنوب المملكة العربية السعودية، وتبلغ مساحتها الإجمالية 17،818 كيلومتر مربع، في حي','2019-04-15 22:40:33','2019-04-15 22:44:20',NULL);
/*!40000 ALTER TABLE `calendar_event_translations` ENABLE KEYS */;
UNLOCK TABLES;

--
-- Table structure for table `calendar_events`
--

DROP TABLE IF EXISTS `calendar_events`;
/*!40101 SET @saved_cs_client     = @@character_set_client */;
/*!40101 SET character_set_client = utf8 */;
CREATE TABLE `calendar_events` (
  `id` int(11) NOT NULL AUTO_INCREMENT,
  `status` enum('not_active','active') NOT NULL,
  `type` int(11) NOT NULL,
  `start_date` varchar(300) NOT NULL,
  `end_date` varchar(300) NOT NULL,
  `expo_id` int(11) NOT NULL,
  `order_by` int(11) NOT NULL,
  `createdBy` int(11) NOT NULL,
  `created_at` timestamp NOT NULL DEFAULT current_timestamp(),
  `updated_at` timestamp NULL DEFAULT NULL,
  `deleted_at` timestamp NULL DEFAULT NULL,
  PRIMARY KEY (`id`)
) ENGINE=MyISAM AUTO_INCREMENT=17 DEFAULT CHARSET=utf8;
/*!40101 SET character_set_client = @saved_cs_client */;

--
-- Dumping data for table `calendar_events`
--

LOCK TABLES `calendar_events` WRITE;
/*!40000 ALTER TABLE `calendar_events` DISABLE KEYS */;
INSERT INTO `calendar_events` VALUES (1,'active',2,'2018-03-31','2018-04-30',40,1,57,'2018-03-12 11:02:03','2018-04-12 15:53:11','2018-04-12 15:53:11'),(2,'active',1,'2018-03-31','2018-05-31',40,3,57,'2018-03-12 11:19:51','2018-04-12 15:53:11','2018-04-12 15:53:11'),(3,'active',1,'2018-03-31','2018-03-31',40,0,57,'2018-03-18 17:18:50','2018-04-12 15:53:11','2018-04-12 15:53:11'),(4,'not_active',1,'2018-04-24','2018-04-16',19,2,57,'2018-04-02 13:07:20','2018-04-12 15:53:11','2018-04-12 15:53:11'),(5,'active',1,'2018-05-11','2018-06-23',85,0,57,'2018-04-12 15:54:19','2018-05-06 14:15:39',NULL),(6,'active',2,'2018-05-03','2018-05-26',83,0,57,'2018-04-12 15:55:02','2019-01-03 15:45:23','2019-01-03 15:45:23'),(7,'active',2,'2018-05-26','2018-05-31',83,1,57,'2018-04-15 01:11:41','2018-05-03 15:42:30',NULL),(8,'active',1,'2018-06-28','2018-09-11',126,0,57,'2018-05-20 05:17:51','2018-09-02 16:10:45',NULL),(9,'active',1,'2019-01-04','2019-01-08',147,0,57,'2019-01-03 15:37:33','2019-01-03 15:45:10',NULL),(10,'active',1,'2019-01-03','2019-01-04',147,0,57,'2019-01-03 15:44:14','2019-01-03 15:45:12',NULL),(11,'active',1,'2019-01-03','2019-01-17',146,0,57,'2019-01-03 15:56:38','2019-01-03 15:56:49',NULL),(12,'active',1,'2019-02-16','2019-02-23',149,0,57,'2019-01-08 14:54:18','2019-02-07 15:46:18',NULL),(13,'active',1,'2019-03-05','2019-03-12',151,0,57,'2019-03-05 19:21:39','2019-03-05 19:22:03',NULL),(14,'active',2,'2019-03-05','2019-03-13',152,0,57,'2019-03-05 19:24:38','2019-04-09 18:30:35',NULL),(15,'active',1,'2019-04-09','2019-04-30',152,2,57,'2019-04-09 18:24:51','2019-04-09 18:59:34',NULL),(16,'active',1,'2019-04-23','2019-04-29',149,0,57,'2019-04-15 22:40:33','2019-04-15 22:41:26',NULL);
/*!40000 ALTER TABLE `calendar_events` ENABLE KEYS */;
UNLOCK TABLES;

--
-- Table structure for table `carts`
--

DROP TABLE IF EXISTS `carts`;
/*!40101 SET @saved_cs_client     = @@character_set_client */;
/*!40101 SET character_set_client = utf8 */;
CREATE TABLE `carts` (
  `id` int(11) NOT NULL AUTO_INCREMENT,
  `product_id` int(11) NOT NULL,
  `user_id` int(10) NOT NULL DEFAULT 0,
  `device_id` varchar(300) DEFAULT NULL,
  `expo_id` int(11) NOT NULL DEFAULT 1,
  `quantity` int(11) NOT NULL,
  `price` float NOT NULL,
  `size_id` int(11) NOT NULL,
  `size_type` tinyint(1) NOT NULL DEFAULT 1,
  `custom_size` varchar(300) CHARACTER SET utf8 COLLATE utf8_bin DEFAULT NULL,
  `color_id` int(11) NOT NULL,
  `material_id` int(11) NOT NULL,
  `total` float NOT NULL,
  `created_at` timestamp NOT NULL DEFAULT current_timestamp(),
  `updated_at` timestamp NULL DEFAULT NULL,
  `deleted_at` timestamp NULL DEFAULT NULL,
  PRIMARY KEY (`id`)
) ENGINE=MyISAM AUTO_INCREMENT=65 DEFAULT CHARSET=latin1;
/*!40101 SET character_set_client = @saved_cs_client */;

--
-- Dumping data for table `carts`
--

LOCK TABLES `carts` WRITE;
/*!40000 ALTER TABLE `carts` DISABLE KEYS */;
INSERT INTO `carts` VALUES (1,290,0,'F7648602-828B-4C78-AEEB-56A272DE74D9',152,1,150,4,3,'0,0,0,0,0,0',14,6,150,'2019-04-09 19:09:31','2019-04-09 21:12:48','2019-04-09 21:12:48'),(2,263,0,'353111083487080',152,1,10,1,1,NULL,1,3,10,'2019-04-09 19:18:56','2019-04-09 20:51:06','2019-04-09 20:51:06'),(3,264,0,'358240051111110',152,1,30,2,1,NULL,1,3,30,'2019-04-09 21:45:29','2019-04-09 21:47:58','2019-04-09 21:47:58'),(4,264,0,'358240051111110',152,1,30,2,1,NULL,1,3,30,'2019-04-09 21:52:52','2019-04-09 21:53:44','2019-04-09 21:53:44'),(5,333,0,'F7648602-828B-4C78-AEEB-56A272DE74D9',152,1,30,-1,0,'0,0,0,0,0,0',-1,-1,30,'2019-04-10 18:55:33','2019-04-10 18:55:33',NULL),(6,333,0,'F7648602-828B-4C78-AEEB-56A272DE74D9',152,1,30,-1,0,'0,0,0,0,0,0',-1,-1,30,'2019-04-10 18:55:36','2019-04-10 18:55:36',NULL),(7,333,0,'F7648602-828B-4C78-AEEB-56A272DE74D9',152,1,30,-1,0,'0,0,0,0,0,0',-1,-1,30,'2019-04-10 20:32:12','2019-04-10 20:32:12',NULL),(8,333,0,'F7648602-828B-4C78-AEEB-56A272DE74D9',152,1,30,-1,0,'0,0,0,0,0,0',-1,-1,30,'2019-04-10 20:42:59','2019-04-10 20:42:59',NULL),(9,333,0,'353111083487080',152,1,30,0,1,NULL,0,0,30,'2019-04-10 20:50:46','2019-04-11 19:04:31','2019-04-11 19:04:31'),(10,333,0,'353111083487080',152,1,30,0,1,NULL,0,0,30,'2019-04-10 21:36:59','2019-04-11 18:25:32','2019-04-11 18:25:32'),(11,333,0,'353111083487080',152,1,30,0,1,NULL,0,0,30,'2019-04-10 21:40:35','2019-04-11 18:25:54','2019-04-11 18:25:54'),(12,290,0,'353111083487080',152,1,150,0,1,NULL,0,0,150,'2019-04-10 22:10:59','2019-04-11 18:25:39','2019-04-11 18:25:39'),(13,263,0,'353111083487080',152,1,10,0,1,NULL,1,0,10,'2019-04-10 22:16:13','2019-04-11 18:25:44','2019-04-11 18:25:44'),(14,290,0,'353111083487080',152,1,150,0,1,NULL,0,6,150,'2019-04-10 22:16:21','2019-04-11 19:04:40','2019-04-11 19:04:40'),(15,335,0,'AE0C09CD-6FCE-45A1-B933-18A29DD22ED3',152,1,50,-1,0,'0,0,0,0,0,0',-1,-1,50,'2019-04-10 22:42:07','2019-04-10 22:50:47','2019-04-10 22:50:47'),(16,336,0,'AE0C09CD-6FCE-45A1-B933-18A29DD22ED3',152,1,105,5,0,'0,0,0,0,0,0',-1,3,105,'2019-04-11 03:37:17','2019-04-11 03:38:16','2019-04-11 03:38:16'),(17,336,0,'AE0C09CD-6FCE-45A1-B933-18A29DD22ED3',152,1,73.5,2,3,'0,0,0,0,0,0',3,3,73.5,'2019-04-11 03:39:17','2019-04-11 18:23:57','2019-04-11 18:23:57'),(18,333,0,'AE0C09CD-6FCE-45A1-B933-18A29DD22ED3',152,2,30,-1,0,'0,0,0,0,0,0',-1,-1,60,'2019-04-11 14:11:02','2019-04-11 18:23:57','2019-04-11 18:23:57'),(19,336,0,'F7648602-828B-4C78-AEEB-56A272DE74D9',152,1,180,5,0,'0,0,0,0,0,0',-1,3,180,'2019-04-11 15:31:17','2019-04-11 15:31:17',NULL),(20,336,0,'AE0C09CD-6FCE-45A1-B933-18A29DD22ED3',152,1,180,5,0,'0,0,0,0,0,0',-1,3,180,'2019-04-11 18:58:03','2019-04-11 18:58:22','2019-04-11 18:58:22'),(21,335,0,'AE0C09CD-6FCE-45A1-B933-18A29DD22ED3',152,1,50,-1,0,'0,0,0,0,0,0',-1,-1,50,'2019-04-11 18:58:08','2019-04-11 18:58:22','2019-04-11 18:58:22'),(22,336,0,'F7648602-828B-4C78-AEEB-56A272DE74D9',152,1,180,5,0,'0,0,0,0,0,0',-1,3,180,'2019-04-11 19:43:59','2019-04-11 19:43:59',NULL),(23,336,0,'F7648602-828B-4C78-AEEB-56A272DE74D9',152,1,180,5,3,'0,0,0,0,0,0',0,3,180,'2019-04-11 20:14:36','2019-04-11 20:14:36',NULL),(24,336,0,'AE0C09CD-6FCE-45A1-B933-18A29DD22ED3',152,2,180,5,3,'0,0,0,0,0,0',0,3,360,'2019-04-15 20:33:43','2019-04-15 20:34:07','2019-04-15 20:34:07'),(25,335,0,'AE0C09CD-6FCE-45A1-B933-18A29DD22ED3',152,1,50,-1,0,'0,0,0,0,0,0',-1,-1,50,'2019-04-15 20:34:36','2019-04-15 20:35:25','2019-04-15 20:35:25'),(26,336,0,'AE0C09CD-6FCE-45A1-B933-18A29DD22ED3',152,1,180,5,0,'0,0,0,0,0,0',-1,3,180,'2019-04-15 20:34:47','2019-04-15 20:35:25','2019-04-15 20:35:25'),(27,335,0,'AE0C09CD-6FCE-45A1-B933-18A29DD22ED3',152,1,50,-1,0,'0,0,0,0,0,0',-1,-1,50,'2019-04-15 20:36:03','2019-04-15 20:47:00','2019-04-15 20:47:00'),(28,336,0,'353111083487080',152,1,180,0,1,NULL,0,0,180,'2019-04-15 20:37:42','2019-04-15 20:38:19','2019-04-15 20:38:19'),(29,335,0,'AE0C09CD-6FCE-45A1-B933-18A29DD22ED3',152,1,50,-1,0,'0,0,0,0,0,0',-1,-1,50,'2019-04-15 20:48:18','2019-04-15 20:52:29','2019-04-15 20:52:29'),(30,335,0,'AE0C09CD-6FCE-45A1-B933-18A29DD22ED3',152,1,50,-1,0,'0,0,0,0,0,0',-1,-1,50,'2019-04-15 20:48:26','2019-04-15 20:52:29','2019-04-15 20:52:29'),(31,335,0,'AE0C09CD-6FCE-45A1-B933-18A29DD22ED3',152,1,50,-1,0,'0,0,0,0,0,0',-1,-1,50,'2019-04-15 20:51:49','2019-04-15 20:52:29','2019-04-15 20:52:29'),(32,336,0,'AE0C09CD-6FCE-45A1-B933-18A29DD22ED3',152,1,180,5,0,'0,0,0,0,0,0',-1,3,180,'2019-04-15 20:58:32','2019-04-15 20:59:35','2019-04-15 20:59:35'),(33,335,0,'AE0C09CD-6FCE-45A1-B933-18A29DD22ED3',152,1,50,-1,0,'0,0,0,0,0,0',-1,-1,50,'2019-04-15 20:59:05','2019-04-15 20:59:35','2019-04-15 20:59:35'),(34,335,0,'AE0C09CD-6FCE-45A1-B933-18A29DD22ED3',152,1,50,-1,0,'0,0,0,0,0,0',-1,-1,50,'2019-04-15 21:04:06','2019-04-15 21:06:22','2019-04-15 21:06:22'),(35,335,0,'AE0C09CD-6FCE-45A1-B933-18A29DD22ED3',152,1,50,-1,0,'0,0,0,0,0,0',-1,-1,50,'2019-04-15 21:05:54','2019-04-15 21:06:22','2019-04-15 21:06:22'),(36,335,0,'AE0C09CD-6FCE-45A1-B933-18A29DD22ED3',152,1,50,-1,0,'0,0,0,0,0,0',-1,-1,50,'2019-04-15 21:09:25','2019-04-15 21:09:47','2019-04-15 21:09:47'),(37,335,0,'AE0C09CD-6FCE-45A1-B933-18A29DD22ED3',152,1,50,-1,0,'0,0,0,0,0,0',-1,-1,50,'2019-04-15 21:13:11','2019-04-15 21:13:36','2019-04-15 21:13:36'),(38,335,0,'AE0C09CD-6FCE-45A1-B933-18A29DD22ED3',152,1,50,-1,0,'0,0,0,0,0,0',-1,-1,50,'2019-04-15 21:13:54','2019-04-15 21:14:24','2019-04-15 21:14:24'),(39,335,0,'AE0C09CD-6FCE-45A1-B933-18A29DD22ED3',152,1,50,-1,0,'0,0,0,0,0,0',-1,-1,50,'2019-04-15 21:15:29','2019-04-15 21:15:46','2019-04-15 21:15:46'),(40,335,0,'AE0C09CD-6FCE-45A1-B933-18A29DD22ED3',152,1,50,-1,0,'0,0,0,0,0,0',-1,-1,50,'2019-04-15 21:18:00','2019-04-15 21:18:30','2019-04-15 21:18:30'),(41,335,0,'354359084709452',152,1,50,0,1,NULL,0,0,50,'2019-04-15 21:25:52','2019-04-16 21:46:32','2019-04-16 21:46:32'),(42,335,0,'AE0C09CD-6FCE-45A1-B933-18A29DD22ED3',152,1,50,-1,0,'0,0,0,0,0,0',-1,-1,50,'2019-04-15 21:27:35','2019-04-15 21:27:53','2019-04-15 21:27:53'),(43,335,0,'AE0C09CD-6FCE-45A1-B933-18A29DD22ED3',152,1,50,-1,0,'0,0,0,0,0,0',-1,-1,50,'2019-04-15 21:28:16','2019-04-15 21:29:37','2019-04-15 21:29:37'),(44,335,0,'AE0C09CD-6FCE-45A1-B933-18A29DD22ED3',152,1,50,-1,0,'0,0,0,0,0,0',-1,-1,50,'2019-04-15 21:32:17','2019-04-15 21:32:44','2019-04-15 21:32:44'),(45,335,0,'AE0C09CD-6FCE-45A1-B933-18A29DD22ED3',152,1,50,-1,0,'0,0,0,0,0,0',-1,-1,50,'2019-04-15 21:33:37','2019-04-15 21:33:59','2019-04-15 21:33:59'),(46,336,0,'354359084709452',152,1,180,0,1,NULL,0,0,180,'2019-04-15 22:26:01','2019-04-16 21:46:32','2019-04-16 21:46:32'),(47,290,0,'354359084709452',152,1,150,0,1,NULL,0,0,150,'2019-04-15 22:28:12','2019-04-16 21:46:32','2019-04-16 21:46:32'),(48,335,0,'96B0D0F5-F9E6-4E17-8709-5C40898E9D0C',152,1,50,-1,0,'0,0,0,0,0,0',-1,-1,50,'2019-04-27 04:09:50','2019-05-07 16:39:47','2019-05-07 16:39:47'),(49,336,0,'12345678902468',152,2,180,0,1,NULL,0,0,360,'2019-04-27 13:48:30','2019-04-27 13:54:33','2019-04-27 13:54:33'),(50,335,0,'FA445D45-6E72-413A-9A2F-5CBF9B4DA8FE',152,6,50,-1,0,'0,0,0,0,0,0',-1,-1,300,'2019-04-27 22:21:10','2019-04-27 22:21:10',NULL),(51,346,0,'96B0D0F5-F9E6-4E17-8709-5C40898E9D0C',155,1,10,-1,0,'0,0,0,0,0,0',1,-1,10,'2019-05-05 19:40:21','2019-05-07 16:39:47','2019-05-07 16:39:47'),(52,336,0,'96B0D0F5-F9E6-4E17-8709-5C40898E9D0C',152,1,180,5,0,'0,0,0,0,0,0',-1,3,180,'2019-05-07 16:38:47','2019-05-07 16:39:47','2019-05-07 16:39:47'),(53,336,0,'96B0D0F5-F9E6-4E17-8709-5C40898E9D0C',152,1,180,5,0,'0,0,0,0,0,0',-1,3,180,'2019-05-07 16:39:10','2019-05-07 16:39:47','2019-05-07 16:39:47'),(54,333,0,'E186ECF4-B5EC-4D81-830E-F0A1784E6A5A',152,1,30,-1,0,'0,0,0,0,0,0',-1,-1,30,'2019-05-16 10:25:05','2019-05-16 13:42:20','2019-05-16 13:42:20'),(55,335,0,'E186ECF4-B5EC-4D81-830E-F0A1784E6A5A',152,1,50,-1,0,'0,0,0,0,0,0',-1,-1,50,'2019-05-16 10:25:11','2019-05-16 13:42:20','2019-05-16 13:42:20'),(56,336,0,'96B0D0F5-F9E6-4E17-8709-5C40898E9D0C',152,1,180,5,0,'0,0,0,0,0,0',-1,3,180,'2019-05-16 11:08:36','2019-05-16 11:09:11','2019-05-16 11:09:11'),(57,336,0,'96B0D0F5-F9E6-4E17-8709-5C40898E9D0C',152,1,180,5,0,'0,0,0,0,0,0',-1,3,180,'2019-05-16 11:08:43','2019-05-16 11:09:11','2019-05-16 11:09:11'),(58,349,0,'DAC127DC-C0E5-4BD0-BC20-873904960176',152,2,100,-1,0,'0,0,0,0,0,0',-1,-1,200,'2019-05-16 19:56:23','2019-05-16 19:56:50','2019-05-16 19:56:50'),(59,336,0,'E186ECF4-B5EC-4D81-830E-F0A1784E6A5A',152,1,180,5,0,'0,0,0,0,0,0',-1,3,180,'2019-05-17 06:32:14','2019-05-17 06:48:21','2019-05-17 06:48:21'),(60,264,0,'E186ECF4-B5EC-4D81-830E-F0A1784E6A5A',152,1,30,2,0,'0,0,0,0,0,0',1,3,30,'2019-05-17 06:47:46','2019-05-17 06:48:21','2019-05-17 06:48:21'),(61,333,0,'E186ECF4-B5EC-4D81-830E-F0A1784E6A5A',152,1,30,-1,0,'0,0,0,0,0,0',-1,-1,30,'2019-05-17 09:26:04','2019-05-17 09:26:20','2019-05-17 09:26:20'),(62,336,0,'E186ECF4-B5EC-4D81-830E-F0A1784E6A5A',152,1,180,2,3,'0,0,0,0,0,0',0,3,180,'2019-05-17 14:19:10','2019-05-17 15:10:51','2019-05-17 15:10:51'),(63,333,0,'E186ECF4-B5EC-4D81-830E-F0A1784E6A5A',152,1,30,-1,0,'0,0,0,0,0,0',-1,-1,30,'2019-05-17 15:09:52','2019-05-17 15:10:51','2019-05-17 15:10:51'),(64,290,0,'E186ECF4-B5EC-4D81-830E-F0A1784E6A5A',152,1,150,4,0,'0,0,0,0,0,0',14,6,150,'2019-05-18 03:06:48','2019-05-19 05:02:59','2019-05-19 05:02:59');
/*!40000 ALTER TABLE `carts` ENABLE KEYS */;
UNLOCK TABLES;

--
-- Table structure for table `categories`
--

DROP TABLE IF EXISTS `categories`;
/*!40101 SET @saved_cs_client     = @@character_set_client */;
/*!40101 SET character_set_client = utf8 */;
CREATE TABLE `categories` (
  `id` int(11) NOT NULL AUTO_INCREMENT,
  `image` varchar(300) COLLATE utf8_unicode_ci DEFAULT NULL,
  `type` int(11) NOT NULL DEFAULT 1,
  `product_no` int(11) NOT NULL DEFAULT 0,
  `expo_no` int(11) NOT NULL DEFAULT 0,
  `createdBy` int(11) NOT NULL,
  `status` enum('active','not_active') COLLATE utf8_unicode_ci NOT NULL DEFAULT 'active',
  `order_by` int(11) DEFAULT NULL,
  `created_at` timestamp NOT NULL DEFAULT current_timestamp(),
  `updated_at` timestamp NULL DEFAULT NULL,
  `deleted_at` timestamp NULL DEFAULT NULL,
  PRIMARY KEY (`id`)
) ENGINE=InnoDB AUTO_INCREMENT=15 DEFAULT CHARSET=utf8 COLLATE=utf8_unicode_ci;
/*!40101 SET character_set_client = @saved_cs_client */;

--
-- Dumping data for table `categories`
--

LOCK TABLES `categories` WRITE;
/*!40000 ALTER TABLE `categories` DISABLE KEYS */;
INSERT INTO `categories` VALUES (1,'uploads/images/category/yhHIxC9dn4Xy5KMz7easZD4gLKyxHZDtr42FtFx6.jpeg',3,3,1,57,'active',2,'2018-03-13 04:52:51','2018-04-05 16:47:25','2018-04-05 16:47:25'),(2,'uploads/images/category/N6669THrBszk0WPAeD6za45Sb3x2lo1RyqsUqNkU.png',1,1,0,57,'active',1,'2018-03-12 11:36:00','2018-04-05 16:47:21','2018-04-05 16:47:21'),(3,'uploads/images/category/BjbeAehtD8Q6BO8C7uezCCrydIfPspu0NBbfEJzx.png',1,0,1,57,'active',1,'2018-04-03 16:54:24','2018-04-05 16:47:17','2018-04-05 16:47:17'),(4,'uploads/images/category/BZuvB15w5Tt8JtvVjrVdLIDPpbJCNR3sutuCh9GD.jpeg',1,1,1,57,'active',0,'2018-04-05 16:25:51','2018-04-18 15:41:00','2018-04-18 15:41:00'),(5,'uploads/images/category/8hiHbuPblet35s3XtMudYd8n7nIkR4HWX5VgcXSS.jpeg',1,2,3,57,'active',0,'2018-04-05 19:02:34','2018-04-18 15:40:57','2018-04-18 15:40:57'),(6,'uploads/images/category/2IIBE6FR0PtkZhMsOcZO5kabQxZ20SDw59wy9MVS.jpeg',1,0,3,57,'active',0,'2018-04-05 19:04:05','2018-04-18 15:40:54','2018-04-18 15:40:54'),(7,'uploads/images/category/yfpY8yMHupCNhugIqT2so2y4smOdueNWpNTQ6mdw.jpeg',1,0,2,57,'active',0,'2018-04-05 19:04:37','2018-04-18 15:40:51','2018-04-18 15:40:51'),(8,'uploads/images/category/3oylEzqMbpJOx6WV0iMd8MmzwzJ4q4RRJDcPXLnp.jpeg',1,10,1,57,'active',0,'2018-04-18 15:43:10','2019-02-04 16:54:36',NULL),(9,'uploads/images/category/gTjKxcx3xgnV8Xm5twjeVqM3H2AFkuXsThcNUFcs.png',1,14,5,57,'active',0,'2018-04-18 15:43:54','2019-04-10 22:37:47',NULL),(10,'uploads/images/category/zniYxp566vBwDvtfXfwwTqKyjv2qkTPlkkfSUsBt.png',1,10,4,57,'active',0,'2018-04-18 15:44:28','2019-04-10 23:47:15',NULL),(11,'uploads/images/category/a8MLoyNfwInnz1nouw4ZfQg6FzVAHJgMlXETRVLP.jpeg',1,5,1,57,'active',0,'2018-05-20 06:25:36','2019-01-03 15:14:52',NULL),(12,'uploads/images/category/hiFlZZggoznM9v75DJJtwUlkSMLZLHPDYFygQhHq.png',1,0,2,57,'active',0,'2019-03-14 22:57:20','2019-03-24 17:01:55',NULL),(13,'uploads/images/category/eOV8jQd4ONDiMmqL1scPYURArhI87D5gEgaJeEFM.png',2,1,0,57,'active',0,'2019-03-14 22:58:53','2019-05-16 19:29:39',NULL),(14,'uploads/images/category/jG4WadPblTYepFfilTKMgcynK5ZoXpzJ5IZAbFCU.jpeg',1,0,0,57,'active',0,'2019-04-27 07:12:49','2019-04-27 07:12:49',NULL);
/*!40000 ALTER TABLE `categories` ENABLE KEYS */;
UNLOCK TABLES;

--
-- Table structure for table `category_lists`
--

DROP TABLE IF EXISTS `category_lists`;
/*!40101 SET @saved_cs_client     = @@character_set_client */;
/*!40101 SET character_set_client = utf8 */;
CREATE TABLE `category_lists` (
  `id` int(11) NOT NULL AUTO_INCREMENT,
  `category_id` int(11) NOT NULL,
  `user_id` int(11) NOT NULL,
  `created_at` timestamp NOT NULL DEFAULT current_timestamp(),
  `updated_at` timestamp NOT NULL DEFAULT '0000-00-00 00:00:00',
  `deleted_at` timestamp NULL DEFAULT NULL,
  PRIMARY KEY (`id`)
) ENGINE=InnoDB AUTO_INCREMENT=3 DEFAULT CHARSET=utf8 COLLATE=utf8_unicode_ci;
/*!40101 SET character_set_client = @saved_cs_client */;

--
-- Dumping data for table `category_lists`
--

LOCK TABLES `category_lists` WRITE;
/*!40000 ALTER TABLE `category_lists` DISABLE KEYS */;
INSERT INTO `category_lists` VALUES (1,1,1,'2018-01-24 08:31:54','2018-02-06 06:54:53','2018-02-06 06:54:53'),(2,2,1,'2018-01-25 06:09:25','2018-01-25 06:09:25',NULL);
/*!40000 ALTER TABLE `category_lists` ENABLE KEYS */;
UNLOCK TABLES;

--
-- Table structure for table `category_translations`
--

DROP TABLE IF EXISTS `category_translations`;
/*!40101 SET @saved_cs_client     = @@character_set_client */;
/*!40101 SET character_set_client = utf8 */;
CREATE TABLE `category_translations` (
  `id` int(11) NOT NULL AUTO_INCREMENT,
  `category_id` int(11) NOT NULL,
  `locale` varchar(300) COLLATE utf8_unicode_ci NOT NULL,
  `title` varchar(300) COLLATE utf8_unicode_ci NOT NULL,
  `details` text COLLATE utf8_unicode_ci DEFAULT NULL,
  `created_at` timestamp NOT NULL DEFAULT current_timestamp(),
  `updated_at` timestamp NULL DEFAULT NULL,
  `deleted_at` timestamp NULL DEFAULT NULL,
  PRIMARY KEY (`id`)
) ENGINE=InnoDB AUTO_INCREMENT=65 DEFAULT CHARSET=utf8 COLLATE=utf8_unicode_ci;
/*!40101 SET character_set_client = @saved_cs_client */;

--
-- Dumping data for table `category_translations`
--

LOCK TABLES `category_translations` WRITE;
/*!40000 ALTER TABLE `category_translations` DISABLE KEYS */;
INSERT INTO `category_translations` VALUES (37,1,'en','category1','<p>safsafsdf</p>','2018-03-12 11:36:00','2018-03-13 04:48:21',NULL),(38,1,'ar','category1','<p>sdfsdfsdfsdf</p>','2018-03-12 11:36:00','2018-03-13 04:48:21',NULL),(39,2,'en','category12','<p>gggggggggg</p>','2018-03-13 04:52:52','2018-03-13 04:52:52',NULL),(40,2,'ar','category12','<p>fffffffffffffff</p>','2018-03-13 04:52:52','2018-03-13 04:52:52',NULL),(41,3,'en','Category3','<p>ddddddd</p>','2018-04-03 16:54:24','2018-04-03 16:54:24',NULL),(42,3,'ar','Category3','<p>sssssss</p>','2018-04-03 16:54:24','2018-04-03 16:54:24',NULL),(43,4,'en','Makeup','<p>Makeup</p>','2018-04-05 16:25:51','2018-04-05 16:25:51',NULL),(44,4,'ar','مكياج','<p>Makeup</p>','2018-04-05 16:25:51','2018-04-05 16:25:51',NULL),(45,5,'en','Suit','<p>suit</p>','2018-04-05 19:02:34','2018-04-05 19:02:34',NULL),(46,5,'ar','بدل','<p>suit</p>','2018-04-05 19:02:34','2018-04-05 19:02:34',NULL),(47,6,'en','Dress','<p>Dress</p>','2018-04-05 19:04:05','2018-04-05 19:04:05',NULL),(48,6,'ar','فساتين','<p>Dress</p>','2018-04-05 19:04:05','2018-04-05 19:04:05',NULL),(49,7,'en','Skirt','<p>skirt</p>','2018-04-05 19:04:37','2018-04-05 19:04:37',NULL),(50,7,'ar','تنانير','<p>skirt</p>','2018-04-05 19:04:37','2018-04-05 19:04:37',NULL),(51,8,'en','Children','<p>Children</p>','2018-04-18 15:43:10','2018-04-18 15:43:10',NULL),(52,8,'ar','أطفال','<p>Children</p>','2018-04-18 15:43:10','2018-04-18 15:43:10',NULL),(53,9,'en','WOMAN','<p>asdfhghj</p>','2018-04-18 15:43:54','2018-04-18 15:43:54',NULL),(54,9,'ar','النساء','<p>asdfghb</p>','2018-04-18 15:43:54','2018-04-18 15:43:54',NULL),(55,10,'en','MAN','<p>يشسب</p>','2018-04-18 15:44:28','2018-04-18 15:44:28',NULL),(56,10,'ar','رجال','<p>شسيبل</p>','2018-04-18 15:44:28','2018-04-18 15:44:28',NULL),(57,11,'en','Community','<p>Hi</p>','2018-05-20 06:25:36','2018-05-20 06:25:36',NULL),(58,11,'ar','جميع الفئات','<p>Hello</p>','2018-05-20 06:25:36','2018-08-08 15:01:12',NULL),(59,12,'en','Food','<p>ب</p>','2019-03-14 22:57:20','2019-03-14 22:57:20',NULL),(60,12,'ar','مأكولات','<p>ل</p>','2019-03-14 22:57:20','2019-03-14 22:57:20',NULL),(61,13,'en','Electronics','<p>e</p>','2019-03-14 22:58:53','2019-03-14 22:58:53',NULL),(62,13,'ar','الكترونيات','<p>e</p>','2019-03-14 22:58:53','2019-03-14 22:58:53',NULL),(63,14,'en','Accessories','<p>accessories</p>','2019-04-27 07:12:49','2019-04-27 07:12:49',NULL),(64,14,'ar','اكسسوارات','<p>جميع الاكسسوارات</p>','2019-04-27 07:12:49','2019-04-27 07:12:49',NULL);
/*!40000 ALTER TABLE `category_translations` ENABLE KEYS */;
UNLOCK TABLES;

--
-- Table structure for table `chats`
--

DROP TABLE IF EXISTS `chats`;
/*!40101 SET @saved_cs_client     = @@character_set_client */;
/*!40101 SET character_set_client = utf8 */;
CREATE TABLE `chats` (
  `id` int(11) NOT NULL AUTO_INCREMENT,
  `user_id` int(11) NOT NULL,
  `message` text NOT NULL,
  `relation_id` int(11) NOT NULL,
  `read_at` int(11) NOT NULL,
  `created_at` timestamp NOT NULL DEFAULT current_timestamp() ON UPDATE current_timestamp(),
  `updated_at` timestamp NOT NULL DEFAULT '0000-00-00 00:00:00',
  `deleted_at` timestamp NOT NULL DEFAULT '0000-00-00 00:00:00',
  PRIMARY KEY (`id`)
) ENGINE=MyISAM DEFAULT CHARSET=latin1;
/*!40101 SET character_set_client = @saved_cs_client */;

--
-- Dumping data for table `chats`
--

LOCK TABLES `chats` WRITE;
/*!40000 ALTER TABLE `chats` DISABLE KEYS */;
/*!40000 ALTER TABLE `chats` ENABLE KEYS */;
UNLOCK TABLES;

--
-- Table structure for table `cities`
--

DROP TABLE IF EXISTS `cities`;
/*!40101 SET @saved_cs_client     = @@character_set_client */;
/*!40101 SET character_set_client = utf8 */;
CREATE TABLE `cities` (
  `id` int(11) NOT NULL AUTO_INCREMENT,
  `status` enum('not_active','active') NOT NULL,
  `name` varchar(300) NOT NULL,
  `country_id` int(11) NOT NULL,
  `order_by` int(11) NOT NULL,
  `createdBy` int(11) NOT NULL,
  `created_at` timestamp NOT NULL DEFAULT current_timestamp(),
  `updated_at` timestamp NULL DEFAULT NULL,
  `deleted_at` timestamp NULL DEFAULT NULL,
  PRIMARY KEY (`id`)
) ENGINE=MyISAM AUTO_INCREMENT=10 DEFAULT CHARSET=utf8;
/*!40101 SET character_set_client = @saved_cs_client */;

--
-- Dumping data for table `cities`
--

LOCK TABLES `cities` WRITE;
/*!40000 ALTER TABLE `cities` DISABLE KEYS */;
INSERT INTO `cities` VALUES (1,'active','Kuwait City',1,1,57,'2018-03-14 08:15:12','2018-04-12 13:13:14',NULL),(2,'not_active','wwwwww',1,1,57,'2018-04-03 16:58:46','2018-04-12 13:13:25','2018-04-12 13:13:25'),(3,'not_active','rrrrrr',1,1,57,'2018-04-03 17:27:18','2018-04-12 13:13:25','2018-04-12 13:13:25'),(4,'active','Hawalli',1,2,57,'2018-04-12 13:13:41','2018-05-15 14:20:27',NULL),(5,'active','Mubarak al-Kabeer',1,3,57,'2018-04-12 13:13:53','2018-05-15 14:20:27',NULL),(6,'active','Ahmadi',1,4,57,'2018-04-12 13:14:04','2018-05-15 14:20:27',NULL),(7,'active','Riyadh',3,0,57,'2018-04-12 13:17:00','2018-05-15 14:20:27',NULL),(8,'not_active','Jeddah',3,0,57,'2018-04-12 13:17:24','2018-05-20 06:15:08',NULL),(9,'not_active','Amman',7,0,57,'2018-05-20 06:15:26','2018-05-20 06:15:26',NULL);
/*!40000 ALTER TABLE `cities` ENABLE KEYS */;
UNLOCK TABLES;

--
-- Table structure for table `clothing_type_translations`
--

DROP TABLE IF EXISTS `clothing_type_translations`;
/*!40101 SET @saved_cs_client     = @@character_set_client */;
/*!40101 SET character_set_client = utf8 */;
CREATE TABLE `clothing_type_translations` (
  `id` int(11) NOT NULL AUTO_INCREMENT,
  `clothing_type_id` int(11) NOT NULL,
  `locale` varchar(300) NOT NULL,
  `name` varchar(300) NOT NULL,
  `created_at` timestamp NOT NULL DEFAULT current_timestamp(),
  `updated_at` timestamp NULL DEFAULT NULL,
  `deleted_at` timestamp NULL DEFAULT NULL,
  PRIMARY KEY (`id`)
) ENGINE=MyISAM AUTO_INCREMENT=31 DEFAULT CHARSET=utf8;
/*!40101 SET character_set_client = @saved_cs_client */;

--
-- Dumping data for table `clothing_type_translations`
--

LOCK TABLES `clothing_type_translations` WRITE;
/*!40000 ALTER TABLE `clothing_type_translations` DISABLE KEYS */;
INSERT INTO `clothing_type_translations` VALUES (1,2,'en','Fsdsd','2018-03-12 07:31:31','2018-03-12 07:31:31',NULL),(2,2,'ar','Fsdfsdf','2018-03-12 07:31:31','2018-03-12 07:31:31',NULL),(3,3,'en','Gggg4535345','2018-03-12 07:36:26','2018-03-12 07:36:40',NULL),(4,3,'ar','Ggggtertert','2018-03-12 07:36:26','2018-03-12 07:36:26',NULL),(5,4,'en','En','2018-04-15 00:25:49','2018-04-15 00:25:49',NULL),(6,4,'ar','Ar','2018-04-15 00:25:49','2018-04-15 00:25:49',NULL),(7,5,'en','En','2018-04-15 00:27:24','2018-04-15 00:27:24',NULL),(8,5,'ar','Ar','2018-04-15 00:27:24','2018-04-15 00:27:24',NULL),(9,6,'en','Jackets And Coats.','2018-04-18 15:37:45','2018-04-18 15:37:45',NULL),(10,6,'ar','جاكيت','2018-04-18 15:37:45','2018-04-18 15:37:45',NULL),(11,7,'en','Trousers And Shorts.','2018-04-18 15:38:25','2018-04-18 15:38:25',NULL),(12,7,'ar','بناطيل','2018-04-18 15:38:25','2018-04-18 15:38:25',NULL),(13,8,'en','Underwear','2018-04-18 15:38:50','2018-04-18 15:38:50',NULL),(14,8,'ar','ملابس داخلية','2018-04-18 15:38:50','2018-04-18 15:38:50',NULL),(15,9,'en','Suits','2018-04-18 15:39:14','2018-04-18 15:39:14',NULL),(16,9,'ar','بدل رسمية','2018-04-18 15:39:14','2018-04-18 15:39:14',NULL),(17,10,'en','Skirts And Dresses.','2018-04-18 15:39:30','2018-04-18 15:39:30',NULL),(18,10,'ar','تنانير وفساتين','2018-04-18 15:39:30','2018-04-18 15:39:30',NULL),(19,11,'en','Shoes, Boots And Slippers.','2018-04-18 15:39:48','2018-04-18 15:39:48',NULL),(20,11,'ar','الأحذية والنعال','2018-04-18 15:39:48','2018-04-18 15:39:48',NULL),(21,12,'en','Sweaters And Waistcoats.','2018-04-18 15:40:19','2018-04-18 15:40:19',NULL),(22,12,'ar','القمصان والبلايز','2018-04-18 15:40:19','2018-04-18 15:40:19',NULL),(23,13,'en','Suits','2018-05-17 19:02:29','2018-05-17 19:02:29',NULL),(24,13,'ar','بدلات','2018-05-17 19:02:29','2018-05-17 19:02:29',NULL),(25,14,'en','Black Suits','2018-05-19 19:57:08','2018-05-19 19:57:08',NULL),(26,14,'ar','بدلات سوداء','2018-05-19 19:57:08','2018-05-19 19:57:08',NULL),(27,15,'en','Soiree','2019-01-03 15:16:46','2019-01-03 15:16:46',NULL),(28,15,'ar','سواريه','2019-01-03 15:16:46','2019-01-03 15:16:46',NULL),(29,16,'en','Phones','2019-02-28 12:47:27','2019-02-28 12:47:27',NULL),(30,16,'ar','تلفونات','2019-02-28 12:47:27','2019-02-28 12:47:27',NULL);
/*!40000 ALTER TABLE `clothing_type_translations` ENABLE KEYS */;
UNLOCK TABLES;

--
-- Table structure for table `clothing_types`
--

DROP TABLE IF EXISTS `clothing_types`;
/*!40101 SET @saved_cs_client     = @@character_set_client */;
/*!40101 SET character_set_client = utf8 */;
CREATE TABLE `clothing_types` (
  `id` int(11) NOT NULL AUTO_INCREMENT,
  `status` enum('not_active','active') NOT NULL,
  `order_by` int(11) NOT NULL DEFAULT 0,
  `createdBy` int(11) NOT NULL,
  `created_at` timestamp NOT NULL DEFAULT current_timestamp(),
  `updated_at` timestamp NULL DEFAULT NULL,
  `deleted_at` timestamp NULL DEFAULT NULL,
  PRIMARY KEY (`id`)
) ENGINE=MyISAM AUTO_INCREMENT=17 DEFAULT CHARSET=utf8;
/*!40101 SET character_set_client = @saved_cs_client */;

--
-- Dumping data for table `clothing_types`
--

LOCK TABLES `clothing_types` WRITE;
/*!40000 ALTER TABLE `clothing_types` DISABLE KEYS */;
INSERT INTO `clothing_types` VALUES (3,'active',0,57,'2018-03-12 07:36:26','2018-04-18 17:28:44','2018-04-18 17:28:44'),(2,'active',1,57,'2018-03-12 07:31:31','2018-04-18 17:28:47','2018-04-18 17:28:47'),(4,'not_active',3,57,'2018-04-15 00:25:49','2018-04-15 00:27:12','2018-04-15 00:27:12'),(5,'active',3,57,'2018-04-15 00:27:24','2018-04-15 00:27:51','2018-04-15 00:27:51'),(6,'active',0,57,'2018-04-18 15:37:45','2018-04-18 15:37:45',NULL),(7,'active',0,57,'2018-04-18 15:38:25','2018-04-18 15:38:25',NULL),(8,'active',0,57,'2018-04-18 15:38:50','2018-04-18 15:38:50',NULL),(9,'active',0,57,'2018-04-18 15:39:14','2018-05-17 19:02:02','2018-05-17 19:02:02'),(10,'active',0,57,'2018-04-18 15:39:30','2018-04-18 15:39:30',NULL),(11,'active',0,57,'2018-04-18 15:39:48','2018-04-18 15:39:48',NULL),(12,'active',0,57,'2018-04-18 15:40:19','2018-04-18 15:40:19',NULL),(13,'active',0,57,'2018-05-17 19:02:29','2018-05-17 19:02:29',NULL),(14,'active',0,57,'2018-05-19 19:57:08','2018-05-19 19:57:08',NULL),(15,'active',0,57,'2019-01-03 15:16:46','2019-02-21 15:47:09',NULL),(16,'active',0,57,'2019-02-28 12:47:27','2019-02-28 12:47:27',NULL);
/*!40000 ALTER TABLE `clothing_types` ENABLE KEYS */;
UNLOCK TABLES;

--
-- Table structure for table `colors`
--

DROP TABLE IF EXISTS `colors`;
/*!40101 SET @saved_cs_client     = @@character_set_client */;
/*!40101 SET character_set_client = utf8 */;
CREATE TABLE `colors` (
  `id` int(11) NOT NULL AUTO_INCREMENT,
  `status` enum('not_active','active') NOT NULL,
  `color` varchar(300) NOT NULL,
  `name` varchar(300) DEFAULT NULL,
  `order_by` int(11) NOT NULL,
  `createdBy` int(11) NOT NULL,
  `created_at` timestamp NOT NULL DEFAULT current_timestamp(),
  `updated_at` timestamp NULL DEFAULT NULL,
  `deleted_at` timestamp NULL DEFAULT NULL,
  PRIMARY KEY (`id`)
) ENGINE=MyISAM AUTO_INCREMENT=17 DEFAULT CHARSET=latin1;
/*!40101 SET character_set_client = @saved_cs_client */;

--
-- Dumping data for table `colors`
--

LOCK TABLES `colors` WRITE;
/*!40000 ALTER TABLE `colors` DISABLE KEYS */;
INSERT INTO `colors` VALUES (1,'active','FDAD56','red',1,57,'2018-03-20 11:07:18','0000-00-00 00:00:00',NULL),(2,'active','9BD3CB',NULL,1,57,'2018-03-20 11:07:18','0000-00-00 00:00:00',NULL),(3,'active','D36364',NULL,1,57,'2018-03-20 11:07:18','0000-00-00 00:00:00',NULL),(4,'active','817FA9',NULL,1,57,'2018-03-20 11:07:18','0000-00-00 00:00:00',NULL),(5,'active','D389CE',NULL,1,57,'2018-03-20 11:07:18','0000-00-00 00:00:00',NULL),(6,'active','B4C37D',NULL,1,57,'2018-03-20 11:07:18','0000-00-00 00:00:00',NULL),(7,'active','69211d',NULL,1,57,'2018-03-20 11:07:18','2018-06-05 19:14:21',NULL),(8,'not_active','#570101',NULL,0,57,'2018-06-05 18:43:19','2018-06-05 19:01:37','2018-06-05 19:01:37'),(9,'not_active','3f686b',NULL,0,57,'2018-06-05 18:45:31','2018-06-05 19:01:29','2018-06-05 19:01:29'),(10,'active','ffcc4b',NULL,0,57,'2018-06-05 19:07:13','2018-06-05 19:07:26',NULL),(11,'active','1cddff',NULL,0,57,'2018-06-05 19:09:43','2018-06-05 20:22:28',NULL),(12,'active','ffcc5b',NULL,0,57,'2018-06-05 19:10:41','2018-06-05 20:23:43','2018-06-05 20:23:43'),(13,'active','ff99ee',NULL,0,57,'2018-06-05 19:12:38','2018-06-05 19:12:38',NULL),(14,'active','1ef0ff',NULL,0,57,'2019-01-03 15:21:08','2019-01-03 15:21:08',NULL),(15,'active','ff7369',NULL,1,57,'2019-01-03 15:21:21','2019-01-03 15:21:21',NULL),(16,'active','120b11',NULL,0,57,'2019-03-05 18:44:51','2019-03-05 18:44:51',NULL);
/*!40000 ALTER TABLE `colors` ENABLE KEYS */;
UNLOCK TABLES;

--
-- Table structure for table `contacts`
--

DROP TABLE IF EXISTS `contacts`;
/*!40101 SET @saved_cs_client     = @@character_set_client */;
/*!40101 SET character_set_client = utf8 */;
CREATE TABLE `contacts` (
  `id` int(11) NOT NULL AUTO_INCREMENT,
  `fullname` varchar(300) COLLATE utf8_unicode_ci NOT NULL,
  `email` varchar(300) COLLATE utf8_unicode_ci NOT NULL,
  `mobile` varchar(15) COLLATE utf8_unicode_ci NOT NULL,
  `comment` text COLLATE utf8_unicode_ci NOT NULL,
  `created_at` timestamp NOT NULL DEFAULT current_timestamp(),
  `updated_at` timestamp NOT NULL DEFAULT '0000-00-00 00:00:00',
  `deleted_at` timestamp NULL DEFAULT NULL,
  PRIMARY KEY (`id`)
) ENGINE=InnoDB AUTO_INCREMENT=22 DEFAULT CHARSET=utf8 COLLATE=utf8_unicode_ci;
/*!40101 SET character_set_client = @saved_cs_client */;

--
-- Dumping data for table `contacts`
--

LOCK TABLES `contacts` WRITE;
/*!40000 ALTER TABLE `contacts` DISABLE KEYS */;
INSERT INTO `contacts` VALUES (21,'test','324234234@dfsfsdf','32424234','234324234','2018-03-11 12:14:44','2018-03-11 12:14:44',NULL);
/*!40000 ALTER TABLE `contacts` ENABLE KEYS */;
UNLOCK TABLES;

--
-- Table structure for table `countries`
--

DROP TABLE IF EXISTS `countries`;
/*!40101 SET @saved_cs_client     = @@character_set_client */;
/*!40101 SET character_set_client = utf8 */;
CREATE TABLE `countries` (
  `id` int(11) NOT NULL AUTO_INCREMENT,
  `status` enum('not_active','active') NOT NULL,
  `name` varchar(300) NOT NULL,
  `flag_icon` varchar(300) DEFAULT NULL,
  `currency_id` int(11) NOT NULL,
  `order_by` int(11) NOT NULL,
  `createdBy` int(11) NOT NULL,
  `created_at` timestamp NOT NULL DEFAULT current_timestamp(),
  `updated_at` timestamp NULL DEFAULT NULL,
  `deleted_at` timestamp NULL DEFAULT NULL,
  PRIMARY KEY (`id`)
) ENGINE=MyISAM AUTO_INCREMENT=8 DEFAULT CHARSET=utf8;
/*!40101 SET character_set_client = @saved_cs_client */;

--
-- Dumping data for table `countries`
--

LOCK TABLES `countries` WRITE;
/*!40000 ALTER TABLE `countries` DISABLE KEYS */;
INSERT INTO `countries` VALUES (1,'active','Kuwait','uploads/images/country/bPr1Urvravgjt9khdadNqilWKOg1IYcpBhw7RqTm.png',1,0,57,'2018-03-13 09:32:40','2018-04-05 19:16:59',NULL),(2,'active','UAE','uploads/images/country/NeRVBhE7WrlIq1XR0U5JIvmvrEcBRMFW8rpQB0lR.png',4,2,57,'2018-03-14 08:15:50','2018-04-05 18:44:39',NULL),(3,'active','KSA','uploads/images/country/bjXjGnPEtNK71ya6SrhE32CeqjlH2vylwLpm7EMi.png',2,2,57,'2018-03-14 08:15:50','2018-04-05 18:39:26',NULL),(6,'active','Qatar','uploads/images/country/XQjW0Au59RsOUIpYO7OB8c8BxnZGdsItXzyeifpz.png',3,0,57,'2018-04-05 18:45:13','2018-04-05 18:45:50',NULL),(4,'active','Bahrain','uploads/images/country/exCnRqKozrPvdetwaieEMpmVJGAjSIjkTKvtVehU.png',5,1,57,'2018-04-03 16:58:21','2018-04-12 13:07:52',NULL),(5,'active','Oman','uploads/images/country/wLBhQ7R5u3Nj7u27n4OaQWpvDyYeZMQLEMrqwJlz.png',6,1,57,'2018-04-03 17:27:49','2018-04-12 13:08:52',NULL),(7,'not_active','Jordan','uploads/images/country/Rtfvu7Dv3TlAtfKra95GbokLjPmVLUvlHDBlliov.png',9,0,57,'2018-05-20 06:14:24','2018-05-20 06:14:24',NULL);
/*!40000 ALTER TABLE `countries` ENABLE KEYS */;
UNLOCK TABLES;

--
-- Table structure for table `currencies`
--

DROP TABLE IF EXISTS `currencies`;
/*!40101 SET @saved_cs_client     = @@character_set_client */;
/*!40101 SET character_set_client = utf8 */;
CREATE TABLE `currencies` (
  `id` int(11) NOT NULL AUTO_INCREMENT,
  `shortcut` varchar(300) COLLATE utf8_unicode_ci DEFAULT NULL,
  `price` float NOT NULL,
  `createdBy` int(11) NOT NULL,
  `status` enum('active','not_active') COLLATE utf8_unicode_ci NOT NULL DEFAULT 'not_active',
  `order_by` int(11) DEFAULT NULL,
  `created_at` timestamp NOT NULL DEFAULT current_timestamp(),
  `updated_at` timestamp NULL DEFAULT NULL,
  `deleted_at` timestamp NULL DEFAULT NULL,
  PRIMARY KEY (`id`)
) ENGINE=InnoDB AUTO_INCREMENT=10 DEFAULT CHARSET=utf8 COLLATE=utf8_unicode_ci;
/*!40101 SET character_set_client = @saved_cs_client */;

--
-- Dumping data for table `currencies`
--

LOCK TABLES `currencies` WRITE;
/*!40000 ALTER TABLE `currencies` DISABLE KEYS */;
INSERT INTO `currencies` VALUES (1,'KWD',0.299804,57,'active',1,'2018-03-12 10:00:06','2018-04-18 18:22:16',NULL),(2,'SAR',3.7499,57,'active',0,'2018-04-05 18:42:23','2018-04-05 18:44:07',NULL),(3,'QAR',3.6398,57,'active',3,'2018-04-05 18:42:58','2018-04-05 18:44:07',NULL),(4,'AED',3.6725,57,'active',4,'2018-04-05 18:43:54','2018-04-05 18:44:07',NULL),(5,'BHD',0.377041,57,'active',4,'2018-04-05 18:43:54','2018-04-05 18:44:07',NULL),(6,'OMR',0.384904,57,'active',4,'2018-04-05 18:43:54','2018-04-05 18:44:07',NULL),(7,'ENR',3,57,'not_active',0,'2018-04-15 00:43:33','2018-04-15 00:46:51','2018-04-15 00:46:51'),(8,'$',11,57,'not_active',0,'2018-04-15 13:29:52','2018-04-15 13:30:14','2018-04-15 13:30:14'),(9,'JOD',0,57,'not_active',0,'2018-05-20 05:46:23','2018-06-18 18:10:17',NULL);
/*!40000 ALTER TABLE `currencies` ENABLE KEYS */;
UNLOCK TABLES;

--
-- Table structure for table `currency_translations`
--

DROP TABLE IF EXISTS `currency_translations`;
/*!40101 SET @saved_cs_client     = @@character_set_client */;
/*!40101 SET character_set_client = utf8 */;
CREATE TABLE `currency_translations` (
  `id` int(11) NOT NULL AUTO_INCREMENT,
  `currency_id` int(11) NOT NULL,
  `locale` varchar(300) COLLATE utf8_unicode_ci NOT NULL,
  `name` varchar(300) COLLATE utf8_unicode_ci NOT NULL,
  `created_at` timestamp NOT NULL DEFAULT current_timestamp(),
  `updated_at` timestamp NULL DEFAULT NULL,
  `deleted_at` timestamp NULL DEFAULT NULL,
  PRIMARY KEY (`id`)
) ENGINE=InnoDB AUTO_INCREMENT=25 DEFAULT CHARSET=utf8 COLLATE=utf8_unicode_ci;
/*!40101 SET character_set_client = @saved_cs_client */;

--
-- Dumping data for table `currency_translations`
--

LOCK TABLES `currency_translations` WRITE;
/*!40000 ALTER TABLE `currency_translations` DISABLE KEYS */;
INSERT INTO `currency_translations` VALUES (5,1,'en','Kuwaiti Dinar','2018-03-12 10:00:06','2018-04-05 18:41:18',NULL),(6,1,'ar','دينار كويتي','2018-03-12 10:00:06','2018-04-05 18:41:18',NULL),(9,2,'en','Saudi Riyal','2018-04-05 18:42:23','2018-04-05 18:42:23',NULL),(10,2,'ar','ريال سعودي','2018-04-05 18:42:23','2018-04-05 18:42:23',NULL),(11,3,'en','Qatari Riyal','2018-04-05 18:42:58','2018-04-05 18:42:58',NULL),(12,3,'ar','ريال قطري','2018-04-05 18:42:58','2018-04-05 18:42:58',NULL),(13,4,'en','UAE Dirham','2018-04-05 18:43:54','2018-04-05 18:43:54',NULL),(14,4,'ar','درهم اماراتي','2018-04-05 18:43:54','2018-04-05 18:43:54',NULL),(15,5,'en','Bahrain dinar','2018-04-05 18:43:54','2018-04-05 18:43:54',NULL),(16,6,'ar','دينار بحريني','2018-04-05 18:43:54','2018-04-05 18:43:54',NULL),(17,6,'en','Oman Riyal','2018-04-05 18:43:54','2018-04-05 18:43:54',NULL),(18,6,'ar','ريال عماني','2018-04-05 18:43:54','2018-04-05 18:43:54',NULL),(19,7,'en','En','2018-04-15 00:43:33','2018-04-15 00:43:33',NULL),(20,7,'ar','Ar','2018-04-15 00:43:33','2018-04-15 00:43:33',NULL),(21,8,'en','Dola','2018-04-15 13:29:52','2018-04-15 13:29:52',NULL),(22,8,'ar','دولار','2018-04-15 13:29:52','2018-04-15 13:29:52',NULL),(23,9,'en','Jordan Dinar','2018-05-20 05:46:23','2018-05-20 05:46:23',NULL),(24,9,'ar','Jordan Dinar','2018-05-20 05:46:23','2018-05-20 05:46:23',NULL);
/*!40000 ALTER TABLE `currency_translations` ENABLE KEYS */;
UNLOCK TABLES;

--
-- Table structure for table `delivery_prices`
--

DROP TABLE IF EXISTS `delivery_prices`;
/*!40101 SET @saved_cs_client     = @@character_set_client */;
/*!40101 SET character_set_client = utf8 */;
CREATE TABLE `delivery_prices` (
  `id` int(11) NOT NULL AUTO_INCREMENT,
  `expo_id` int(11) NOT NULL,
  `country_id` int(11) NOT NULL,
  `price` float NOT NULL,
  `created_at` timestamp NOT NULL DEFAULT current_timestamp(),
  `updated_at` timestamp NULL DEFAULT NULL,
  `deleted_at` timestamp NULL DEFAULT NULL,
  PRIMARY KEY (`id`)
) ENGINE=MyISAM AUTO_INCREMENT=10 DEFAULT CHARSET=latin1;
/*!40101 SET character_set_client = @saved_cs_client */;

--
-- Dumping data for table `delivery_prices`
--

LOCK TABLES `delivery_prices` WRITE;
/*!40000 ALTER TABLE `delivery_prices` DISABLE KEYS */;
INSERT INTO `delivery_prices` VALUES (1,44,1,12,'2018-04-03 13:54:40','2018-04-03 14:14:56',NULL),(2,44,2,124,'2018-04-03 13:54:56','2018-04-03 14:11:36',NULL),(3,44,3,11,'2018-04-03 14:15:08','2018-04-03 14:15:08',NULL),(4,148,1,15,'2019-01-09 15:35:59','2019-01-09 15:35:59',NULL),(5,155,1,2,'2019-02-28 08:14:54','2019-02-28 12:10:59',NULL),(6,152,6,10,'2019-03-03 23:54:42','2019-03-04 00:22:55','2019-03-04 00:22:55'),(7,152,6,4,'2019-03-04 00:23:14','2019-03-04 00:25:33','2019-03-04 00:25:33'),(8,157,1,21,'2019-03-05 08:55:43','2019-03-05 09:03:27',NULL),(9,157,6,2,'2019-03-05 09:04:19','2019-03-05 09:04:19',NULL);
/*!40000 ALTER TABLE `delivery_prices` ENABLE KEYS */;
UNLOCK TABLES;

--
-- Table structure for table `expo_categories`
--

DROP TABLE IF EXISTS `expo_categories`;
/*!40101 SET @saved_cs_client     = @@character_set_client */;
/*!40101 SET character_set_client = utf8 */;
CREATE TABLE `expo_categories` (
  `id` int(11) NOT NULL AUTO_INCREMENT,
  `expo_id` int(11) NOT NULL,
  `category_id` int(11) NOT NULL,
  `created_at` timestamp NOT NULL DEFAULT current_timestamp(),
  `updated_at` timestamp NULL DEFAULT NULL,
  `deleted_at` timestamp NULL DEFAULT NULL,
  PRIMARY KEY (`id`)
) ENGINE=MyISAM AUTO_INCREMENT=447 DEFAULT CHARSET=latin1;
/*!40101 SET character_set_client = @saved_cs_client */;

--
-- Dumping data for table `expo_categories`
--

LOCK TABLES `expo_categories` WRITE;
/*!40000 ALTER TABLE `expo_categories` DISABLE KEYS */;
INSERT INTO `expo_categories` VALUES (1,17,1,'2018-03-19 17:32:30','2018-03-19 17:32:30',NULL),(2,17,2,'2018-03-19 17:32:30','2018-03-19 17:32:30',NULL),(3,18,1,'2018-03-19 19:17:31','2018-03-19 19:17:31',NULL),(4,18,2,'2018-03-19 19:17:31','2018-03-19 19:17:31',NULL),(5,19,1,'2018-03-19 19:26:20','2018-03-19 19:26:20',NULL),(6,19,2,'2018-03-19 19:26:20','2018-03-19 19:26:20',NULL),(7,20,1,'2018-03-19 19:27:50','2018-03-19 19:27:50',NULL),(8,20,2,'2018-03-19 19:27:50','2018-03-19 19:27:50',NULL),(9,21,1,'2018-03-20 16:11:12','2018-03-20 16:11:12',NULL),(10,21,2,'2018-03-20 16:11:12','2018-03-20 16:11:12',NULL),(11,22,1,'2018-03-21 16:32:24','2018-03-21 16:32:24',NULL),(12,22,2,'2018-03-21 16:32:24','2018-03-21 16:32:24',NULL),(13,23,1,'2018-03-21 16:32:43','2018-03-21 16:32:43',NULL),(14,23,2,'2018-03-21 16:32:43','2018-03-21 16:32:43',NULL),(15,24,1,'2018-03-21 17:40:29','2018-03-21 17:40:29',NULL),(16,24,2,'2018-03-21 17:40:29','2018-03-21 17:40:29',NULL),(17,25,1,'2018-03-21 17:44:01','2018-03-21 17:44:01',NULL),(18,25,2,'2018-03-21 17:44:01','2018-03-21 17:44:01',NULL),(19,26,1,'2018-03-21 17:45:16','2018-03-21 17:45:16',NULL),(20,26,2,'2018-03-21 17:45:16','2018-03-21 17:45:16',NULL),(21,27,1,'2018-03-21 17:53:27','2018-03-21 17:53:27',NULL),(22,27,2,'2018-03-21 17:53:27','2018-03-21 17:53:27',NULL),(23,28,1,'2018-03-21 18:02:02','2018-03-21 18:02:02',NULL),(24,28,2,'2018-03-21 18:02:02','2018-03-21 18:02:02',NULL),(25,29,1,'2018-03-21 18:03:13','2018-03-21 18:03:13',NULL),(26,29,2,'2018-03-21 18:03:13','2018-03-21 18:03:13',NULL),(27,30,1,'2018-03-21 18:04:49','2018-03-21 18:04:49',NULL),(28,30,2,'2018-03-21 18:04:49','2018-03-21 18:04:49',NULL),(29,31,1,'2018-03-21 19:19:52','2018-03-21 19:19:52',NULL),(30,31,2,'2018-03-21 19:19:52','2018-03-21 19:19:52',NULL),(31,32,1,'2018-03-22 14:13:07','2018-03-22 14:13:07',NULL),(32,32,2,'2018-03-22 14:13:07','2018-03-22 14:13:07',NULL),(33,33,2,'2018-03-22 14:17:13','2018-03-22 14:17:13',NULL),(34,33,1,'2018-03-22 14:17:13','2018-03-22 14:17:13',NULL),(35,34,1,'2018-03-22 14:28:45','2018-03-22 14:28:45',NULL),(36,35,2,'2018-03-22 14:46:16','2018-03-22 14:46:16',NULL),(37,36,1,'2018-03-22 17:21:26','2018-03-22 17:21:26',NULL),(38,36,2,'2018-03-22 17:21:26','2018-03-22 17:21:26',NULL),(39,37,1,'2018-03-22 17:40:57','2018-03-22 17:40:57',NULL),(40,38,1,'2018-03-25 14:41:56','2018-03-25 14:41:56',NULL),(41,38,2,'2018-03-25 14:41:56','2018-03-25 14:41:56',NULL),(42,39,1,'2018-03-25 15:00:05','2018-03-25 15:00:05',NULL),(43,39,2,'2018-03-25 15:00:05','2018-03-25 15:00:05',NULL),(44,40,1,'2018-03-25 17:02:41','2018-03-25 17:02:41',NULL),(45,40,2,'2018-03-25 17:02:41','2018-03-25 17:02:41',NULL),(48,41,1,'2018-03-28 15:59:41','2018-03-28 15:59:41',NULL),(49,41,2,'2018-03-28 15:59:41','2018-03-28 15:59:41',NULL),(50,42,1,'2018-03-28 18:58:50','2018-03-28 18:58:50',NULL),(51,43,1,'2018-03-28 19:53:09','2018-03-28 19:53:09',NULL),(52,43,2,'2018-03-28 19:53:09','2018-03-28 19:53:09',NULL),(78,45,2,'2018-04-01 15:32:32','2018-04-01 15:32:32',NULL),(62,44,1,'2018-03-29 14:04:49','2018-03-29 14:04:49',NULL),(77,45,1,'2018-04-01 15:32:32','2018-04-01 15:32:32',NULL),(79,46,1,'2018-04-01 20:14:41','2018-04-01 20:14:41',NULL),(80,47,1,'2018-04-01 20:15:49','2018-04-01 20:15:49',NULL),(82,48,1,'2018-04-02 12:30:59','2018-04-02 12:30:59',NULL),(83,49,1,'2018-04-02 13:43:36','2018-04-02 13:43:36',NULL),(84,49,2,'2018-04-02 13:43:36','2018-04-02 13:43:36',NULL),(85,50,1,'2018-04-02 13:43:45','2018-04-02 13:43:45',NULL),(86,50,2,'2018-04-02 13:43:45','2018-04-02 13:43:45',NULL),(87,51,1,'2018-04-02 14:15:11','2018-04-02 14:15:11',NULL),(88,51,2,'2018-04-02 14:15:11','2018-04-02 14:15:11',NULL),(89,52,1,'2018-04-02 14:41:55','2018-04-02 14:41:55',NULL),(90,53,1,'2018-04-02 14:45:19','2018-04-02 14:45:19',NULL),(91,54,2,'2018-04-02 14:48:50','2018-04-02 14:48:50',NULL),(92,55,1,'2018-04-02 14:51:18','2018-04-02 14:51:18',NULL),(93,55,2,'2018-04-02 14:51:18','2018-04-02 14:51:18',NULL),(94,56,1,'2018-04-02 14:58:48','2018-04-02 14:58:48',NULL),(95,57,1,'2018-04-02 15:01:57','2018-04-02 15:01:57',NULL),(96,57,2,'2018-04-02 15:01:57','2018-04-02 15:01:57',NULL),(97,58,1,'2018-04-02 15:15:01','2018-04-02 15:15:01',NULL),(98,59,1,'2018-04-02 15:20:10','2018-04-02 15:20:10',NULL),(99,59,2,'2018-04-02 15:20:10','2018-04-02 15:20:10',NULL),(100,60,1,'2018-04-02 15:23:31','2018-04-02 15:23:31',NULL),(101,61,1,'2018-04-02 15:36:36','2018-04-02 15:36:36',NULL),(102,62,1,'2018-04-02 15:44:10','2018-04-02 15:44:10',NULL),(103,63,1,'2018-04-02 15:53:01','2018-04-02 15:53:01',NULL),(104,63,2,'2018-04-02 15:53:01','2018-04-02 15:53:01',NULL),(105,64,2,'2018-04-02 16:24:32','2018-04-02 16:24:32',NULL),(106,64,1,'2018-04-02 16:24:32','2018-04-02 16:24:32',NULL),(107,65,2,'2018-04-02 17:09:57','2018-04-02 17:09:57',NULL),(108,65,1,'2018-04-02 17:09:57','2018-04-02 17:09:57',NULL),(109,66,1,'2018-04-02 17:34:57','2018-04-02 17:34:57',NULL),(110,66,2,'2018-04-02 17:34:57','2018-04-02 17:34:57',NULL),(111,67,1,'2018-04-02 17:40:41','2018-04-02 17:40:41',NULL),(112,68,2,'2018-04-02 17:45:57','2018-04-02 17:45:57',NULL),(113,68,1,'2018-04-02 17:45:57','2018-04-02 17:45:57',NULL),(114,69,2,'2018-04-02 17:52:54','2018-04-02 17:52:54',NULL),(115,69,1,'2018-04-02 17:52:54','2018-04-02 17:52:54',NULL),(116,70,2,'2018-04-02 18:02:03','2018-04-02 18:02:03',NULL),(117,70,1,'2018-04-02 18:02:03','2018-04-02 18:02:03',NULL),(118,71,2,'2018-04-02 18:26:25','2018-04-02 18:26:25',NULL),(119,71,1,'2018-04-02 18:26:25','2018-04-02 18:26:25',NULL),(120,72,2,'2018-04-02 18:33:20','2018-04-02 18:33:20',NULL),(121,72,1,'2018-04-02 18:33:20','2018-04-02 18:33:20',NULL),(122,73,2,'2018-04-02 18:45:41','2018-04-02 18:45:41',NULL),(123,73,1,'2018-04-02 18:45:41','2018-04-02 18:45:41',NULL),(124,74,2,'2018-04-02 18:51:48','2018-04-02 18:51:48',NULL),(125,74,1,'2018-04-02 18:51:48','2018-04-02 18:51:48',NULL),(126,75,2,'2018-04-02 18:59:41','2018-04-02 18:59:41',NULL),(127,75,1,'2018-04-02 18:59:41','2018-04-02 18:59:41',NULL),(128,76,1,'2018-04-02 19:05:55','2018-04-02 19:05:55',NULL),(129,76,2,'2018-04-02 19:05:55','2018-04-02 19:05:55',NULL),(130,77,2,'2018-04-02 19:16:35','2018-04-02 19:16:35',NULL),(131,77,1,'2018-04-02 19:16:35','2018-04-02 19:16:35',NULL),(132,78,2,'2018-04-02 19:20:39','2018-04-02 19:20:39',NULL),(133,78,1,'2018-04-02 19:20:39','2018-04-02 19:20:39',NULL),(134,79,2,'2018-04-02 19:28:49','2018-04-02 19:28:49',NULL),(135,79,1,'2018-04-02 19:28:49','2018-04-02 19:28:49',NULL),(136,80,2,'2018-04-02 20:04:53','2018-04-02 20:04:53',NULL),(137,80,1,'2018-04-02 20:04:53','2018-04-02 20:04:53',NULL),(138,81,2,'2018-04-02 20:14:08','2018-04-02 20:14:08',NULL),(139,81,1,'2018-04-02 20:14:08','2018-04-02 20:14:08',NULL),(140,82,1,'2018-04-05 15:54:33','2018-04-05 15:54:33',NULL),(141,82,3,'2018-04-05 15:54:33','2018-04-05 15:54:33',NULL),(199,83,9,'2018-04-18 16:26:42','2018-04-18 16:26:42',NULL),(196,84,8,'2018-04-18 16:26:26','2018-04-18 16:26:26',NULL),(193,85,8,'2018-04-18 16:25:45','2018-04-18 16:25:45',NULL),(343,86,10,'2018-05-28 20:04:56','2018-05-28 20:04:56',NULL),(147,87,4,'2018-04-08 19:15:50','2018-04-08 19:15:50',NULL),(148,87,5,'2018-04-08 19:15:50','2018-04-08 19:15:50',NULL),(149,87,6,'2018-04-08 19:15:50','2018-04-08 19:15:50',NULL),(150,87,7,'2018-04-08 19:15:50','2018-04-08 19:15:50',NULL),(151,88,1,'2018-04-09 13:55:08','2018-04-09 13:55:08',NULL),(152,88,2,'2018-04-09 13:55:08','2018-04-09 13:55:08',NULL),(153,89,6,'2018-04-09 14:18:03','2018-04-09 14:18:03',NULL),(154,90,1,'2018-04-09 14:20:08','2018-04-09 14:20:08',NULL),(155,90,2,'2018-04-09 14:20:08','2018-04-09 14:20:08',NULL),(156,91,5,'2018-04-09 14:26:13','2018-04-09 14:26:13',NULL),(157,91,6,'2018-04-09 14:26:13','2018-04-09 14:26:13',NULL),(195,85,10,'2018-04-18 16:25:45','2018-04-18 16:25:45',NULL),(194,85,9,'2018-04-18 16:25:45','2018-04-18 16:25:45',NULL),(313,92,9,'2018-05-22 17:38:23','2018-05-22 17:38:23',NULL),(161,93,4,'2018-04-11 22:01:20','2018-04-11 22:01:20',NULL),(162,93,5,'2018-04-11 22:01:20','2018-04-11 22:01:20',NULL),(163,93,6,'2018-04-11 22:01:20','2018-04-11 22:01:20',NULL),(164,93,7,'2018-04-11 22:01:20','2018-04-11 22:01:20',NULL),(165,94,5,'2018-04-11 22:09:25','2018-04-11 22:09:25',NULL),(166,94,6,'2018-04-11 22:09:25','2018-04-11 22:09:25',NULL),(170,95,7,'2018-04-12 12:53:03','2018-04-12 12:53:03',NULL),(169,95,6,'2018-04-12 12:53:03','2018-04-12 12:53:03',NULL),(311,96,10,'2018-05-20 19:58:21','2018-05-20 19:58:21',NULL),(179,97,5,'2018-04-12 16:43:05','2018-04-12 16:43:05',NULL),(180,97,6,'2018-04-12 16:43:05','2018-04-12 16:43:05',NULL),(181,97,7,'2018-04-12 16:43:05','2018-04-12 16:43:05',NULL),(187,98,5,'2018-04-15 14:32:22','2018-04-15 14:32:22',NULL),(310,96,9,'2018-05-20 19:58:21','2018-05-20 19:58:21',NULL),(309,96,8,'2018-05-20 19:58:21','2018-05-20 19:58:21',NULL),(197,84,9,'2018-04-18 16:26:26','2018-04-18 16:26:26',NULL),(198,84,10,'2018-04-18 16:26:26','2018-04-18 16:26:26',NULL),(200,83,10,'2018-04-18 16:26:42','2018-04-18 16:26:42',NULL),(291,99,10,'2018-05-15 14:04:30','2018-05-15 14:04:30',NULL),(290,99,9,'2018-05-15 14:04:30','2018-05-15 14:04:30',NULL),(289,99,8,'2018-05-15 14:04:30','2018-05-15 14:04:30',NULL),(336,100,10,'2018-05-26 20:56:42','2018-05-26 20:56:42',NULL),(335,100,9,'2018-05-26 20:56:42','2018-05-26 20:56:42',NULL),(334,100,8,'2018-05-26 20:56:42','2018-05-26 20:56:42',NULL),(332,101,11,'2018-05-26 20:16:13','2018-05-26 20:16:13',NULL),(208,102,8,'2018-04-18 19:27:58','2018-04-18 19:27:58',NULL),(209,103,10,'2018-04-18 19:39:16','2018-04-18 19:39:16',NULL),(216,104,9,'2018-04-18 20:43:11','2018-04-18 20:43:11',NULL),(217,105,9,'2018-04-18 20:53:52','2018-04-18 20:53:52',NULL),(218,106,9,'2018-04-18 21:02:29','2018-04-18 21:02:29',NULL),(219,107,10,'2018-04-19 17:18:25','2018-04-19 17:18:25',NULL),(220,108,10,'2018-04-19 17:19:45','2018-04-19 17:19:45',NULL),(221,109,10,'2018-04-19 19:10:59','2018-04-19 19:10:59',NULL),(222,110,10,'2018-04-19 19:20:35','2018-04-19 19:20:35',NULL),(223,111,10,'2018-04-19 19:22:30','2018-04-19 19:22:30',NULL),(230,112,8,'2018-04-22 05:30:05','2018-04-22 05:30:05',NULL),(231,112,9,'2018-04-22 05:30:05','2018-04-22 05:30:05',NULL),(232,112,10,'2018-04-22 05:30:05','2018-04-22 05:30:05',NULL),(269,113,9,'2018-04-23 13:21:00','2018-04-23 13:21:00',NULL),(270,114,9,'2018-04-23 13:27:47','2018-04-23 13:27:47',NULL),(271,114,10,'2018-04-23 13:27:47','2018-04-23 13:27:47',NULL),(272,115,9,'2018-04-23 14:54:56','2018-04-23 14:54:56',NULL),(273,116,9,'2018-04-23 14:56:31','2018-04-23 14:56:31',NULL),(274,116,10,'2018-04-23 14:56:31','2018-04-23 14:56:31',NULL),(275,117,1,'2018-04-23 15:03:57','2018-04-23 15:03:57',NULL),(276,117,2,'2018-04-23 15:03:57','2018-04-23 15:03:57',NULL),(277,118,1,'2018-04-23 15:04:41','2018-04-23 15:04:41',NULL),(278,118,2,'2018-04-23 15:04:41','2018-04-23 15:04:41',NULL),(279,119,1,'2018-04-23 15:05:41','2018-04-23 15:05:41',NULL),(280,119,2,'2018-04-23 15:05:41','2018-04-23 15:05:41',NULL),(281,120,1,'2018-04-23 15:06:31','2018-04-23 15:06:31',NULL),(282,120,2,'2018-04-23 15:06:31','2018-04-23 15:06:31',NULL),(283,121,9,'2018-04-23 15:08:00','2018-04-23 15:08:00',NULL),(284,122,9,'2018-04-23 15:15:37','2018-04-23 15:15:37',NULL),(285,123,1,'2018-04-26 16:04:03','2018-04-26 16:04:03',NULL),(286,123,2,'2018-04-26 16:04:03','2018-04-26 16:04:03',NULL),(287,124,8,'2018-05-09 15:43:26','2018-05-09 15:43:26',NULL),(288,125,10,'2018-05-09 15:48:25','2018-05-09 15:48:25',NULL),(331,126,11,'2018-05-26 20:08:24','2018-05-26 20:08:24',NULL),(329,127,10,'2018-05-26 20:01:17','2018-05-26 20:01:17',NULL),(328,127,9,'2018-05-26 20:01:17','2018-05-26 20:01:17',NULL),(327,127,8,'2018-05-26 20:01:17','2018-05-26 20:01:17',NULL),(394,130,9,'2018-12-31 13:35:51','2018-12-31 13:35:51',NULL),(393,130,8,'2018-12-31 13:35:51','2018-12-31 13:35:51',NULL),(317,128,9,'2018-05-26 19:51:46','2018-05-26 19:51:46',NULL),(315,129,8,'2018-05-26 19:44:22','2018-05-26 19:44:22',NULL),(316,129,9,'2018-05-26 19:44:22','2018-05-26 19:44:22',NULL),(392,131,10,'2018-12-31 13:35:30','2018-12-31 13:35:30',NULL),(391,132,9,'2018-12-31 13:35:22','2018-12-31 13:35:22',NULL),(395,133,10,'2018-12-31 18:42:23','2018-12-31 18:42:23',NULL),(389,134,10,'2018-12-31 13:34:18','2018-12-31 13:34:18',NULL),(388,134,9,'2018-12-31 13:34:18','2018-12-31 13:34:18',NULL),(387,134,8,'2018-12-31 13:34:18','2018-12-31 13:34:18',NULL),(386,135,9,'2018-12-31 13:34:04','2018-12-31 13:34:04',NULL),(385,136,11,'2018-12-31 13:33:58','2018-12-31 13:33:58',NULL),(384,137,11,'2018-12-31 13:33:50','2018-12-31 13:33:50',NULL),(383,138,11,'2018-12-31 13:33:42','2018-12-31 13:33:42',NULL),(382,138,10,'2018-12-31 13:33:42','2018-12-31 13:33:42',NULL),(381,138,9,'2018-12-31 13:33:42','2018-12-31 13:33:42',NULL),(380,138,8,'2018-12-31 13:33:42','2018-12-31 13:33:42',NULL),(379,139,11,'2018-12-31 13:33:31','2018-12-31 13:33:31',NULL),(378,140,11,'2018-12-31 13:33:25','2018-12-31 13:33:25',NULL),(377,141,11,'2018-12-31 13:33:16','2018-12-31 13:33:16',NULL),(376,141,10,'2018-12-31 13:33:16','2018-12-31 13:33:16',NULL),(375,141,9,'2018-12-31 13:33:16','2018-12-31 13:33:16',NULL),(374,141,8,'2018-12-31 13:33:16','2018-12-31 13:33:16',NULL),(373,142,11,'2018-12-31 13:33:09','2018-12-31 13:33:09',NULL),(372,143,11,'2018-12-31 13:33:03','2018-12-31 13:33:03',NULL),(371,144,8,'2018-12-31 13:32:53','2018-12-31 13:32:53',NULL),(370,145,11,'2018-12-31 13:32:44','2018-12-31 13:32:44',NULL),(396,146,9,'2019-01-02 17:42:56','2019-01-02 17:42:56',NULL),(399,147,11,'2019-01-09 05:47:49','2019-01-09 05:47:49',NULL),(400,148,10,'2019-01-09 15:31:57','2019-01-09 15:31:57',NULL),(401,149,8,'2019-02-04 16:12:36','2019-02-04 16:12:36',NULL),(402,149,9,'2019-02-04 16:12:36','2019-02-04 16:12:36',NULL),(403,149,10,'2019-02-04 16:12:36','2019-02-04 16:12:36',NULL),(408,150,9,'2019-02-05 15:26:37','2019-02-05 15:26:37',NULL),(405,151,9,'2019-02-04 16:36:17','2019-02-04 16:36:17',NULL),(428,152,9,'2019-03-04 03:33:05','2019-03-04 03:33:05',NULL),(410,153,10,'2019-02-21 14:40:29','2019-02-21 14:40:29',NULL),(411,154,11,'2019-02-28 07:02:01','2019-02-28 07:02:01',NULL),(413,155,9,'2019-02-28 07:37:39','2019-02-28 07:37:39',NULL),(414,155,10,'2019-02-28 07:37:39','2019-02-28 07:37:39',NULL),(418,156,11,'2019-03-04 00:48:22','2019-03-04 00:48:22',NULL),(431,157,11,'2019-03-05 09:04:04','2019-03-05 09:04:04',NULL),(432,158,12,'2019-03-22 21:16:12','2019-03-22 21:16:12',NULL),(433,159,12,'2019-03-22 21:38:09','2019-03-22 21:38:09',NULL),(434,160,12,'2019-03-22 23:57:22','2019-03-22 23:57:22',NULL),(437,161,12,'2019-03-24 22:44:50','2019-03-24 22:44:50',NULL),(438,162,12,'2019-03-25 18:01:38','2019-03-25 18:01:38',NULL),(439,163,9,'2019-03-27 05:09:51','2019-03-27 05:09:51',NULL),(440,164,9,'2019-04-02 06:36:37','2019-04-02 06:36:37',NULL),(441,165,8,'2019-04-11 23:06:50','2019-04-11 23:06:50',NULL),(442,165,10,'2019-04-11 23:06:50','2019-04-11 23:06:50',NULL),(443,165,11,'2019-04-11 23:06:50','2019-04-11 23:06:50',NULL),(444,166,9,'2019-04-15 23:46:23','2019-04-15 23:46:23',NULL),(445,167,13,'2019-04-16 17:08:14','2019-04-16 17:08:14',NULL),(446,168,9,'2019-05-08 23:16:57','2019-05-08 23:16:57',NULL);
/*!40000 ALTER TABLE `expo_categories` ENABLE KEYS */;
UNLOCK TABLES;

--
-- Table structure for table `expo_contacts`
--

DROP TABLE IF EXISTS `expo_contacts`;
/*!40101 SET @saved_cs_client     = @@character_set_client */;
/*!40101 SET character_set_client = utf8 */;
CREATE TABLE `expo_contacts` (
  `id` int(10) unsigned NOT NULL AUTO_INCREMENT,
  `user_id` int(10) NOT NULL,
  `message` text NOT NULL,
  `type` tinyint(1) NOT NULL DEFAULT 0,
  `status` tinyint(1) NOT NULL DEFAULT 0,
  `created_at` timestamp NULL DEFAULT NULL,
  `updated_at` timestamp NULL DEFAULT NULL,
  `deleted_at` timestamp NULL DEFAULT NULL,
  PRIMARY KEY (`id`)
) ENGINE=MyISAM DEFAULT CHARSET=latin1;
/*!40101 SET character_set_client = @saved_cs_client */;

--
-- Dumping data for table `expo_contacts`
--

LOCK TABLES `expo_contacts` WRITE;
/*!40000 ALTER TABLE `expo_contacts` DISABLE KEYS */;
/*!40000 ALTER TABLE `expo_contacts` ENABLE KEYS */;
UNLOCK TABLES;

--
-- Table structure for table `expo_countries`
--

DROP TABLE IF EXISTS `expo_countries`;
/*!40101 SET @saved_cs_client     = @@character_set_client */;
/*!40101 SET character_set_client = utf8 */;
CREATE TABLE `expo_countries` (
  `id` int(11) NOT NULL AUTO_INCREMENT,
  `expo_id` int(11) NOT NULL,
  `country_id` int(11) NOT NULL,
  `cities` varchar(500) CHARACTER SET utf8 COLLATE utf8_bin DEFAULT NULL,
  `created_at` timestamp NOT NULL DEFAULT current_timestamp(),
  `updated_at` timestamp NULL DEFAULT NULL,
  `deleted_at` timestamp NULL DEFAULT NULL,
  PRIMARY KEY (`id`)
) ENGINE=MyISAM AUTO_INCREMENT=235 DEFAULT CHARSET=latin1;
/*!40101 SET character_set_client = @saved_cs_client */;

--
-- Dumping data for table `expo_countries`
--

LOCK TABLES `expo_countries` WRITE;
/*!40000 ALTER TABLE `expo_countries` DISABLE KEYS */;
INSERT INTO `expo_countries` VALUES (1,17,1,NULL,'2018-03-20 07:20:40',NULL,NULL),(2,17,2,NULL,'2018-03-20 07:20:40',NULL,NULL),(3,21,1,NULL,'2018-03-20 16:11:12','2018-03-20 16:11:12',NULL),(4,21,2,NULL,'2018-03-20 16:11:12','2018-03-20 16:11:12',NULL),(5,26,1,NULL,'2018-03-21 17:45:16','2018-03-21 17:45:16',NULL),(6,26,2,NULL,'2018-03-21 17:45:16','2018-03-21 17:45:16',NULL),(7,30,1,NULL,'2018-03-21 18:04:49','2018-03-21 18:04:49',NULL),(8,30,2,NULL,'2018-03-21 18:04:49','2018-03-21 18:04:49',NULL),(9,31,1,NULL,'2018-03-21 19:19:52','2018-03-21 19:19:52',NULL),(10,31,2,NULL,'2018-03-21 19:19:52','2018-03-21 19:19:52',NULL),(11,32,1,NULL,'2018-03-22 14:13:07','2018-03-22 14:13:07',NULL),(12,32,2,NULL,'2018-03-22 14:13:07','2018-03-22 14:13:07',NULL),(13,33,1,NULL,'2018-03-22 14:17:13','2018-03-22 14:17:13',NULL),(14,33,2,NULL,'2018-03-22 14:17:13','2018-03-22 14:17:13',NULL),(15,34,1,NULL,'2018-03-22 14:28:45','2018-03-22 14:28:45',NULL),(16,34,2,NULL,'2018-03-22 14:28:45','2018-03-22 14:28:45',NULL),(17,35,1,NULL,'2018-03-22 14:46:16','2018-03-22 14:46:16',NULL),(18,35,2,NULL,'2018-03-22 14:46:16','2018-03-22 14:46:16',NULL),(19,36,1,NULL,'2018-03-22 17:21:26','2018-03-22 17:21:26',NULL),(20,36,2,NULL,'2018-03-22 17:21:26','2018-03-22 17:21:26',NULL),(21,37,1,NULL,'2018-03-22 17:40:57','2018-03-22 17:40:57',NULL),(22,37,2,NULL,'2018-03-22 17:40:57','2018-03-22 17:40:57',NULL),(23,38,1,NULL,'2018-03-25 14:41:56','2018-03-25 14:41:56',NULL),(24,38,2,NULL,'2018-03-25 14:41:56','2018-03-25 14:41:56',NULL),(25,39,2,NULL,'2018-03-25 15:00:05','2018-03-25 15:00:05',NULL),(26,40,1,NULL,'2018-03-25 17:02:41','2018-03-25 17:02:41',NULL),(27,40,2,NULL,'2018-03-25 17:02:41','2018-03-25 17:02:41',NULL),(28,41,1,NULL,'2018-03-28 15:59:41','2018-03-28 15:59:41',NULL),(29,41,2,NULL,'2018-03-28 15:59:41','2018-03-28 15:59:41',NULL),(30,55,1,NULL,'2018-03-28 16:15:09','2018-03-28 16:15:09',NULL),(31,55,2,NULL,'2018-03-28 16:15:09','2018-03-28 16:15:09',NULL),(32,42,1,NULL,'2018-03-28 18:58:50','2018-03-28 18:58:50',NULL),(33,42,2,NULL,'2018-03-28 18:58:50','2018-03-28 18:58:50',NULL),(65,44,3,'11111,222222,333333','2018-03-29 14:04:49','2018-03-29 14:04:49',NULL),(64,44,2,'errwrewr,ewrwerwerwer,ewrewrrweer','2018-03-29 14:04:49','2018-03-29 14:04:49',NULL),(63,44,1,'dddddddddddddddd,rewrwerwerewr','2018-03-29 14:04:49','2018-03-29 14:04:49',NULL),(61,44,1,'eeeeeeeeeeeeeeeeee','2018-03-29 14:04:49','2018-03-29 14:04:49',NULL),(62,44,1,'11111111,2222222222,33333333333333,4444444444','2018-03-29 14:04:49','2018-03-29 14:04:49',NULL),(71,45,1,'gdgdfgdfgdfgdfg,dfgdfgdgdfg,dggggg','2018-04-01 15:32:32','2018-04-01 15:32:32',NULL),(70,45,2,'fsfffffffffff,444444444,5657567','2018-04-01 15:32:32','2018-04-01 15:32:32',NULL),(75,48,2,'ffffffffffffffsssssssssssssssss,ssssssssssss','2018-04-02 12:30:59','2018-04-02 12:30:59',NULL),(74,48,1,'dddddddddddddddd,ddddddddddddddd,dssss','2018-04-02 12:30:59','2018-04-02 12:30:59',NULL),(76,48,3,'1111111111,4444444444','2018-04-02 12:30:59','2018-04-02 12:30:59',NULL),(77,57,1,NULL,'2018-04-02 15:21:21','2018-04-02 15:21:21',NULL),(78,57,2,NULL,'2018-04-02 15:21:21','2018-04-02 15:21:21',NULL),(79,60,3,NULL,'2018-04-02 15:23:40','2018-04-02 15:23:40',NULL),(80,60,2,NULL,'2018-04-02 15:23:40','2018-04-02 15:23:40',NULL),(90,55,1,'pal,gaza,hello','2018-04-02 16:32:38','2018-04-02 16:32:38',NULL),(91,55,2,'pal1,gaza2,hello3','2018-04-02 16:32:38','2018-04-02 16:32:38',NULL),(105,66,2,'pal1,gaza2,hello3','2018-04-02 19:33:06','2018-04-02 19:33:06',NULL),(86,61,1,'pal,gaza,hello','2018-04-02 15:45:40','2018-04-02 15:45:40',NULL),(87,61,2,'pal1,gaza2,hello3','2018-04-02 15:45:40','2018-04-02 15:45:40',NULL),(88,62,3,'aasf, hfsf','2018-04-02 15:46:31','2018-04-02 15:46:31',NULL),(89,62,1,'qqq, ggf, xxv','2018-04-02 15:46:31','2018-04-02 15:46:31',NULL),(104,66,1,'pal,gaza,hello','2018-04-02 19:33:06','2018-04-02 19:33:06',NULL),(100,71,1,'ffddd,hff,ggg','2018-04-02 18:52:50','2018-04-02 18:52:50',NULL),(101,71,2,'xxxddfgg,hdgg,gffgg','2018-04-02 18:52:50','2018-04-02 18:52:50',NULL),(102,71,1,'ffddd,hff,ggg','2018-04-02 18:52:55','2018-04-02 18:52:55',NULL),(103,71,2,'xxxddfgg,hdgg,gffgg','2018-04-02 18:52:55','2018-04-02 18:52:55',NULL),(106,55,1,'fxhcxxfx','2018-04-02 19:33:28','2018-04-02 19:33:28',NULL),(107,55,1,'cgcgxgx f','2018-04-02 19:33:28','2018-04-02 19:33:28',NULL),(108,55,3,'cgxgxgx,vhcyc','2018-04-02 19:33:28','2018-04-02 19:33:28',NULL),(109,55,1,'fxhcxxfx','2018-04-02 19:33:38','2018-04-02 19:33:38',NULL),(110,55,1,'cgcgxgx f','2018-04-02 19:33:38','2018-04-02 19:33:38',NULL),(111,55,3,'cgxgxgx,vhcyc','2018-04-02 19:33:38','2018-04-02 19:33:38',NULL),(112,55,1,'fxhcxxfx','2018-04-02 19:33:43','2018-04-02 19:33:43',NULL),(113,55,1,'cgcgxgx f','2018-04-02 19:33:43','2018-04-02 19:33:43',NULL),(114,55,3,'cgxgxgx,vhcyc','2018-04-02 19:33:43','2018-04-02 19:33:43',NULL),(115,55,1,'fxhcxxfx','2018-04-02 19:33:47','2018-04-02 19:33:47',NULL),(116,55,1,'cgcgxgx f','2018-04-02 19:33:47','2018-04-02 19:33:47',NULL),(117,55,3,'cgxgxgx,vhcyc','2018-04-02 19:33:47','2018-04-02 19:33:47',NULL),(118,55,1,'fxhcxxfx','2018-04-02 19:34:26','2018-04-02 19:34:26',NULL),(119,55,1,'cgcgxgx f','2018-04-02 19:34:26','2018-04-02 19:34:26',NULL),(120,55,3,'cgxgxgx,vhcyc','2018-04-02 19:34:26','2018-04-02 19:34:26',NULL),(123,80,3,'gdff,jfjfjfgj,gjjfg','2018-04-02 20:04:53','2018-04-02 20:04:53',NULL),(124,81,3,'xgxgxgx,gfvv','2018-04-02 20:14:09','2018-04-02 20:14:09',NULL),(125,81,1,'xgxgxgxg,jfjfj,jvjvjc','2018-04-02 20:14:09','2018-04-02 20:14:09',NULL),(126,81,2,'hccchchf,hfhfh,gjgu','2018-04-02 20:14:09','2018-04-02 20:14:09',NULL),(134,83,3,'jedah,damam','2018-04-12 13:12:11','2018-04-12 13:12:11',NULL),(128,82,2,'dddddd','2018-04-05 15:54:33','2018-04-05 15:54:33',NULL),(129,87,2,'abu dahbi, dubai, dddd','2018-04-08 19:16:09','2018-04-08 19:16:09',NULL),(130,87,6,'doha, qatar city, cityyy','2018-04-08 19:16:09','2018-04-08 19:16:09',NULL),(131,87,1,'kuwait, temp city, city, k city, blah city','2018-04-08 19:16:09','2018-04-08 19:16:09',NULL),(132,91,6,'fyi','2018-04-09 14:26:35','2018-04-09 14:26:35',NULL),(166,129,1,'salwa,hawally','2018-05-26 19:44:22','2018-05-26 19:44:22',NULL),(135,83,6,'daoha','2018-04-12 13:12:11','2018-04-12 13:12:11',NULL),(136,97,1,'gsuajsjf, ufjsa','2018-04-12 16:43:06','2018-04-12 16:43:06',NULL),(137,97,4,'balala, hahaja, hshaa','2018-04-12 16:43:06','2018-04-12 16:43:06',NULL),(149,99,2,'dubi','2018-05-15 14:04:30','2018-05-15 14:04:30',NULL),(146,124,3,'الرياض','2018-05-09 15:43:27','2018-05-09 15:43:27',NULL),(147,125,3,'jeddah, riadah,mecca','2018-05-09 15:48:25','2018-05-09 15:48:25',NULL),(148,125,6,'dawha','2018-05-09 15:48:25','2018-05-09 15:48:25',NULL),(171,126,1,'Hawally','2018-05-26 20:08:24','2018-05-26 20:08:24',NULL),(167,128,1,'Hawalli','2018-05-26 19:51:46','2018-05-26 19:51:46',NULL),(170,126,2,'ddd','2018-05-26 20:08:24','2018-05-26 20:08:24',NULL),(165,129,6,'Doha','2018-05-26 19:44:22','2018-05-26 19:44:22',NULL),(204,130,1,'Salmiya','2018-12-31 13:35:51','2018-12-31 13:35:51',NULL),(203,131,1,'Kuwait','2018-12-31 13:35:30','2018-12-31 13:35:30',NULL),(201,132,1,'salwa, kuwait','2018-12-31 13:35:22','2018-12-31 13:35:22',NULL),(205,133,6,'vaba','2018-12-31 18:42:23','2018-12-31 18:42:23',NULL),(199,134,1,'doha,kuwait,blah','2018-12-31 13:34:18','2018-12-31 13:34:18',NULL),(198,135,1,'h','2018-12-31 13:34:04','2018-12-31 13:34:04',NULL),(197,135,1,'hh','2018-12-31 13:34:04','2018-12-31 13:34:04',NULL),(196,136,1,'Hawalli','2018-12-31 13:33:58','2018-12-31 13:33:58',NULL),(195,137,1,'Hawally','2018-12-31 13:33:50','2018-12-31 13:33:50',NULL),(194,138,1,'Hawally','2018-12-31 13:33:42','2018-12-31 13:33:42',NULL),(193,139,1,'Sharq','2018-12-31 13:33:31','2018-12-31 13:33:31',NULL),(192,142,1,'Hi','2018-12-31 13:33:09','2018-12-31 13:33:09',NULL),(191,143,1,'Hausas','2018-12-31 13:33:03','2018-12-31 13:33:03',NULL),(190,144,1,'gsjsjsj','2018-12-31 13:32:53','2018-12-31 13:32:53',NULL),(189,145,1,'gshsjs','2018-12-31 13:32:44','2018-12-31 13:32:44',NULL),(202,132,3,'Jedda','2018-12-31 13:35:22','2018-12-31 13:35:22',NULL),(206,146,1,'salmiya , jahra , hawally, jabriya','2019-01-02 17:42:56','2019-01-02 17:42:56',NULL),(207,148,1,'kuwait','2019-01-09 15:31:57','2019-01-09 15:31:57',NULL),(208,148,6,'doha','2019-01-09 15:31:57','2019-01-09 15:31:57',NULL),(209,148,7,'amman','2019-01-09 15:31:57','2019-01-09 15:31:57',NULL),(210,149,1,'kuwait','2019-02-04 16:12:36','2019-02-04 16:12:36',NULL),(211,149,2,'dobai','2019-02-04 16:12:36','2019-02-04 16:12:36',NULL),(212,154,1,'الصباحيه','2019-02-28 07:02:02','2019-02-28 07:02:02',NULL),(213,155,1,'الاحمدي','2019-02-28 07:37:39','2019-02-28 07:37:39',NULL),(217,156,4,'كل المناطق','2019-03-04 00:48:22','2019-03-04 00:48:22',NULL),(223,157,1,'الصباحيه','2019-03-05 09:04:04','2019-03-05 09:04:04',NULL),(224,157,6,'الدوحه','2019-03-05 09:04:04','2019-03-05 09:04:04',NULL),(225,158,1,'all cities','2019-03-22 21:16:12','2019-03-22 21:16:12',NULL),(226,159,1,'salmiyah','2019-03-22 21:38:10','2019-03-22 21:38:10',NULL),(227,160,1,'kuwait','2019-03-22 23:57:22','2019-03-22 23:57:22',NULL),(229,161,1,'الفروانيه','2019-03-24 22:44:50','2019-03-24 22:44:50',NULL),(230,163,1,'عاصمه','2019-03-27 05:09:51','2019-03-27 05:09:51',NULL),(231,163,1,'كل مناطق الكويت','2019-03-27 05:09:51','2019-03-27 05:09:51',NULL),(232,164,1,'جميع مناطق الكويت ','2019-04-02 06:36:38','2019-04-02 06:36:38',NULL),(233,168,4,'hxhx','2019-05-08 23:16:58','2019-05-08 23:16:58',NULL),(234,168,6,'ffg','2019-05-08 23:16:58','2019-05-08 23:16:58',NULL);
/*!40000 ALTER TABLE `expo_countries` ENABLE KEYS */;
UNLOCK TABLES;

--
-- Table structure for table `expo_messages`
--

DROP TABLE IF EXISTS `expo_messages`;
/*!40101 SET @saved_cs_client     = @@character_set_client */;
/*!40101 SET character_set_client = utf8 */;
CREATE TABLE `expo_messages` (
  `id` int(11) NOT NULL AUTO_INCREMENT,
  `expo_id` int(11) NOT NULL,
  `status` enum('unread','read') CHARACTER SET utf8 COLLATE utf8_bin NOT NULL,
  `admin_status` enum('unread','read') CHARACTER SET utf8 COLLATE utf8_bin NOT NULL,
  `created_at` timestamp NOT NULL DEFAULT current_timestamp(),
  `updated_at` timestamp NULL DEFAULT NULL,
  `deleted_at` timestamp NULL DEFAULT NULL,
  PRIMARY KEY (`id`)
) ENGINE=MyISAM DEFAULT CHARSET=latin1;
/*!40101 SET character_set_client = @saved_cs_client */;

--
-- Dumping data for table `expo_messages`
--

LOCK TABLES `expo_messages` WRITE;
/*!40000 ALTER TABLE `expo_messages` DISABLE KEYS */;
/*!40000 ALTER TABLE `expo_messages` ENABLE KEYS */;
UNLOCK TABLES;

--
-- Table structure for table `expo_translations`
--

DROP TABLE IF EXISTS `expo_translations`;
/*!40101 SET @saved_cs_client     = @@character_set_client */;
/*!40101 SET character_set_client = utf8 */;
CREATE TABLE `expo_translations` (
  `id` int(11) NOT NULL AUTO_INCREMENT,
  `locale` varchar(300) NOT NULL,
  `name` varchar(300) NOT NULL,
  `expo_id` int(11) NOT NULL,
  `created_at` timestamp NOT NULL DEFAULT current_timestamp(),
  `updated_at` timestamp NULL DEFAULT NULL,
  `deleted_at` timestamp NULL DEFAULT NULL,
  PRIMARY KEY (`id`)
) ENGINE=MyISAM AUTO_INCREMENT=332 DEFAULT CHARSET=utf8;
/*!40101 SET character_set_client = @saved_cs_client */;

--
-- Dumping data for table `expo_translations`
--

LOCK TABLES `expo_translations` WRITE;
/*!40000 ALTER TABLE `expo_translations` DISABLE KEYS */;
INSERT INTO `expo_translations` VALUES (7,'en','Wer123',5,'2018-03-15 10:45:54','2018-03-15 10:45:54',NULL),(6,'ar','111111111111111111',4,'2018-03-15 10:16:44','2018-03-15 10:38:55',NULL),(5,'en','1111111',4,'2018-03-15 10:16:44','2018-03-15 10:38:55',NULL),(8,'ar','Ewrewrwer',5,'2018-03-15 10:45:54','2018-03-15 10:45:54',NULL),(9,'ar','Ewrewrwer',6,'2018-03-15 10:45:54','2018-03-15 10:45:54',NULL),(10,'ar','Ewrewrwer',7,'2018-03-15 10:45:54','2018-03-15 10:45:54',NULL),(11,'ar','Ewrewrwer',8,'2018-03-15 10:45:54','2018-03-15 10:45:54',NULL),(12,'ar','Ewrewrwer',9,'2018-03-15 10:45:54','2018-03-15 10:45:54',NULL),(19,'en','expoo',12,'2018-03-19 15:33:20','2018-03-19 15:33:20',NULL),(15,'en','Wer',6,'2018-03-15 10:45:54','2018-03-15 10:45:54',NULL),(16,'en','Wer',7,'2018-03-15 10:45:54','2018-03-15 10:45:54',NULL),(17,'en','Wer',8,'2018-03-15 10:45:54','2018-03-15 10:45:54',NULL),(18,'en','Wer',9,'2018-03-15 10:45:54','2018-03-15 10:45:54',NULL),(20,'en','expoo',13,'2018-03-19 15:34:07','2018-03-19 15:34:07',NULL),(21,'ar','expoo',13,'2018-03-19 15:34:07','2018-03-19 15:34:07',NULL),(22,'en','expoo',14,'2018-03-19 16:56:19','2018-03-19 16:56:19',NULL),(23,'ar','expoo',14,'2018-03-19 16:56:19','2018-03-19 16:56:19',NULL),(24,'en','expoo',15,'2018-03-19 17:30:46','2018-03-19 17:30:46',NULL),(25,'ar','expoo',15,'2018-03-19 17:30:46','2018-03-19 17:30:46',NULL),(26,'en','expoo',16,'2018-03-19 17:31:34','2018-03-19 17:31:34',NULL),(27,'ar','expoo',16,'2018-03-19 17:31:34','2018-03-19 17:31:34',NULL),(28,'en','expoo',17,'2018-03-19 17:32:30','2018-03-19 17:32:30',NULL),(29,'ar','expoo',17,'2018-03-19 17:32:30','2018-03-19 17:32:30',NULL),(30,'en','expoo',18,'2018-03-19 19:17:31','2018-03-19 19:17:31',NULL),(31,'ar','expoo',18,'2018-03-19 19:17:31','2018-03-19 19:17:31',NULL),(32,'en','expoo',19,'2018-03-19 19:26:20','2018-03-19 19:26:20',NULL),(33,'ar','expoo',19,'2018-03-19 19:26:20','2018-03-19 19:26:20',NULL),(34,'en','expoo',20,'2018-03-19 19:27:50','2018-03-19 19:27:50',NULL),(35,'ar','expoo',20,'2018-03-19 19:27:50','2018-03-19 19:27:50',NULL),(36,'en','Fsdfffff',21,'2018-03-20 16:11:12','2018-03-20 16:11:12',NULL),(37,'ar','Ddddddddddd',21,'2018-03-20 16:11:12','2018-03-20 16:11:12',NULL),(38,'en','expoo',22,'2018-03-21 16:32:24','2018-03-21 16:32:24',NULL),(39,'ar','expoo',22,'2018-03-21 16:32:24','2018-03-21 16:32:24',NULL),(40,'en','expoo',23,'2018-03-21 16:32:43','2018-03-21 16:32:43',NULL),(41,'ar','expoo',23,'2018-03-21 16:32:43','2018-03-21 16:32:43',NULL),(42,'en','expoo',24,'2018-03-21 17:40:29','2018-03-21 17:40:29',NULL),(43,'ar','expoo',24,'2018-03-21 17:40:29','2018-03-21 17:40:29',NULL),(44,'en','expoo',25,'2018-03-21 17:44:01','2018-03-21 17:44:01',NULL),(45,'ar','expoo',25,'2018-03-21 17:44:01','2018-03-21 17:44:01',NULL),(46,'en','expoo',26,'2018-03-21 17:45:16','2018-03-21 17:45:16',NULL),(47,'ar','expoo',26,'2018-03-21 17:45:16','2018-03-21 17:45:16',NULL),(48,'en','expoo',27,'2018-03-21 17:53:27','2018-03-21 17:53:27',NULL),(49,'ar','expoo',27,'2018-03-21 17:53:27','2018-03-21 17:53:27',NULL),(50,'en','expoo',28,'2018-03-21 18:02:02','2018-03-21 18:02:02',NULL),(51,'ar','expoo',28,'2018-03-21 18:02:02','2018-03-21 18:02:02',NULL),(52,'en','expoo',29,'2018-03-21 18:03:13','2018-03-21 18:03:13',NULL),(53,'ar','expoo',29,'2018-03-21 18:03:13','2018-03-21 18:03:13',NULL),(54,'en','expoo',30,'2018-03-21 18:04:49','2018-03-21 18:04:49',NULL),(55,'ar','expoo',30,'2018-03-21 18:04:49','2018-03-21 18:04:49',NULL),(56,'en','Mostafa',31,'2018-03-21 19:19:52','2018-03-21 19:19:52',NULL),(57,'ar','Mostafa',31,'2018-03-21 19:19:52','2018-03-21 19:19:52',NULL),(58,'en','expoo',32,'2018-03-22 14:13:07','2018-03-22 14:13:07',NULL),(59,'ar','expoo',32,'2018-03-22 14:13:07','2018-03-22 14:13:07',NULL),(60,'en','wwww',33,'2018-03-22 14:17:13','2018-03-22 14:17:13',NULL),(61,'ar','wwww',33,'2018-03-22 14:17:13','2018-03-22 14:17:13',NULL),(62,'en','qqqqqq',34,'2018-03-22 14:28:45','2018-03-22 14:28:45',NULL),(63,'ar','qqqqqq',34,'2018-03-22 14:28:45','2018-03-22 14:28:45',NULL),(64,'en','Qwerty Expo',35,'2018-03-22 14:46:16','2018-03-22 14:46:16',NULL),(65,'ar','Qwerty Expo',35,'2018-03-22 14:46:16','2018-03-22 14:46:16',NULL),(66,'en','Baaa',36,'2018-03-22 17:21:26','2018-03-22 17:21:26',NULL),(67,'ar','Baaa',36,'2018-03-22 17:21:26','2018-03-22 17:21:26',NULL),(68,'en','Des Exp',37,'2018-03-22 17:40:57','2018-03-22 17:40:57',NULL),(69,'ar','Des Exp',37,'2018-03-22 17:40:57','2018-03-22 17:40:57',NULL),(70,'en','Asdas',38,'2018-03-25 14:41:56','2018-03-25 14:41:56',NULL),(71,'ar','Dadasd',38,'2018-03-25 14:41:56','2018-03-25 14:41:56',NULL),(72,'en','Fffffffff',39,'2018-03-25 15:00:05','2018-03-25 15:00:05',NULL),(73,'ar','Ssssssssss',39,'2018-03-25 15:00:05','2018-03-25 15:00:05',NULL),(74,'en','Mostafa',40,'2018-03-25 17:02:41','2018-03-25 17:02:41',NULL),(75,'ar','Mostafa',40,'2018-03-25 17:02:41','2018-03-25 17:02:41',NULL),(76,'en','expoo',41,'2018-03-28 15:59:41','2018-03-28 15:59:41',NULL),(77,'ar','expoo',41,'2018-03-28 15:59:41','2018-03-28 15:59:41',NULL),(78,'en','Nana',42,'2018-03-28 18:58:50','2018-03-28 18:58:50',NULL),(79,'ar','Nana',42,'2018-03-28 18:58:50','2018-03-28 18:58:50',NULL),(80,'en','expoo',43,'2018-03-28 19:53:09','2018-03-28 19:53:09',NULL),(81,'ar','expoo',43,'2018-03-28 19:53:09','2018-03-28 19:53:09',NULL),(82,'en','Sssssssss',44,'2018-03-29 13:41:18','2018-03-29 13:41:18',NULL),(83,'ar','Ddddddddddd',44,'2018-03-29 13:41:18','2018-03-29 13:41:18',NULL),(84,'en','Amanda',45,'2018-03-29 19:15:46','2018-03-29 19:15:46',NULL),(85,'ar','Amanda',45,'2018-03-29 19:15:46','2018-03-29 19:15:46',NULL),(86,'en','Ffffffffffffff',46,'2018-04-01 20:14:41','2018-04-01 20:14:41',NULL),(87,'ar','Dddddddddd',46,'2018-04-01 20:14:41','2018-04-01 20:14:41',NULL),(88,'en','Ffffffffffffffddd',47,'2018-04-01 20:15:49','2018-04-01 20:15:49',NULL),(89,'ar','Dddddddddddddd',47,'2018-04-01 20:15:49','2018-04-01 20:15:49',NULL),(90,'en','Ffffffffffffff',48,'2018-04-02 12:28:37','2018-04-02 12:28:37',NULL),(91,'ar','Sdfsdfsf',48,'2018-04-02 12:28:37','2018-04-02 12:28:37',NULL),(92,'en','expoo',49,'2018-04-02 13:43:36','2018-04-02 13:43:36',NULL),(93,'ar','expoo',49,'2018-04-02 13:43:36','2018-04-02 13:43:36',NULL),(94,'en','expoo',50,'2018-04-02 13:43:45','2018-04-02 13:43:45',NULL),(95,'ar','expoo',50,'2018-04-02 13:43:45','2018-04-02 13:43:45',NULL),(96,'en','expoo',51,'2018-04-02 14:15:11','2018-04-02 14:15:11',NULL),(97,'ar','expoo',51,'2018-04-02 14:15:11','2018-04-02 14:15:11',NULL),(98,'en','ascf',52,'2018-04-02 14:41:54','2018-04-02 14:41:54',NULL),(99,'ar','ascf',52,'2018-04-02 14:41:54','2018-04-02 14:41:54',NULL),(100,'en','sfghjj',53,'2018-04-02 14:45:19','2018-04-02 14:45:19',NULL),(101,'ar','sfghjj',53,'2018-04-02 14:45:19','2018-04-02 14:45:19',NULL),(102,'en','qaasdd',54,'2018-04-02 14:48:50','2018-04-02 14:48:50',NULL),(103,'ar','qaasdd',54,'2018-04-02 14:48:50','2018-04-02 14:48:50',NULL),(104,'en','tsysydy',55,'2018-04-02 14:51:18','2018-04-02 14:51:18',NULL),(105,'ar','tsysydy',55,'2018-04-02 14:51:18','2018-04-02 14:51:18',NULL),(106,'en','hdhfhf',56,'2018-04-02 14:58:48','2018-04-02 14:58:48',NULL),(107,'ar','hdhfhf',56,'2018-04-02 14:58:48','2018-04-02 14:58:48',NULL),(108,'en','expoo',57,'2018-04-02 15:01:57','2018-04-02 15:01:57',NULL),(109,'ar','expoo',57,'2018-04-02 15:01:57','2018-04-02 15:01:57',NULL),(110,'en','figd',58,'2018-04-02 15:15:01','2018-04-02 15:15:01',NULL),(111,'ar','figd',58,'2018-04-02 15:15:01','2018-04-02 15:15:01',NULL),(112,'en','expoo',59,'2018-04-02 15:20:10','2018-04-02 15:20:10',NULL),(113,'ar','expoo',59,'2018-04-02 15:20:10','2018-04-02 15:20:10',NULL),(114,'en','figd',60,'2018-04-02 15:23:31','2018-04-02 15:23:31',NULL),(115,'ar','figd',60,'2018-04-02 15:23:31','2018-04-02 15:23:31',NULL),(116,'en','sfhjk',61,'2018-04-02 15:36:36','2018-04-02 15:36:36',NULL),(117,'ar','sfhjk',61,'2018-04-02 15:36:36','2018-04-02 15:36:36',NULL),(118,'en','sfhjk',62,'2018-04-02 15:44:10','2018-04-02 15:44:10',NULL),(119,'ar','sfhjk',62,'2018-04-02 15:44:10','2018-04-02 15:44:10',NULL),(120,'en','ahmed',63,'2018-04-02 15:53:01','2018-04-02 15:53:01',NULL),(121,'ar','ahmed',63,'2018-04-02 15:53:01','2018-04-02 15:53:01',NULL),(122,'en','gugigjgkgi',64,'2018-04-02 16:24:32','2018-04-02 16:24:32',NULL),(123,'ar','gugigjgkgi',64,'2018-04-02 16:24:32','2018-04-02 16:24:32',NULL),(124,'en','vufufufycycydyd',65,'2018-04-02 17:09:57','2018-04-02 17:09:57',NULL),(125,'ar','vufufufycycydyd',65,'2018-04-02 17:09:57','2018-04-02 17:09:57',NULL),(126,'en','expoo',66,'2018-04-02 17:34:57','2018-04-02 17:34:57',NULL),(127,'ar','expoo',66,'2018-04-02 17:34:57','2018-04-02 17:34:57',NULL),(128,'en','gigufufu',67,'2018-04-02 17:40:41','2018-04-02 17:40:41',NULL),(129,'ar','gigufufu',67,'2018-04-02 17:40:41','2018-04-02 17:40:41',NULL),(130,'en','vuvuvuvuvuvuvuc',68,'2018-04-02 17:45:57','2018-04-02 17:45:57',NULL),(131,'ar','vuvuvuvuvuvuvuc',68,'2018-04-02 17:45:57','2018-04-02 17:45:57',NULL),(132,'en','jfjf',69,'2018-04-02 17:52:54','2018-04-02 17:52:54',NULL),(133,'ar','jfjf',69,'2018-04-02 17:52:54','2018-04-02 17:52:54',NULL),(134,'en','vucu',70,'2018-04-02 18:02:03','2018-04-02 18:02:03',NULL),(135,'ar','vucu',70,'2018-04-02 18:02:03','2018-04-02 18:02:03',NULL),(136,'en','vjvjvjvjc',71,'2018-04-02 18:26:25','2018-04-02 18:26:25',NULL),(137,'ar','vjvjvjvjc',71,'2018-04-02 18:26:25','2018-04-02 18:26:25',NULL),(138,'en','jvuvuvu',72,'2018-04-02 18:33:20','2018-04-02 18:33:20',NULL),(139,'ar','jvuvuvu',72,'2018-04-02 18:33:20','2018-04-02 18:33:20',NULL),(140,'en','jvhcuchcu',73,'2018-04-02 18:45:41','2018-04-02 18:45:41',NULL),(141,'ar','jvhcuchcu',73,'2018-04-02 18:45:41','2018-04-02 18:45:41',NULL),(142,'en','gggggnhgg',74,'2018-04-02 18:51:48','2018-04-02 18:51:48',NULL),(143,'ar','gggggnhgg',74,'2018-04-02 18:51:48','2018-04-02 18:51:48',NULL),(144,'en','vchchcyc',75,'2018-04-02 18:59:41','2018-04-02 18:59:41',NULL),(145,'ar','vchchcyc',75,'2018-04-02 18:59:41','2018-04-02 18:59:41',NULL),(146,'en','expoo',76,'2018-04-02 19:05:55','2018-04-02 19:05:55',NULL),(147,'ar','expoo',76,'2018-04-02 19:05:55','2018-04-02 19:05:55',NULL),(148,'en','vyvyvyv',77,'2018-04-02 19:16:35','2018-04-02 19:16:35',NULL),(149,'ar','vyvyvyv',77,'2018-04-02 19:16:35','2018-04-02 19:16:35',NULL),(150,'en','ufycycyxgxztz',78,'2018-04-02 19:20:39','2018-04-02 19:20:39',NULL),(151,'ar','ufycycyxgxztz',78,'2018-04-02 19:20:39','2018-04-02 19:20:39',NULL),(152,'en','ufycycyxgxztz',79,'2018-04-02 19:28:49','2018-04-02 19:28:49',NULL),(153,'ar','ufycycyxgxztz',79,'2018-04-02 19:28:49','2018-04-02 19:28:49',NULL),(154,'en','jvjvhchch',80,'2018-04-02 20:04:53','2018-04-02 20:04:53',NULL),(155,'ar','jvjvhchch',80,'2018-04-02 20:04:53','2018-04-02 20:04:53',NULL),(156,'en','ufjfjcuf',81,'2018-04-02 20:14:08','2018-04-02 20:14:08',NULL),(157,'ar','ufjfjcuf',81,'2018-04-02 20:14:08','2018-04-02 20:14:08',NULL),(158,'en','Sssssssss',82,'2018-04-05 15:54:33','2018-04-05 15:54:33',NULL),(159,'ar','Aaaaaaaaaaa',82,'2018-04-05 15:54:33','2018-04-05 15:54:33',NULL),(160,'en','Aber Khalid',83,'2018-04-05 16:46:40','2018-04-05 16:46:40',NULL),(161,'ar','عبير خالد',83,'2018-04-05 16:46:40','2018-04-05 16:46:40',NULL),(162,'en','EXPO WOMAN',84,'2018-04-08 12:37:09','2018-04-08 12:37:09',NULL),(163,'ar','معرض نسائي',84,'2018-04-08 12:37:09','2018-04-08 12:37:09',NULL),(164,'en','WOMAN Expo',85,'2018-04-08 12:44:16','2018-04-08 12:44:16',NULL),(165,'ar','المعرض',85,'2018-04-08 12:44:16','2018-04-08 12:44:16',NULL),(166,'en','Rozy Flowers',86,'2018-04-08 12:52:33','2018-05-26 20:20:22',NULL),(167,'ar','روزي للزهور',86,'2018-04-08 12:52:33','2018-05-26 20:20:22',NULL),(168,'en','iMostafa Store',87,'2018-04-08 19:15:50','2018-04-08 19:15:50',NULL),(169,'ar','iMostafa Store',87,'2018-04-08 19:15:50','2018-04-08 19:15:50',NULL),(170,'en','expoo',88,'2018-04-09 13:55:08','2018-04-09 13:55:08',NULL),(171,'ar','expoo',88,'2018-04-09 13:55:08','2018-04-09 13:55:08',NULL),(172,'en','Zzzzz',89,'2018-04-09 14:18:03','2018-04-09 14:18:03',NULL),(173,'ar','Zzzzz',89,'2018-04-09 14:18:03','2018-04-09 14:18:03',NULL),(174,'en','expoo',90,'2018-04-09 14:20:08','2018-04-09 14:20:08',NULL),(175,'ar','expoo',90,'2018-04-09 14:20:08','2018-04-09 14:20:08',NULL),(176,'en','ethics and',91,'2018-04-09 14:26:13','2018-04-09 14:26:13',NULL),(177,'ar','ethics and',91,'2018-04-09 14:26:13','2018-04-09 14:26:13',NULL),(178,'en','Bussnis Expo',92,'2018-04-09 16:43:05','2018-04-09 16:43:05',NULL),(179,'ar','معرض بزنس',92,'2018-04-09 16:43:05','2018-04-09 16:43:05',NULL),(180,'en','cggg',93,'2018-04-11 22:01:20','2018-04-11 22:01:20',NULL),(181,'ar','cggg',93,'2018-04-11 22:01:20','2018-04-11 22:01:20',NULL),(182,'en','fdff',94,'2018-04-11 22:09:25','2018-04-11 22:09:25',NULL),(183,'ar','fdff',94,'2018-04-11 22:09:25','2018-04-11 22:09:25',NULL),(184,'en','Zaeem',95,'2018-04-12 12:50:17','2018-04-12 12:53:03',NULL),(185,'ar','الزعيم',95,'2018-04-12 12:50:17','2018-04-12 12:53:03',NULL),(186,'en','Best Expo',96,'2018-04-12 13:03:10','2018-04-12 13:03:10',NULL),(187,'ar','أفضل معرض',96,'2018-04-12 13:03:10','2018-04-12 13:03:10',NULL),(188,'en','qqwrd',97,'2018-04-12 16:43:05','2018-04-12 16:43:05',NULL),(189,'ar','qqwrd',97,'2018-04-12 16:43:05','2018-04-12 16:43:05',NULL),(190,'en','En',98,'2018-04-14 21:51:38','2018-04-14 21:51:38',NULL),(191,'ar','Ar',98,'2018-04-14 21:51:38','2018-04-14 21:51:38',NULL),(192,'en','Hexa',99,'2018-04-18 16:42:55','2018-05-15 14:04:30',NULL),(193,'ar','Hexa',99,'2018-04-18 16:42:55','2018-05-15 14:04:30',NULL),(194,'en','Fatima Tulip Flowers',100,'2018-04-18 16:43:37','2018-05-26 20:56:42',NULL),(195,'ar','فااطيمه لورود التوليب',100,'2018-04-18 16:43:37','2018-05-26 20:56:42',NULL),(196,'en','Merves Cakes',101,'2018-04-18 19:00:23','2018-05-26 20:16:13',NULL),(197,'ar','ميرفز كيك',101,'2018-04-18 19:00:23','2018-05-26 20:16:13',NULL),(198,'en','cxvbjj',102,'2018-04-18 19:27:58','2018-04-18 19:27:58',NULL),(199,'ar','cxvbjj',102,'2018-04-18 19:27:58','2018-04-18 19:27:58',NULL),(200,'en','gijfuf',103,'2018-04-18 19:39:16','2018-04-18 19:39:16',NULL),(201,'ar','gijfuf',103,'2018-04-18 19:39:16','2018-04-18 19:39:16',NULL),(202,'en','gkgi',104,'2018-04-18 20:43:11','2018-04-18 20:43:11',NULL),(203,'ar','gkgi',104,'2018-04-18 20:43:11','2018-04-18 20:43:11',NULL),(204,'en','ugifif',105,'2018-04-18 20:53:52','2018-04-18 20:53:52',NULL),(205,'ar','ugifif',105,'2018-04-18 20:53:52','2018-04-18 20:53:52',NULL),(206,'en','hchchc',106,'2018-04-18 21:02:29','2018-04-18 21:02:29',NULL),(207,'ar','hchchc',106,'2018-04-18 21:02:29','2018-04-18 21:02:29',NULL),(208,'en','Atallah',107,'2018-04-19 17:18:25','2018-04-19 17:18:25',NULL),(209,'ar','Atallah',107,'2018-04-19 17:18:25','2018-04-19 17:18:25',NULL),(210,'en','Atallah',108,'2018-04-19 17:19:45','2018-04-19 17:19:45',NULL),(211,'ar','Atallah',108,'2018-04-19 17:19:45','2018-04-19 17:19:45',NULL),(212,'en','Ahmed',109,'2018-04-19 19:10:59','2018-04-19 19:10:59',NULL),(213,'ar','Ahmed',109,'2018-04-19 19:10:59','2018-04-19 19:10:59',NULL),(214,'en','Ahmed',110,'2018-04-19 19:20:35','2018-04-19 19:20:35',NULL),(215,'ar','Ahmed',110,'2018-04-19 19:20:35','2018-04-19 19:20:35',NULL),(216,'en','Ahmed',111,'2018-04-19 19:22:30','2018-04-19 19:22:30',NULL),(217,'ar','Ahmed',111,'2018-04-19 19:22:30','2018-04-19 19:22:30',NULL),(218,'en','vjgjgjg',112,'2018-04-22 05:30:05','2018-04-22 05:30:05',NULL),(219,'ar','vjgjgjg',112,'2018-04-22 05:30:05','2018-04-22 05:30:05',NULL),(220,'en','qwfhi',113,'2018-04-23 13:21:00','2018-04-23 13:21:00',NULL),(221,'ar','qwfhi',113,'2018-04-23 13:21:00','2018-04-23 13:21:00',NULL),(222,'en','kg lg lg hlchlcph',114,'2018-04-23 13:27:47','2018-04-23 13:27:47',NULL),(223,'ar','kg lg lg hlchlcph',114,'2018-04-23 13:27:47','2018-04-23 13:27:47',NULL),(224,'en','fauais',115,'2018-04-23 14:54:56','2018-04-23 14:54:56',NULL),(225,'ar','fauais',115,'2018-04-23 14:54:56','2018-04-23 14:54:56',NULL),(226,'en','aq',116,'2018-04-23 14:56:31','2018-04-23 14:56:31',NULL),(227,'ar','aq',116,'2018-04-23 14:56:31','2018-04-23 14:56:31',NULL),(228,'en','expoo',117,'2018-04-23 15:03:57','2018-04-23 15:03:57',NULL),(229,'ar','expoo',117,'2018-04-23 15:03:57','2018-04-23 15:03:57',NULL),(230,'en','expoo',118,'2018-04-23 15:04:41','2018-04-23 15:04:41',NULL),(231,'ar','expoo',118,'2018-04-23 15:04:41','2018-04-23 15:04:41',NULL),(232,'en','expoo',119,'2018-04-23 15:05:41','2018-04-23 15:05:41',NULL),(233,'ar','expoo',119,'2018-04-23 15:05:41','2018-04-23 15:05:41',NULL),(234,'en','expoo',120,'2018-04-23 15:06:31','2018-04-23 15:06:31',NULL),(235,'ar','expoo',120,'2018-04-23 15:06:31','2018-04-23 15:06:31',NULL),(236,'en','bugih',121,'2018-04-23 15:08:00','2018-04-23 15:08:00',NULL),(237,'ar','bugih',121,'2018-04-23 15:08:00','2018-04-23 15:08:00',NULL),(238,'en','vufe',122,'2018-04-23 15:15:37','2018-04-23 15:15:37',NULL),(239,'ar','vufe',122,'2018-04-23 15:15:37','2018-04-23 15:15:37',NULL),(240,'en','expoo',123,'2018-04-26 16:04:03','2018-04-26 16:04:03',NULL),(241,'ar','expoo',123,'2018-04-26 16:04:03','2018-04-26 16:04:03',NULL),(242,'en','zaeem',124,'2018-05-09 15:43:26','2018-05-09 15:43:26',NULL),(243,'ar','zaeem',124,'2018-05-09 15:43:26','2018-05-09 15:43:26',NULL),(244,'en','hexa',125,'2018-05-09 15:48:25','2018-05-09 15:48:25',NULL),(245,'ar','hexa',125,'2018-05-09 15:48:25','2018-05-09 15:48:25',NULL),(246,'en','Shero Cakes',126,'2018-05-17 18:19:55','2018-05-26 20:08:24',NULL),(247,'ar','شيروكيك',126,'2018-05-17 18:19:55','2018-05-26 20:08:24',NULL),(248,'en','Reckery For Shoes',127,'2018-05-17 19:55:03','2018-05-26 19:58:40',NULL),(249,'ar','ريكري للاحذيه',127,'2018-05-17 19:55:03','2018-05-26 19:58:40',NULL),(250,'en','Nwaem',128,'2018-05-17 19:55:06','2018-05-26 19:51:46',NULL),(251,'ar','نواعم',128,'2018-05-17 19:55:06','2018-05-26 19:51:46',NULL),(252,'en','Morrocan Designs',129,'2018-05-26 19:10:54','2018-05-26 19:44:22',NULL),(253,'ar','تصاميم مغربي',129,'2018-05-26 19:10:54','2018-05-26 19:44:22',NULL),(254,'en','Rose',130,'2018-06-27 13:49:29','2018-06-27 13:49:29',NULL),(255,'ar','Rose',130,'2018-06-27 13:49:29','2018-06-27 13:49:29',NULL),(256,'en','Ghgg',131,'2018-06-27 14:12:02','2018-12-31 13:35:30',NULL),(257,'ar','Ghgg',131,'2018-06-27 14:12:02','2018-12-31 13:35:30',NULL),(258,'en','Deema',132,'2018-07-31 14:15:17','2018-07-31 14:15:17',NULL),(259,'ar','Deema',132,'2018-07-31 14:15:17','2018-07-31 14:15:17',NULL),(260,'en','Blahblah',133,'2018-08-02 16:05:05','2018-12-31 13:35:14',NULL),(261,'ar','Blahblah',133,'2018-08-02 16:05:05','2018-12-31 13:35:14',NULL),(262,'en','Bbbblah',134,'2018-08-15 19:10:35','2018-12-31 13:34:18',NULL),(263,'ar','Bbbblah',134,'2018-08-15 19:10:35','2018-12-31 13:34:18',NULL),(264,'en','Noorline',135,'2018-08-16 18:33:44','2018-12-31 13:34:04',NULL),(265,'ar','Noorline',135,'2018-08-16 18:33:44','2018-12-31 13:34:04',NULL),(266,'en','Linekw',136,'2018-08-28 20:56:27','2018-08-28 20:56:27',NULL),(267,'ar','Linekw',136,'2018-08-28 20:56:27','2018-08-28 20:56:27',NULL),(268,'en','Linekw',137,'2018-08-28 20:59:11','2018-08-28 20:59:11',NULL),(269,'ar','Linekw',137,'2018-08-28 20:59:11','2018-08-28 20:59:11',NULL),(270,'en','Line',138,'2018-08-29 14:43:48','2018-08-29 14:43:48',NULL),(271,'ar','Line',138,'2018-08-29 14:43:48','2018-08-29 14:43:48',NULL),(272,'en','Line Company',139,'2018-08-29 14:53:08','2018-08-29 14:53:08',NULL),(273,'ar','Line Company',139,'2018-08-29 14:53:08','2018-08-29 14:53:08',NULL),(274,'en','Gejsjjs',140,'2018-08-30 17:05:11','2018-08-30 17:05:11',NULL),(275,'ar','Gejsjjs',140,'2018-08-30 17:05:11','2018-08-30 17:05:11',NULL),(276,'en','Hihi',141,'2018-09-01 17:09:00','2018-12-31 13:33:16',NULL),(277,'ar','Hihi',141,'2018-09-01 17:09:00','2018-12-31 13:33:16',NULL),(278,'en','Fhhghh',142,'2018-09-02 14:16:20','2018-12-31 13:33:09',NULL),(279,'ar','Fhhghh',142,'2018-09-02 14:16:20','2018-12-31 13:33:09',NULL),(280,'en','Gehhssjsh',143,'2018-09-02 14:18:29','2018-12-31 13:33:03',NULL),(281,'ar','Gehhssjsh',143,'2018-09-02 14:18:29','2018-12-31 13:33:03',NULL),(282,'en','Ghanaian',144,'2018-09-02 14:20:35','2018-09-02 14:20:35',NULL),(283,'ar','Ghanaian',144,'2018-09-02 14:20:35','2018-09-02 14:20:35',NULL),(284,'en','Gshsjjs',145,'2018-09-02 14:33:10','2018-09-02 15:06:23',NULL),(285,'ar','Gshsjjs',145,'2018-09-02 14:33:10','2018-09-02 15:06:23',NULL),(286,'en','Fashion Expo',146,'2019-01-02 17:42:56','2019-01-02 17:42:56',NULL),(287,'ar','فاشن اكسبو',146,'2019-01-02 17:42:56','2019-01-02 17:42:56',NULL),(288,'en','Expo 2019',147,'2019-01-03 15:14:52','2019-01-03 15:14:52',NULL),(289,'ar','اكسبو 2019',147,'2019-01-03 15:14:52','2019-01-03 15:14:52',NULL),(290,'en','Emad Expo',148,'2019-01-09 15:31:57','2019-01-09 15:31:57',NULL),(291,'ar','معرض عماد',148,'2019-01-09 15:31:57','2019-01-09 15:31:57',NULL),(292,'en','MAX',149,'2019-02-04 16:12:36','2019-02-04 16:12:36',NULL),(293,'ar','ماكس MAX',149,'2019-02-04 16:12:36','2019-02-04 16:12:36',NULL),(294,'en','ZARA',150,'2019-02-04 16:33:57','2019-02-04 16:33:57',NULL),(295,'ar','ZARA',150,'2019-02-04 16:33:57','2019-02-04 16:33:57',NULL),(296,'en','MANGO',151,'2019-02-04 16:36:17','2019-02-04 16:36:17',NULL),(297,'ar','MANGO',151,'2019-02-04 16:36:17','2019-02-04 16:36:17',NULL),(298,'en','Nayomi',152,'2019-02-04 16:39:20','2019-02-04 16:39:20',NULL),(299,'ar','نعومي',152,'2019-02-04 16:39:20','2019-02-04 16:39:20',NULL),(300,'en','emad expo',153,'2019-02-21 14:40:29','2019-02-21 14:40:29',NULL),(301,'ar','emad expo',153,'2019-02-21 14:40:29','2019-02-21 14:40:29',NULL),(302,'en','المرزوق',154,'2019-02-28 07:02:01','2019-02-28 07:02:01',NULL),(303,'ar','المرزوق',154,'2019-02-28 07:02:01','2019-02-28 07:02:01',NULL),(304,'en','المرزوق',155,'2019-02-28 07:21:11','2019-02-28 07:21:11',NULL),(305,'ar','المرزوق',155,'2019-02-28 07:21:11','2019-02-28 07:21:11',NULL),(306,'en','مجرب',156,'2019-02-28 12:40:27','2019-02-28 12:40:27',NULL),(307,'ar','مجرب',156,'2019-02-28 12:40:27','2019-02-28 12:40:27',NULL),(308,'en','الكمال',157,'2019-03-05 08:41:35','2019-03-05 08:41:35',NULL),(309,'ar','الكمال',157,'2019-03-05 08:41:35','2019-03-05 08:41:35',NULL),(310,'en','Sweet & Sour',158,'2019-03-22 21:16:12','2019-03-22 21:16:12',NULL),(311,'ar','سويت اند سور',158,'2019-03-22 21:16:12','2019-03-22 21:16:12',NULL),(312,'en','pain',159,'2019-03-22 21:38:09','2019-03-22 21:38:09',NULL),(313,'ar','pain',159,'2019-03-22 21:38:09','2019-03-22 21:38:09',NULL),(314,'en','Nani Sweet',160,'2019-03-22 23:57:22','2019-03-22 23:57:22',NULL),(315,'ar','Nani Sweet',160,'2019-03-22 23:57:22','2019-03-22 23:57:22',NULL),(316,'en','طبخ البيت',161,'2019-03-23 00:22:28','2019-03-23 00:22:28',NULL),(317,'ar','طبخ البيت',161,'2019-03-23 00:22:28','2019-03-23 00:22:28',NULL),(318,'en','Hamburger',162,'2019-03-24 17:01:55','2019-03-24 17:01:55',NULL),(319,'ar','Hamburger',162,'2019-03-24 17:01:55','2019-03-24 17:01:55',NULL),(320,'en','q.collection.q8',163,'2019-03-27 05:09:51','2019-03-27 05:09:51',NULL),(321,'ar','q.collection.q8',163,'2019-03-27 05:09:51','2019-03-27 05:09:51',NULL),(322,'en','نواعم فاشن',164,'2019-04-02 06:36:37','2019-04-02 06:36:37',NULL),(323,'ar','نواعم فاشن',164,'2019-04-02 06:36:37','2019-04-02 06:36:37',NULL),(324,'en','ufufu',165,'2019-04-11 23:06:50','2019-04-11 23:06:50',NULL),(325,'ar','ufufu',165,'2019-04-11 23:06:50','2019-04-11 23:06:50',NULL),(326,'en','zhhdhahs',166,'2019-04-15 23:46:23','2019-04-15 23:46:23',NULL),(327,'ar','zhhdhahs',166,'2019-04-15 23:46:23','2019-04-15 23:46:23',NULL),(328,'en','q',167,'2019-04-16 17:08:14','2019-04-16 17:08:14',NULL),(329,'ar','q',167,'2019-04-16 17:08:14','2019-04-16 17:08:14',NULL),(330,'en','hxhxh',168,'2019-05-08 23:16:57','2019-05-08 23:16:57',NULL),(331,'ar','hxhxh',168,'2019-05-08 23:16:57','2019-05-08 23:16:57',NULL);
/*!40000 ALTER TABLE `expo_translations` ENABLE KEYS */;
UNLOCK TABLES;

--
-- Table structure for table `expos`
--

DROP TABLE IF EXISTS `expos`;
/*!40101 SET @saved_cs_client     = @@character_set_client */;
/*!40101 SET character_set_client = utf8 */;
CREATE TABLE `expos` (
  `id` int(11) NOT NULL AUTO_INCREMENT,
  `type_id` int(11) NOT NULL,
  `booth_image` varchar(300) DEFAULT NULL,
  `user_id` int(11) NOT NULL,
  `designer_name` varchar(300) NOT NULL,
  `designer_image` varchar(300) DEFAULT NULL,
  `details` text DEFAULT NULL,
  `category_id` int(11) NOT NULL DEFAULT 1,
  `civil_id` varchar(300) DEFAULT NULL,
  `country_id` int(11) NOT NULL,
  `city_name` varchar(300) DEFAULT NULL,
  `delivery_service` enum('no','yes') NOT NULL,
  `address` varchar(300) DEFAULT NULL,
  `longitude` varchar(300) DEFAULT NULL,
  `latitude` varchar(300) DEFAULT NULL,
  `is_sale` tinyint(1) NOT NULL DEFAULT 0,
  `delivery_country_id` int(11) DEFAULT 1,
  `delivery_city_id` int(11) DEFAULT 1,
  `delivery_city_name` varchar(300) DEFAULT NULL,
  `status` enum('not_active','active') NOT NULL,
  `product_no` int(11) NOT NULL DEFAULT 0,
  `order_by` int(11) NOT NULL DEFAULT 0,
  `in_slider` int(11) NOT NULL DEFAULT 0,
  `createdBy` int(11) NOT NULL,
  `created_at` timestamp NOT NULL DEFAULT current_timestamp(),
  `updated_at` timestamp NULL DEFAULT NULL,
  `deleted_at` timestamp NULL DEFAULT NULL,
  PRIMARY KEY (`id`)
) ENGINE=MyISAM AUTO_INCREMENT=169 DEFAULT CHARSET=utf8;
/*!40101 SET character_set_client = @saved_cs_client */;

--
-- Dumping data for table `expos`
--

LOCK TABLES `expos` WRITE;
/*!40000 ALTER TABLE `expos` DISABLE KEYS */;
INSERT INTO `expos` VALUES (5,1,'uploads/images/expo/1VXQsalvHZZcS84PuXxZ2jsWj7xSHESAdkeCkpuP.jpeg',13,'rrrrrrrrrrrrr','uploads/images/expo/hyVE4Zax5J9IAHwQm0Bi9ZvyY7a2utRzxwyrUXDE.jpeg','rwerwerwer',2,'333333',2,'1','yes','rewrewrwer',NULL,NULL,0,1,1,NULL,'active',17,333,0,1,'2018-03-15 10:45:54','2018-04-05 16:14:39','2018-04-05 16:14:39'),(4,2,'uploads/images/expo/1VXQsalvHZZcS84PuXxZ2jsWj7xSHESAdkeCkpuP.jpeg',13,'11111111111','uploads/images/expo/oxvGNpwx7JruktEqkLoR0Quu6X9R4idB4ER8JvsD.jpeg','111111111111',2,'111111111',2,'1','no','111111111111',NULL,NULL,1,2,1,NULL,'active',1,11,0,1,'2018-03-15 10:16:44','2018-04-05 16:14:39','2018-04-05 16:14:39'),(6,1,'uploads/images/expo/1VXQsalvHZZcS84PuXxZ2jsWj7xSHESAdkeCkpuP.jpeg',13,'rrrrrrrrrrrrr','uploads/images/expo/hyVE4Zax5J9IAHwQm0Bi9ZvyY7a2utRzxwyrUXDE.jpeg','rwerwerwer',2,'333333',2,'1','yes','rewrewrwer',NULL,NULL,1,1,1,NULL,'active',0,333,0,1,'2018-03-15 10:45:54','2018-04-05 16:14:39','2018-04-05 16:14:39'),(7,1,'uploads/images/expo/1VXQsalvHZZcS84PuXxZ2jsWj7xSHESAdkeCkpuP.jpeg',13,'rrrrrrrrrrrrr','uploads/images/expo/hyVE4Zax5J9IAHwQm0Bi9ZvyY7a2utRzxwyrUXDE.jpeg','rwerwerwer',2,'333333',2,'1','yes','rewrewrwer',NULL,NULL,0,1,1,NULL,'active',1,333,0,1,'2018-03-15 10:45:54','2018-04-05 16:14:39','2018-04-05 16:14:39'),(8,1,'uploads/images/expo/1VXQsalvHZZcS84PuXxZ2jsWj7xSHESAdkeCkpuP.jpeg',13,'rrrrrrrrrrrrr','uploads/images/expo/hyVE4Zax5J9IAHwQm0Bi9ZvyY7a2utRzxwyrUXDE.jpeg','rwerwerwer',2,'333333',2,'1','yes','rewrewrwer',NULL,NULL,1,1,1,NULL,'active',0,333,0,1,'2018-03-15 10:45:54','2018-04-05 16:14:39','2018-04-05 16:14:39'),(9,1,'uploads/images/expo/1VXQsalvHZZcS84PuXxZ2jsWj7xSHESAdkeCkpuP.jpeg',13,'rrrrrrrrrrrrr','uploads/images/expo/hyVE4Zax5J9IAHwQm0Bi9ZvyY7a2utRzxwyrUXDE.jpeg','rwerwerwer',2,'333333',2,'1','yes','rewrewrwer',NULL,NULL,0,1,1,NULL,'active',0,333,0,1,'2018-03-15 10:45:54','2018-04-05 16:15:54','2018-04-05 16:15:54'),(11,1,'uploads/images/expo/1VXQsalvHZZcS84PuXxZ2jsWj7xSHESAdkeCkpuP.jpeg',34,'123',NULL,NULL,1,'11',1,'1','no',NULL,NULL,NULL,0,NULL,NULL,NULL,'not_active',0,0,0,34,'2018-03-19 15:22:29','2018-03-19 15:39:35','2018-03-19 15:39:35'),(12,1,'uploads/images/expo/1VXQsalvHZZcS84PuXxZ2jsWj7xSHESAdkeCkpuP.jpeg',35,'123',NULL,NULL,1,'11',1,'1','no',NULL,NULL,NULL,0,NULL,NULL,NULL,'not_active',0,0,0,35,'2018-03-19 15:33:20','2018-04-05 16:15:54','2018-04-05 16:15:54'),(13,1,'uploads/images/expo/1VXQsalvHZZcS84PuXxZ2jsWj7xSHESAdkeCkpuP.jpeg',36,'123',NULL,NULL,1,'11',1,'1','no',NULL,NULL,NULL,0,NULL,NULL,NULL,'not_active',0,0,0,36,'2018-03-19 15:34:07','2018-04-05 16:15:54','2018-04-05 16:15:54'),(14,1,'uploads/images/expo/1VXQsalvHZZcS84PuXxZ2jsWj7xSHESAdkeCkpuP.jpeg',37,'123',NULL,NULL,1,'11',1,'1','no',NULL,NULL,NULL,0,NULL,NULL,NULL,'not_active',0,0,0,37,'2018-03-19 16:56:19','2018-04-05 16:15:54','2018-04-05 16:15:54'),(15,1,'uploads/images/expo/1VXQsalvHZZcS84PuXxZ2jsWj7xSHESAdkeCkpuP.jpeg',38,'123',NULL,NULL,1,'11',1,'1','no',NULL,NULL,NULL,0,NULL,NULL,NULL,'not_active',0,0,0,38,'2018-03-19 17:30:46','2018-04-05 16:15:54','2018-04-05 16:15:54'),(16,1,'uploads/images/expo/1VXQsalvHZZcS84PuXxZ2jsWj7xSHESAdkeCkpuP.jpeg',39,'123',NULL,NULL,1,'11',1,'1','no',NULL,NULL,NULL,0,NULL,NULL,NULL,'not_active',0,0,0,39,'2018-03-19 17:31:34','2018-04-05 16:15:54','2018-04-05 16:15:54'),(17,1,'uploads/images/expo/1VXQsalvHZZcS84PuXxZ2jsWj7xSHESAdkeCkpuP.jpeg',40,'123',NULL,NULL,1,'11',1,'1','no',NULL,NULL,NULL,0,NULL,NULL,NULL,'not_active',0,0,0,40,'2018-03-19 17:32:30','2018-04-05 16:15:54','2018-04-05 16:15:54'),(18,1,'uploads/images/expo/1VXQsalvHZZcS84PuXxZ2jsWj7xSHESAdkeCkpuP.jpeg',43,'123',NULL,NULL,1,NULL,1,'1','no',NULL,NULL,NULL,0,NULL,NULL,NULL,'not_active',0,0,0,43,'2018-03-19 19:17:31','2018-04-05 16:14:52','2018-04-05 16:14:52'),(19,1,'uploads/images/expo/1VXQsalvHZZcS84PuXxZ2jsWj7xSHESAdkeCkpuP.jpeg',44,'123',NULL,NULL,1,NULL,1,'1','no',NULL,NULL,NULL,0,NULL,NULL,NULL,'not_active',0,0,0,44,'2018-03-19 19:26:20','2018-04-05 16:14:52','2018-04-05 16:14:52'),(20,1,'uploads/images/expo/1VXQsalvHZZcS84PuXxZ2jsWj7xSHESAdkeCkpuP.jpeg',45,'123',NULL,NULL,1,NULL,1,'1','no',NULL,NULL,NULL,0,NULL,NULL,NULL,'not_active',0,0,0,45,'2018-03-19 19:27:50','2018-04-05 16:14:52','2018-04-05 16:14:52'),(21,1,'uploads/images/expo/1VXQsalvHZZcS84PuXxZ2jsWj7xSHESAdkeCkpuP.jpeg',13,'21','uploads/images/expo/UN8gt5Z1u4V5aeeN4WHYOfI2BfUCFW9ZE0Ui7MNi.jpeg','fsdfsdfsdf',1,'sdfdsfdsfsdf',1,'1','yes','fsdfsdfsdf',NULL,NULL,0,1,1,NULL,'not_active',0,1,0,1,'2018-03-20 16:11:12','2018-04-05 16:14:52','2018-04-05 16:14:52'),(22,1,'uploads/images/expo/1VXQsalvHZZcS84PuXxZ2jsWj7xSHESAdkeCkpuP.jpeg',46,'10',NULL,NULL,1,NULL,1,'1','no',NULL,'31.504677','34.423892',0,1,NULL,NULL,'not_active',0,0,0,46,'2018-03-21 16:32:24','2018-04-05 16:14:52','2018-04-05 16:14:52'),(23,1,'uploads/images/expo/1VXQsalvHZZcS84PuXxZ2jsWj7xSHESAdkeCkpuP.jpeg',47,'10',NULL,NULL,1,NULL,1,'1','no',NULL,'31.504677','34.423892',0,1,NULL,NULL,'not_active',0,0,0,47,'2018-03-21 16:32:43','2018-04-05 16:14:52','2018-04-05 16:14:52'),(24,1,'uploads/images/expo/1VXQsalvHZZcS84PuXxZ2jsWj7xSHESAdkeCkpuP.jpeg',48,'10',NULL,NULL,1,NULL,1,'1','no',NULL,'31.504677','34.423892',0,1,NULL,NULL,'not_active',0,0,0,48,'2018-03-21 17:40:29','2018-04-05 16:14:52','2018-04-05 16:14:52'),(25,1,'uploads/images/expo/1VXQsalvHZZcS84PuXxZ2jsWj7xSHESAdkeCkpuP.jpeg',49,'10',NULL,NULL,1,NULL,1,'1','no',NULL,'31.504677','34.423892',0,1,NULL,NULL,'not_active',0,0,0,49,'2018-03-21 17:44:01','2018-04-05 16:16:53','2018-04-05 16:16:53'),(26,1,'uploads/images/expo/1VXQsalvHZZcS84PuXxZ2jsWj7xSHESAdkeCkpuP.jpeg',50,'10',NULL,NULL,1,NULL,1,'1','no','texas','31.504677','34.423892',0,1,NULL,NULL,'not_active',0,0,0,50,'2018-03-21 17:45:16','2018-04-05 16:16:53','2018-04-05 16:16:53'),(27,1,'uploads/images/expo/1VXQsalvHZZcS84PuXxZ2jsWj7xSHESAdkeCkpuP.jpeg',51,'10',NULL,NULL,1,NULL,1,'hello','no',NULL,'31.504677','34.423892',0,1,NULL,NULL,'not_active',0,0,0,51,'2018-03-21 17:53:27','2018-04-05 16:16:53','2018-04-05 16:16:53'),(28,1,'uploads/images/expo/1VXQsalvHZZcS84PuXxZ2jsWj7xSHESAdkeCkpuP.jpeg',52,'10',NULL,NULL,1,NULL,1,'hello','no',NULL,'31.504677','34.423892',0,1,NULL,NULL,'not_active',0,0,0,52,'2018-03-21 18:02:02','2018-04-05 16:16:53','2018-04-05 16:16:53'),(29,1,'uploads/images/expo/1VXQsalvHZZcS84PuXxZ2jsWj7xSHESAdkeCkpuP.jpeg',53,'10',NULL,NULL,1,NULL,1,'hello','no',NULL,'31.504677','34.423892',0,1,NULL,NULL,'not_active',0,0,0,53,'2018-03-21 18:03:13','2018-04-05 16:16:53','2018-04-05 16:16:53'),(30,1,'uploads/images/expo/1VXQsalvHZZcS84PuXxZ2jsWj7xSHESAdkeCkpuP.jpeg',54,'10',NULL,NULL,1,NULL,1,'hello','no','test address','31.504677','34.423892',0,1,NULL,NULL,'not_active',0,0,0,54,'2018-03-21 18:04:49','2018-04-05 16:16:53','2018-04-05 16:16:53'),(31,2,'uploads/images/expo/1VXQsalvHZZcS84PuXxZ2jsWj7xSHESAdkeCkpuP.jpeg',55,'10',NULL,NULL,1,NULL,1,'Jaddah','yes','Jeddah Tower, Al-Sharafeyah, Jeddah 22234, Saudi Arabia','39.1857031','21.505835',0,1,NULL,NULL,'not_active',0,0,0,55,'2018-03-21 19:19:52','2018-04-05 16:16:53','2018-04-05 16:16:53'),(32,1,'uploads/images/expo/1VXQsalvHZZcS84PuXxZ2jsWj7xSHESAdkeCkpuP.jpeg',56,'10',NULL,NULL,1,NULL,1,'1','no','texas','31.504677','34.423892',0,1,NULL,NULL,'not_active',0,0,0,56,'2018-03-22 14:13:07','2018-04-05 16:15:21','2018-04-05 16:15:21'),(33,1,'uploads/images/expo/1VXQsalvHZZcS84PuXxZ2jsWj7xSHESAdkeCkpuP.jpeg',57,'10',NULL,NULL,1,NULL,2,'hello','yes','Al Senaa St',NULL,NULL,0,1,NULL,NULL,'not_active',0,0,0,57,'2018-03-22 14:17:13','2018-04-05 16:15:21','2018-04-05 16:15:21'),(34,1,'uploads/images/expo/1VXQsalvHZZcS84PuXxZ2jsWj7xSHESAdkeCkpuP.jpeg',58,'10',NULL,NULL,1,NULL,2,'Delhi','yes','Amesbury, Salisbury SP4 7DE, UK',NULL,NULL,0,1,NULL,NULL,'not_active',0,0,0,58,'2018-03-22 14:28:45','2018-04-05 16:15:21','2018-04-05 16:15:21'),(35,2,'uploads/images/expo/1VXQsalvHZZcS84PuXxZ2jsWj7xSHESAdkeCkpuP.jpeg',59,'10',NULL,NULL,1,'uploads/images/expo/rWvozVs6jFpMRIFtWLM0pgxIqyoJz6b2MmTKrlGY.jpeg',2,'Gaza','yes','3 Stonehenge Rd, Salisbury SP4 7DD, UK',NULL,NULL,0,1,NULL,NULL,'not_active',0,0,0,59,'2018-03-22 14:46:16','2018-04-05 16:15:21','2018-04-05 16:15:21'),(36,2,'uploads/images/expo/1VXQsalvHZZcS84PuXxZ2jsWj7xSHESAdkeCkpuP.jpeg',60,'10',NULL,NULL,1,'uploads/images/expo/7sS171rp4jReG1KtZtjAOLfspjjlmcQfmXF3zbsp.jpeg',2,'Landscape','yes','3 Stonehenge Rd, Salisbury SP4 7DD, UK',NULL,NULL,0,1,NULL,NULL,'not_active',0,0,0,60,'2018-03-22 17:21:26','2018-04-05 16:15:21','2018-04-05 16:15:21'),(38,1,'uploads/images/expo/1VXQsalvHZZcS84PuXxZ2jsWj7xSHESAdkeCkpuP.jpeg',64,'dasdasdasd','uploads/images/expo/tYihZZo8LSpp0WM3p55AByml4xEOH76SNpcHV0pX.jpeg','asdasd',1,'3',1,NULL,'yes','dsadasdasd',NULL,NULL,0,1,1,NULL,'not_active',0,3,0,64,'2018-03-25 14:41:56','2018-04-05 16:15:21','2018-04-05 16:15:21'),(39,2,'uploads/images/expo/1VXQsalvHZZcS84PuXxZ2jsWj7xSHESAdkeCkpuP.jpeg',65,'fffffffffff','uploads/images/expo/S0bi43N2T3RKm1sqKnibq5LViap6pxXmurTxpBNV.jpeg','fffffffffffffffff',1,'uploads/images/expo/LvSuyBq6CRzLg29IPbm7KLGHFfHTS72rhlZDjaJm.jpeg',2,NULL,'yes','ffffffffffff',NULL,NULL,0,1,1,NULL,'not_active',0,1,0,65,'2018-03-25 15:00:05','2018-04-05 16:15:21','2018-04-05 16:15:21'),(40,2,'uploads/images/expo/1VXQsalvHZZcS84PuXxZ2jsWj7xSHESAdkeCkpuP.jpeg',13,'10',NULL,'aaaaaaaaaas',1,NULL,3,'Landscape','yes','Amesbury, Salisbury SP4 7DE, UK',NULL,NULL,0,1,1,'aaaaaaaaaaaa','active',0,0,0,1,'2018-03-25 17:02:41','2018-04-05 16:15:35','2018-04-05 16:15:35'),(41,1,NULL,71,'10',NULL,NULL,1,NULL,1,'dddddd','no','texas','31.504677','34.423892',0,1,NULL,NULL,'not_active',0,0,0,71,'2018-03-28 15:59:41','2018-04-05 16:15:35','2018-04-05 16:15:35'),(42,2,NULL,72,'10',NULL,NULL,1,'uploads/images/expo/fueUobExytKmJ3HyTag76AYN4ZIOf7qk7NZHBP5D.jpeg',3,'Gaza','yes','3 Stonehenge Rd, Salisbury SP4 7DD, UK',NULL,NULL,0,1,NULL,NULL,'not_active',0,0,0,72,'2018-03-28 18:58:50','2018-04-05 16:15:35','2018-04-05 16:15:35'),(43,1,NULL,73,'10',NULL,NULL,1,NULL,1,'1','no','texas','31.504677','34.423892',0,1,NULL,NULL,'not_active',0,0,0,73,'2018-03-28 19:53:09','2018-04-05 16:15:35','2018-04-05 16:15:35'),(44,1,'uploads/images/expo/9mYEocwI2oPoktmGEyUECUZm80hWoVrQDorRD7Sq.jpeg',15,'10',NULL,'ddddddddddddddd',1,'uploads/images/expo/QiX69opsEP5hutSzi1hyuk7vhHyQhr0EqvHGtjLZ.jpeg',1,'Delhiddddddddddddddddd','yes','Amesbury, Salisbury SP4 7DE, UKssssssssssss',NULL,NULL,0,1,NULL,NULL,'not_active',0,0,0,15,'2018-03-22 14:28:45','2018-04-05 16:15:35','2018-04-05 16:15:35'),(45,2,'uploads/images/expo/MU87bIkALXFLcxnw0mIhjfvmmVFjHaAgNEtuiYR6.png',13,'10','uploads/images/expo/lJe57HvBJueD1HgPzSYuDxVcx39HkZD3HqtbiEXB.png','ssssssssssssssssssssss',1,'uploads/images/expo/FFdyHiRvJ8GArV8LIqiJmalccBCuvYebb86zipds.png',3,'jaddah2','yes','Al Senaa St',NULL,NULL,0,1,1,'1','not_active',0,0,0,1,'2018-03-29 19:15:46','2018-04-05 16:15:35','2018-04-05 16:15:35'),(46,1,'uploads/images/expo/mhLYNuSFh9QoH68voC44UZhZtKsEqoMkTfJbl3KN.png',77,'dfsdffsdf',NULL,'sdfsdfds',1,NULL,1,'fsdfsdf','no','dsfsdfsdf',NULL,NULL,0,1,1,'1','not_active',0,1,0,77,'2018-04-01 20:14:41','2018-04-05 16:15:35','2018-04-05 16:15:35'),(47,1,'uploads/images/expo/BzxrSkBrwLS7ARClwmyUW23Q9kygYaA5m2HWZXXo.png',78,'fffffffffff',NULL,'ddddddddd',1,NULL,1,'ddddddddd','no','dddddddddd',NULL,NULL,0,1,1,'1','not_active',0,1,0,78,'2018-04-01 20:15:49','2018-04-05 16:16:09','2018-04-05 16:16:09'),(48,1,'uploads/images/expo/Po0yzbu428zreTLCifokmta6yH8jN7ogRE8NlVhT.png',13,'fffffffff','uploads/images/expo/n084AKB6L6pfWwH9Mn0haJtwgwmeK9gbsigOYVEZ.png','ffffffffffffffffffff',1,'uploads/images/expo/tFnvv2AtBdNDdkMu1dCN2hrrBSAetxCNpUfZtcy8.png',1,'fffffffffffffff','yes','ddddddddddddddd',NULL,NULL,0,1,1,'1','not_active',0,1,0,1,'2018-04-02 12:28:37','2018-04-05 16:16:09','2018-04-05 16:16:09'),(49,1,NULL,80,'10',NULL,NULL,1,NULL,1,'1','no','texas','31.504677','34.423892',0,1,NULL,NULL,'not_active',0,0,0,80,'2018-04-02 13:43:36','2018-04-05 16:16:09','2018-04-05 16:16:09'),(50,1,NULL,81,'10',NULL,NULL,1,NULL,1,'1','no','texas','31.504677','34.423892',0,1,NULL,NULL,'not_active',0,0,0,81,'2018-04-02 13:43:45','2018-04-05 16:16:09','2018-04-05 16:16:09'),(51,1,NULL,82,'123',NULL,NULL,1,NULL,1,'sdgdfg','no','texas','31.504677','34.423892',0,1,1,NULL,'not_active',0,0,0,82,'2018-04-02 14:15:11','2018-04-05 16:16:09','2018-04-05 16:16:09'),(52,1,NULL,83,'ascd',NULL,NULL,1,NULL,3,'dgh','yes','شرق, N Barcelona St, Pensacola','34.4349212','31.5015605',0,1,1,NULL,'not_active',0,0,0,83,'2018-04-02 14:41:54','2018-04-05 16:16:09','2018-04-05 16:16:09'),(53,1,NULL,84,'qwdds',NULL,NULL,1,'uploads/images/expo/9Rzsxy9wwUc5PdfrIhUt41mdvMBCN2VqqTNY5lAi.jpeg',2,'dhxhc','yes','Al Senaa St',NULL,NULL,0,1,1,NULL,'not_active',0,0,0,84,'2018-04-02 14:45:19','2018-04-05 16:16:09','2018-04-05 16:16:09'),(54,1,NULL,85,'fffff',NULL,NULL,1,'uploads/images/expo/kBJ1seXNpYlJgRWGemUfMO9JtXaK5nyTa6vuhMBp.jpeg',2,'qqqaD','yes','Al Senaa St',NULL,NULL,0,1,1,NULL,'not_active',0,0,0,85,'2018-04-02 14:48:50','2018-04-05 16:16:24','2018-04-05 16:16:24'),(55,1,NULL,86,'wrfdydyd',NULL,NULL,1,'uploads/images/expo/JVUrEVWKc0Dtd4iRAdDYdY7fcbBlNtktbCgBrw4O.jpeg',2,'chjj','yes','Al Senaa St',NULL,NULL,0,1,1,NULL,'not_active',0,0,0,86,'2018-04-02 14:51:18','2018-04-05 16:16:24','2018-04-05 16:16:24'),(56,2,NULL,87,'gdhdhdy',NULL,NULL,1,'uploads/images/expo/BfuWGBZCErM82CRaPejpaQxYKLdD1SyvfNTOW4Dg.jpeg',3,'wedd','yes','Al Senaa St',NULL,NULL,0,1,1,NULL,'not_active',0,0,0,87,'2018-04-02 14:58:48','2018-04-05 16:16:24','2018-04-05 16:16:24'),(57,1,NULL,88,'123',NULL,NULL,1,NULL,1,'1','no','texas','31.504677','34.423892',0,1,1,NULL,'not_active',0,0,0,88,'2018-04-02 15:01:57','2018-04-05 16:16:24','2018-04-05 16:16:24'),(58,1,NULL,89,'dfgjj',NULL,NULL,1,'uploads/images/expo/sRK4kEnUg0iZlPV7L84pA2XZ6Krmt8NFMZWIB2Xg.jpeg',2,'txvj','yes','شرق, N Barcelona St, Pensacola',NULL,NULL,0,1,1,NULL,'not_active',0,0,0,89,'2018-04-02 15:15:01','2018-04-05 16:16:24','2018-04-05 16:16:24'),(59,1,NULL,90,'123',NULL,NULL,1,NULL,1,'1','no','texas','31.504677','34.423892',0,1,1,NULL,'not_active',0,0,0,90,'2018-04-02 15:20:10','2018-04-05 16:16:24','2018-04-05 16:16:24'),(60,1,NULL,91,'dfgjj',NULL,NULL,1,'uploads/images/expo/fYl6yzgzvOB1mvg4adb9qkVlueoso2I5ctf0V86S.jpeg',2,'xhxhxhchcu','yes','Al Senaa St',NULL,NULL,0,1,1,NULL,'not_active',0,0,0,91,'2018-04-02 15:23:31','2018-04-05 16:16:24','2018-04-05 16:16:24'),(61,1,NULL,92,'sfgg',NULL,NULL,1,'uploads/images/expo/4dYDsCbyPxFaeDTsoxKKM7YgZVtdgl6H9ORYlElj.jpeg',2,'huge thank','yes','Manhattan, NY 10036, USA',NULL,NULL,0,1,1,NULL,'not_active',0,0,0,92,'2018-04-02 15:36:36','2018-04-05 16:16:38','2018-04-05 16:16:38'),(62,1,NULL,93,'sfgg',NULL,NULL,1,'uploads/images/expo/Ywknco5Spr1xZ1l2gnNGVEaMvapVfKv80pfS8ZMZ.jpeg',2,'trea','yes','New York, NY 10020, USA',NULL,NULL,0,1,1,NULL,'not_active',0,0,0,93,'2018-04-02 15:44:10','2018-04-05 16:16:38','2018-04-05 16:16:38'),(63,2,NULL,94,'jchchchchchch',NULL,NULL,1,NULL,3,'bcbcbxh','no','Wadi ad-Dawasir Saudi Arabia','20.147193299999998','44.8505495',0,1,1,NULL,'not_active',0,0,0,94,'2018-04-02 15:53:01','2018-04-05 16:16:38','2018-04-05 16:16:38'),(64,2,NULL,95,'fufhfhchc',NULL,NULL,1,'uploads/images/expo/zvqSoi608K41VV6U9pKAlMyMDjB93EallwgkREY6.jpeg',3,'xhxgxgdyd','no','Gulf of Aden','47.922363','47.922363',0,1,1,NULL,'not_active',0,0,0,95,'2018-04-02 16:24:32','2018-04-05 16:16:38','2018-04-05 16:16:38'),(65,2,NULL,96,'yfychchchcycycyc',NULL,NULL,1,'uploads/images/expo/GG8eXdA7IthkvtmUI2QaOse0YA1MPoPjs119OnzG.jpeg',3,'ycycycyx','yes','Al Mansura, Yemen','44.972015','44.972015',0,1,1,NULL,'not_active',0,0,0,96,'2018-04-02 17:09:57','2018-04-05 16:16:38','2018-04-05 16:16:38'),(66,1,NULL,97,'123',NULL,NULL,1,NULL,1,'sdgdfg','no','texas','31.504677','34.423892',0,1,1,NULL,'not_active',0,0,0,97,'2018-04-02 17:34:57','2018-04-05 16:16:38','2018-04-05 16:16:38'),(67,2,NULL,98,'hffufu',NULL,NULL,1,'uploads/images/expo/EjT1pVlkQzKDYyTrK0whqoh9nvR5FeQtSoAaaaZV.jpeg',3,'ryffhyc','yes','Gulf of Aden','47.922363','47.922363',0,1,1,NULL,'not_active',0,0,0,98,'2018-04-02 17:40:41','2018-04-05 16:16:38','2018-04-05 16:16:38'),(68,2,NULL,99,'ycccyfyfyfy',NULL,NULL,1,NULL,3,'gufufufufyfy','yes','Lower Najd Saudi Arabia','46.8252838','46.8252838',0,1,1,NULL,'not_active',0,0,0,99,'2018-04-02 17:45:57','2018-04-05 16:14:22','2018-04-05 16:14:22'),(69,1,NULL,100,'dhhdhd',NULL,NULL,1,NULL,2,'hdhdhdh','yes','West Harerghe, Ethiopia','40.79691489999999','40.79691489999999',0,1,1,NULL,'not_active',0,0,0,100,'2018-04-02 17:52:54','2018-04-05 16:14:22','2018-04-05 16:14:22'),(70,2,NULL,101,'fuucu',NULL,NULL,1,NULL,3,'chyxyxy','yes','South Sudan','31.3069788','31.3069788',0,1,1,NULL,'not_active',0,0,0,101,'2018-04-02 18:02:03','2018-04-05 16:14:22','2018-04-05 16:14:22'),(71,2,NULL,102,'gchcjvjv',NULL,NULL,1,NULL,3,'b hch','yes','Kenya','37.906193','37.906193',0,1,1,NULL,'not_active',0,0,0,102,'2018-04-02 18:26:25','2018-04-05 16:14:22','2018-04-05 16:14:22'),(72,2,NULL,103,'vuvuvu',NULL,NULL,1,NULL,3,'vhchcy','yes','Fam al Zaraf, South Sudan','30.7120023','30.7120023',1,1,1,NULL,'not_active',0,0,0,103,'2018-04-02 18:33:20','2018-04-05 16:14:22','2018-04-05 16:14:22'),(73,2,NULL,104,'chchchc',NULL,NULL,1,NULL,3,'vychc','yes','Lahij Governorate, Yemen','44.8505495','44.8505495',0,1,1,NULL,'not_active',0,0,0,104,'2018-04-02 18:45:41','2018-04-05 16:14:22','2018-04-05 16:14:22'),(74,2,NULL,105,'gcfvvf',NULL,NULL,1,NULL,3,'ggffff','yes','Arabia','47.4490397','47.4490397',0,1,1,NULL,'not_active',0,0,0,105,'2018-04-02 18:51:48','2018-04-05 16:14:22','2018-04-05 16:14:22'),(75,1,NULL,106,'dyhxhx',NULL,NULL,1,NULL,3,'gxgxgx','yes','Kutum, Sudan','24.524264','24.524264',0,1,1,NULL,'not_active',0,0,0,106,'2018-04-02 18:59:41','2018-04-05 16:10:53','2018-04-05 16:10:53'),(77,2,NULL,108,'g g gxg',NULL,NULL,1,NULL,1,'yctctc','yes','Ippy, Central African Republic','21.284502500000002','21.284502500000002',0,1,1,NULL,'not_active',2,0,0,108,'2018-04-02 19:16:35','2018-04-05 16:10:53','2018-04-05 16:10:53'),(78,2,NULL,109,'hcgxxgxg',NULL,NULL,1,NULL,1,'c g gxg','yes','Sud-Ubangi, Democratic Republic of the Congo','19.1880047','19.1880047',0,1,1,NULL,'not_active',2,0,0,109,'2018-04-02 19:20:39','2018-04-05 16:10:53','2018-04-05 16:10:53'),(79,2,NULL,110,'hcgxxgxg',NULL,NULL,1,NULL,3,'cgxtxtx','yes','Rafai, Central African Republic','24.3341432','24.3341432',0,1,1,NULL,'not_active',2,0,0,110,'2018-04-02 19:28:49','2018-04-05 16:10:53','2018-04-05 16:10:53'),(80,2,NULL,111,'hchchchchc',NULL,NULL,1,NULL,3,'turyry','yes','Tonga, South Sudan','31.4456179','31.4456179',0,1,1,NULL,'not_active',2,0,0,111,'2018-04-02 20:04:53','2018-04-05 16:10:53','2018-04-05 16:10:53'),(81,2,NULL,112,'ufufhfhf',NULL,NULL,1,NULL,3,'xgxgxgd','yes','Damara, Central African Republic','18.7125791','18.7125791',1,1,1,NULL,'not_active',2,0,0,112,'2018-04-02 20:14:08','2018-04-05 16:10:53','2018-04-05 16:10:53'),(82,1,'uploads/images/expo/34F9ukKXpbn4uzqcDYSFFha4T0XHSAdBoZ2JGBfp.png',113,'sssssssssssss','uploads/images/expo/CKzOjngCVkZbktjogMfBqDrihtEXOhJqpNy44dyh.png','ssssssssssssssss',1,'uploads/images/expo/3O46nV4gWhxyjePEKkBwu1SBarIxy5B6OFLB34aD.png',1,'ssssssssssss','yes','aaaaaaaaaaaaa',NULL,NULL,0,1,1,'1','not_active',0,1,0,113,'2018-04-05 15:54:33','2018-04-05 16:10:53','2018-04-05 16:10:53'),(83,1,'uploads/images/expo/8YOd9evHjiNHpDNG5dX7q3vlPmLzvpc7eEr6d3d9.jpeg',57,'Aber khalid','uploads/images/expo/w5dvx0IBlFyP4Snk4tGR60kGwFj2GNN7L0y2Yrr2.jpeg','عبير خالد',1,'uploads/images/expo/GK4kUlvoPBqyU8bJ6iNXwEyM5DJxDEzgxMv3MZbQ.jpeg',1,'Kuwait','no','King Fahad Bin Abdul Aziz Rd, Kuwait',NULL,NULL,0,1,1,'1','active',2,0,0,1,'2018-04-05 16:46:40','2018-05-26 20:53:16','2018-05-26 20:53:16'),(84,1,'uploads/images/expo/MyZ5xeEZ3yHinhAicrZyf0jAJNdVcp051GajclP2.png',57,'woman 2','uploads/images/expo/s3EWh6MxWTwSrWbZbZZcSW96FrA879BtSV27MCse.jpeg',NULL,1,'uploads/images/expo/andgMVlE9TG8ZKS5nIO2KseqsKWh4JNOafo6Aovu.jpeg',1,'Kuwait','no','King Fahad Bin Abdul Aziz Rd, Kuwait',NULL,NULL,0,1,1,'1','active',1,2,0,1,'2018-04-08 12:37:09','2018-05-26 20:53:16','2018-05-26 20:53:16'),(85,1,'uploads/images/expo/SPwmwaXleSici3OmCDGAIB7pDKTS5D9zjCn32GHS.jpeg',57,'nana','uploads/images/expo/xP8KJ5mv8QP6DMU9Cq84H8m31hAq6iPA62jBuXKz.jpeg',NULL,1,'uploads/images/expo/WPyzL06Ek0JXgmwYnApbsXxSj2J04tSnbTYTPAWR.jpeg',1,NULL,'no',NULL,NULL,NULL,0,1,1,'1','active',1,0,0,1,'2018-04-08 12:44:16','2018-05-26 20:53:16','2018-05-26 20:53:16'),(86,1,'uploads/images/expo/bqOIrQJ4sEpwFFCaiEsTuVHPmLTcc9pI9f2mYhso.jpeg',57,'LUCY','uploads/images/expo/xqHr8zfIlIA6WJOrKGXJbsXG8VJgPDXAbBhqJWnh.jpeg',NULL,1,'uploads/images/expo/ETtKTw6BNrXaSlOIVPsxu5bpXKMSdKeI7qXSQGXe.jpeg',1,NULL,'no',NULL,NULL,NULL,0,1,1,'1','active',12,0,0,1,'2018-04-08 12:52:33','2019-02-04 16:03:02','2019-02-04 16:03:02'),(87,2,NULL,118,'iMostafa',NULL,NULL,1,'uploads/images/expo/SRE9cLLZKOkVUmFkeLelTpOm4yf1mCPh2u5uEtZG.jpeg',1,'Kuwait','yes','Kuwait City, Kuwait',NULL,NULL,0,1,1,NULL,'active',2,0,0,118,'2018-04-08 19:15:50','2018-04-18 14:25:56','2018-04-18 14:25:56'),(88,1,NULL,119,'123',NULL,NULL,1,NULL,1,'city_name','no','texas','31.504677','34.423892',0,1,1,NULL,'not_active',2,0,0,119,'2018-04-09 13:55:08','2018-04-18 14:25:56','2018-04-18 14:25:56'),(89,1,NULL,120,'Zzzx',NULL,NULL,1,'uploads/images/expo/2ZGtwPB7Are9nqZZ89Kt4oftOIAxQTCGJDRayT6t.jpeg',6,'qqq','yes','Barcelona Garden, Al Senaa St',NULL,NULL,0,1,1,NULL,'not_active',2,0,0,120,'2018-04-09 14:18:03','2018-04-18 14:25:56','2018-04-18 14:25:56'),(90,1,NULL,121,'123',NULL,NULL,1,NULL,1,'asdasd','no','texas','31.503992600000004','34.434507799999999',0,1,1,NULL,'active',2,0,0,121,'2018-04-09 14:20:08','2018-04-18 14:25:56','2018-04-18 14:25:56'),(91,1,NULL,122,'rryui',NULL,NULL,1,'uploads/images/expo/fqU7pZ0WmihQMOP0QgsYR3n671jcuivfxc07BEjv.jpeg',2,'hey','yes','Rima Pharmacy, Abd El-Wahid Bek Ln','34.4377241','31.5014822',0,1,1,NULL,'active',2,0,0,122,'2018-04-09 14:26:13','2018-04-18 14:25:56','2018-04-18 14:25:56'),(92,2,'uploads/images/expo/M2K6IoP9U9UQVHwYAnlPiSRcIcYOg7xOJe7IoSqr.jpeg',57,'BABA','uploads/images/expo/nLTlrNXQJqdcQRQyRpcY2crbeCzC27tudi0NcZVd.jpeg',NULL,1,'uploads/images/expo/tjzpZK3ecHJ0ZVgXjJjxpCo9en0YkBOhsQfg8WxL.jpeg',1,'Kuwait','no',NULL,NULL,NULL,0,1,1,'1','active',1,0,0,1,'2018-04-09 16:43:05','2019-02-04 16:03:02','2019-02-04 16:03:02'),(93,1,NULL,126,'hfgg',NULL,NULL,1,NULL,1,'gggg','no','Middle East','42.55096029999999','42.55096029999999',0,1,1,NULL,'not_active',2,0,0,126,'2018-04-11 22:01:20','2018-04-18 14:25:56','2018-04-18 14:25:56'),(94,1,NULL,127,'gff',NULL,NULL,1,NULL,2,'vgfg','no','Gaza Strip','34.3088255','34.3088255',0,1,1,NULL,'not_active',2,0,0,127,'2018-04-11 22:09:25','2018-04-18 14:25:56','2018-04-18 14:25:56'),(95,1,NULL,57,'tarik test',NULL,NULL,1,'uploads/images/expo/xffWr6z3WMecYxzOTpIhtm8wcj2u6d10bpEWQgke.jpeg',1,'Kuwait','no','Al Maghreb Rd, Bayan, Kuwait','48.02219921875003','48.02219921875003',0,1,1,'1','active',2,0,0,1,'2018-04-12 12:50:17','2018-04-18 14:25:56','2018-04-18 14:25:56'),(96,2,'uploads/images/expo/jcKuGdEUtpE3OySxN3tFkI6Qs1oMIkobywmz2IFc.png',57,'business man','uploads/images/expo/OkmD600rY89TOkzs7IlprSJS3LmoZxKH878pQd1H.jpeg','Details :',1,'uploads/images/expo/VwXpLDblG4vI353EuRrTIFUjZcjeVHXpjCDLal1t.png',3,'Ryadah','no','Al Atraf St, Al Jahra',NULL,NULL,0,1,1,'1','active',0,0,0,1,'2018-04-12 13:03:10','2019-02-04 16:03:02','2019-02-04 16:03:02'),(97,1,NULL,130,'qqqqqq',NULL,NULL,1,'uploads/images/expo/1vJITA8JhDG5i0fnNJNvREubg3Xx17ijOgWeisuE.jpeg',6,'gdhd','yes','Barcelona Garden, Al Senaa St','34.4345078','31.5039926',0,1,1,NULL,'active',2,0,0,130,'2018-04-12 16:43:05','2018-04-18 14:25:56','2018-04-18 14:25:56'),(98,2,'uploads/images/expo/t9DJdehQLEvRF5XniJdhYFq9nSMAWuZQFR918gVr.png',57,'ahmed','uploads/images/expo/eiDR9jGUoBp4IBPHpVoCzFtoj9mRA3EvrjsvukTE.png','details',1,'uploads/images/expo/5aSDtmzppvEPoNndIrsstxv9Q1U28MGDirTWzGxD.png',2,'Dubai','no','Dubai',NULL,NULL,0,1,1,'1','not_active',0,1,0,1,'2018-04-14 21:51:38','2018-04-18 14:25:56','2018-04-18 14:25:56'),(99,2,'uploads/images/expo/sshT6JrD2jUdKmCHOPcs0j28dIO7XXF6AH5UgpYs.png',132,'Hexa man',NULL,NULL,1,'uploads/images/expo/rVVCPmNuoWwGmHdPdBI6zKf02ewuH6PiVdKDKU3y.jpeg',1,'kuwait','yes','Mishref, Mishref, Kuwait','48.0654706','29.2761034',0,1,1,'1','active',2,0,0,1,'2018-04-18 16:42:55','2018-05-17 16:55:29','2018-05-17 16:55:29'),(100,1,'uploads/images/expo/ENL938dRJXixGw83T57bNnxT4O6FNzpuRCs2MvZl.jpeg',133,'Tarik',NULL,'isdjasdjfoiasd',1,'uploads/images/expo/m34CyoiIXxf5sAqH2gfG7U1Ymp3WFQbegSLTOAVz.png',1,'Kuwait','no','Mishref, Kuwait','48.0654706','48.0654706',0,1,1,'1','active',2,0,0,1,'2018-04-18 16:43:37','2019-02-04 16:03:02','2019-02-04 16:03:02'),(101,1,'uploads/images/expo/MAs71owdTyzDZ4tMcJv4OyJZnr9O0tO2hJ6k6evI.jpeg',135,'Shift','uploads/images/expo/BRWoH1MyHJPVxVw31BtDLF5t1XMLgSRDIVy2bJjE.jpeg',NULL,1,'uploads/images/expo/mu01ZTVe8J75WJspYENycdp1H1Qyr36EHL7FaYlL.jpeg',1,'Kuwait','no','Al Masjid Al Aqsa St, Bayan, Kuwait',NULL,NULL,0,1,1,'1','active',1,0,0,1,'2018-04-18 19:00:23','2019-02-04 16:03:02','2019-02-04 16:03:02'),(130,1,'uploads/images/expo/8Vdg0Jglai4mYnR0Pv2AG5rtgr32CzhBZVaLMtiq.jpeg',196,'Jose',NULL,NULL,1,'uploads/images/expo/YkbIEwVMvNqBQkBA8piloykBdlW998oFSF4dNvBV.jpeg',1,'Hawalli','yes','Line Company, Argan Business Park Building 9 Ground Floor Free Trade Zone، 15300، Kuwait Free Trade Zone, Kuwait','47.9068103','29.358589',0,1,1,'1','active',2,0,0,1,'2018-06-27 13:49:29','2019-02-04 16:03:02','2019-02-04 16:03:02'),(102,1,NULL,136,'gdfvjj',NULL,NULL,1,NULL,4,'ggh','no','Arsi, Ethiopia','39.651816499999995','39.651816499999995',0,1,1,NULL,'not_active',0,0,0,136,'2018-04-18 19:27:58','2018-05-15 14:04:07','2018-05-15 14:04:07'),(103,1,NULL,137,'fuhfh',NULL,NULL,1,NULL,4,'ncjcj','no','Akobo, South Sudan','31.4456179','31.4456179',0,1,1,NULL,'not_active',0,0,0,137,'2018-04-18 19:39:16','2018-05-15 14:04:07','2018-05-15 14:04:07'),(104,1,NULL,138,'jgjgj',NULL,NULL,1,NULL,6,'cch','no','Gulf of Aden','47.922363','47.922363',0,1,1,NULL,'not_active',0,0,0,138,'2018-04-18 20:43:11','2018-05-15 14:04:07','2018-05-15 14:04:07'),(105,1,NULL,139,'ufufjf',NULL,NULL,1,NULL,6,'hxgx','no','Borena, Ethiopia','38.9876741','38.9876741',0,1,1,NULL,'not_active',0,0,0,139,'2018-04-18 20:53:52','2018-05-15 14:04:07','2018-05-15 14:04:07'),(106,1,NULL,140,'hchchch',NULL,NULL,1,NULL,6,'fjchchch','no','مديرية جردان، Yemen','47.058302','47.058302',0,1,1,NULL,'not_active',2,0,0,140,'2018-04-18 21:02:29','2018-05-15 14:04:07','2018-05-15 14:04:07'),(107,2,NULL,143,'Atallah',NULL,NULL,1,NULL,1,'k','no','Kuwait','47.961409599999996','47.961409599999996',0,1,1,NULL,'not_active',0,0,0,143,'2018-04-19 17:18:25','2018-05-15 14:04:07','2018-05-15 14:04:07'),(108,2,NULL,144,'Atallah',NULL,NULL,1,NULL,1,'k','no','Zadawa / Hausari, Nigeria','12.874494499999999','12.874494499999999',0,1,1,NULL,'not_active',2,0,0,144,'2018-04-19 17:19:45','2018-05-15 14:04:07','2018-05-15 14:04:07'),(109,2,NULL,145,'Ahmed',NULL,NULL,1,NULL,1,'k','no','Al Jahra Governorate, Kuwait','47.763473100000006','47.763473100000006',0,1,1,NULL,'not_active',2,0,0,145,'2018-04-19 19:10:59','2018-05-15 14:04:07','2018-05-15 14:04:07'),(110,2,NULL,146,'Ahmed',NULL,NULL,1,NULL,1,'k','no','Barh Sara, Chad','17.858386799999998','17.858386799999998',0,1,1,NULL,'not_active',0,0,0,146,'2018-04-19 19:20:35','2018-05-15 14:04:07','2018-05-15 14:04:07'),(111,2,NULL,147,'Ahmed',NULL,NULL,1,NULL,1,'k','no','Ndélé, Central African Republic','20.902977','20.902977',0,1,1,NULL,'not_active',2,0,0,147,'2018-04-19 19:22:30','2018-05-15 14:04:07','2018-05-15 14:04:07'),(112,1,NULL,148,'vvjvj',NULL,NULL,1,NULL,6,'xgxyx','no','Gaza Strip','34.3088255','34.3088255',0,1,1,NULL,'not_active',2,0,0,148,'2018-04-22 05:30:05','2018-05-15 14:04:07','2018-05-15 14:04:07'),(113,2,NULL,152,'aghjbjk',NULL,NULL,1,'uploads/images/expo/qwBMnNFvzyjRxHD4RIuawu2jOSuSmrg0saQDv9sp.jpeg',6,'gjkkl','yes','Barcelona Garden, Al Senaa St','34.4345078','31.5039926',0,1,1,NULL,'not_active',0,0,0,152,'2018-04-23 13:21:00','2018-05-15 14:04:07','2018-05-15 14:04:07'),(114,2,NULL,153,'kg lg lg',NULL,NULL,1,'uploads/images/expo/FlCrGIStKhY1Rkmgg65FUTxKtibGf166cGWUyW3p.jpeg',1,'yvyvy','no','نادي شمس, شرق, N Barcelona St, Pensacola','34.4349212','31.5015605',0,1,1,NULL,'not_active',0,0,0,153,'2018-04-23 13:27:47','2018-05-15 14:04:07','2018-05-15 14:04:07'),(115,2,NULL,154,'qwegs',NULL,NULL,1,'uploads/images/expo/tNWGFurEdnINKqhbgFe5e4rCk0CNKwUoJJ5KD1pQ.jpeg',1,'fujh','no','Barcelona Garden, Al Senaa St','34.4345078','31.5039926',0,1,1,NULL,'not_active',0,0,0,154,'2018-04-23 14:54:56','2018-05-15 14:04:07','2018-05-15 14:04:07'),(116,2,NULL,155,'qa',NULL,NULL,1,'uploads/images/expo/ii7fqHeseOxctSBR3lPLvHxg962JGHyx0nX4tGQK.jpeg',4,'ss','no','Goure, Niger','10.9807003','10.9807003',0,1,1,NULL,'not_active',2,0,0,155,'2018-04-23 14:56:31','2018-05-15 14:04:07','2018-05-15 14:04:07'),(117,1,NULL,156,'123',NULL,NULL,1,NULL,1,'city_name','no','texas','31.504677','34.423892',0,1,1,NULL,'not_active',0,0,0,156,'2018-04-23 15:03:57','2018-05-15 14:04:07','2018-05-15 14:04:07'),(118,1,NULL,157,'123',NULL,NULL,1,NULL,1,'city_name','no','texas','31.504677','34.423892',0,1,1,NULL,'not_active',0,0,0,157,'2018-04-23 15:04:41','2018-05-15 14:04:07','2018-05-15 14:04:07'),(119,1,NULL,158,'123',NULL,NULL,1,NULL,1,'city_name','no','texas','31.504677','34.423892',0,1,1,NULL,'not_active',0,0,0,158,'2018-04-23 15:05:41','2018-05-15 14:04:07','2018-05-15 14:04:07'),(120,1,NULL,159,'123',NULL,NULL,1,NULL,1,'city_name','no','texas','31.504677','34.423892',0,1,1,NULL,'not_active',2,0,0,159,'2018-04-23 15:06:31','2018-05-15 14:04:07','2018-05-15 14:04:07'),(121,2,NULL,160,'fgjbi',NULL,NULL,1,'uploads/images/expo/snprk5b4G9EhLVYBE8ICFu34DH8An0s988DJdpnG.jpeg',1,'really','no','محلات سمارت باي للتجارة العامة, Al Senaa St','34.4346439','31.502455',0,1,1,NULL,'not_active',0,0,0,160,'2018-04-23 15:08:00','2018-05-15 14:04:07','2018-05-15 14:04:07'),(122,2,NULL,161,'ghil',NULL,NULL,1,'uploads/images/expo/frG2VPyEIBJHtMFuXHUsik0sH9OGIlHdkERezQOD.jpeg',1,'chfjfi','no','Barcelona Garden, Al Senaa St','34.4345078','31.5039926',0,1,1,NULL,'not_active',2,0,0,161,'2018-04-23 15:15:37','2018-05-15 14:04:07','2018-05-15 14:04:07'),(123,1,NULL,162,'123',NULL,NULL,1,NULL,1,'546546456','no','texas','31.504677','34.423892',0,1,1,NULL,'not_active',0,0,0,162,'2018-04-26 16:04:03','2018-05-15 14:04:07','2018-05-15 14:04:07'),(124,1,NULL,163,'Tarik',NULL,NULL,1,'uploads/images/expo/UIPJ8x9SsqeGjwRgT3LEjlFlvjHYqN11dT2O2QSv.jpeg',1,'kuwait','yes','Mishref, Kuwait','48.0654706','48.0654706',0,1,1,NULL,'not_active',2,0,0,163,'2018-05-09 15:43:26','2018-05-15 14:04:07','2018-05-15 14:04:07'),(125,1,NULL,164,'hexa',NULL,NULL,1,'uploads/images/expo/RZsZWzHmdsSNNyiggmoGJL3c7r4tmN0YgVuH54Si.jpeg',1,'Hawaii','yes','Hawally, Hawally, Kuwait','48.0158927','29.3332984',0,1,1,NULL,'not_active',2,0,0,164,'2018-05-09 15:48:25','2018-05-15 14:04:07','2018-05-15 14:04:07'),(126,2,'uploads/images/expo/PP83NE5cMYfT7dTzcDRfLfxdynipjvWoaFNmdPZ9.jpeg',167,'ghghg','uploads/images/expo/R0f1IAnKiPJeugXi7dcaHxE5ssi6JzzpCWWf3Bfj.jpeg',NULL,1,'uploads/images/expo/vK6r8Ftew7eMG8ERMObF99qLRFXPUxB1MRdlMLUX.jpeg',1,'Hawally','yes','Salmiya',NULL,NULL,0,1,1,'1','active',0,0,0,1,'2018-05-17 18:19:55','2019-02-04 16:03:02','2019-02-04 16:03:02'),(127,1,'uploads/images/expo/jxZHySRTET2kXFuRdCC0GvG3rBgSFjxmemnCr3Uu.jpeg',168,'gusuwush',NULL,NULL,1,'uploads/images/expo/tJ8l9XXO4AfYQCcL7LFFtHRZ460ASOn5Cvvc5UFX.png',1,'Hawally','yes','Unnamed Road, Kuwait Free Trade Zone, Kuwait','47.906886718750016','47.906886718750016',0,1,1,'1','active',2,0,0,1,'2018-05-17 19:55:03','2019-02-04 16:03:02','2019-02-04 16:03:02'),(128,1,'uploads/images/expo/WQMOB1tjCiBnkP2KFJpdFbwlTnEIVXn4q3ShhCDL.jpeg',169,'ghgg',NULL,NULL,1,'uploads/images/expo/mdCgSg0ogdwHMznEC1vT245uJgnKoaDb7z86Z10x.jpeg',1,'kuwait city','yes','salmia block 7 street 8 argan mall , ground floor','47.9068103','29.358589',0,1,1,'1','active',2,0,0,1,'2018-05-17 19:55:06','2019-02-04 16:03:02','2019-02-04 16:03:02'),(129,1,'uploads/images/expo/GtL0q0IwpYrcQtdEGVUgJovLX3OrKwJbV74heHF2.jpeg',188,'deema',NULL,NULL,1,'uploads/images/expo/8ImiQBPEDJFueStqZ07BiaBxr4SP1eLmfQE9WJ6j.jpeg',1,'salwa','yes','Kuwait City, Kuwait City, Kuwait','47.9774052','29.375859',0,1,1,'1','active',3,0,0,1,'2018-05-26 19:10:54','2019-02-04 16:03:02','2019-02-04 16:03:02'),(131,1,'uploads/images/expo/6KX0KQvOUMtcEbXJ8tzoQxlloLtISJ4D2QJ64Bpt.jpeg',198,'Berbery',NULL,NULL,1,'uploads/images/expo/eiNhyWrIfl1R8NOue3Cx5q5Llot4m90x9Dh1PZjy.jpeg',1,'Salmiya','yes','Line Company, Argan Business Park Building 9 Ground Floor Free Trade Zone، 15300، Kuwait Free Trade Zone, Kuwait','47.9068103','29.358589',0,1,1,'1','active',2,0,0,1,'2018-06-27 14:12:02','2019-02-04 16:03:02','2019-02-04 16:03:02'),(132,1,'uploads/images/expo/72dsN6HVYwRVf0JI7mQKWaF892djlgkJnh8oXmvu.jpeg',207,'Deema',NULL,NULL,1,'uploads/images/expo/7ZrloYMEwyUrOua8KwCzGTulPPAyfJvVhJt4qirm.jpeg',1,'hawally','yes','Carrefour Promenade Mall, Hawally, Kuwait','48.0158926','29.3332984',0,1,1,'1','active',2,0,0,1,'2018-07-31 14:15:17','2019-02-04 16:03:02','2019-02-04 16:03:02'),(133,1,'uploads/images/expo/2GpUEe9OTYzaknMOM1KqXsGaDgzBH6fRaNx6LIbl.jpeg',208,'blah',NULL,NULL,1,'uploads/images/expo/Yj9e0NCth6I1y6u7ga7byyf8ZxF6Y3Do0Suy34r6.jpeg',1,'kuig','yes','محلات سمارت باي للتجارة العامة, الصناعة','34.4346439','31.502455',0,1,1,'1','active',2,0,0,1,'2018-08-02 16:05:05','2019-02-04 16:03:02','2019-02-04 16:03:02'),(134,1,'uploads/images/expo/xgr2nJibFYP0MOFVFYjLSxXJyCZbSjmhdLrI1h65.jpeg',211,'blahblah',NULL,NULL,1,'uploads/images/expo/R9YgHLKy1nBhLJMO3ecAZCZLAIuaJiNeFuI2017n.jpeg',1,'doha','yes','Al-Farabi for Multilingual Services, Al-Senaa st Dalloul 1 building Gaza City','34.4346104','31.5017581',0,1,1,'1','active',2,0,0,1,'2018-08-15 19:10:35','2019-02-04 16:03:02','2019-02-04 16:03:02'),(135,1,'uploads/images/expo/uXQ3VBky99EnjxUcKFT6OQfMVdScc0u61Px5vmIg.png',212,'noor',NULL,NULL,1,'uploads/images/expo/ZfpyKUap3yfumkfFK249pEEqtCkbiabLlvprty0w.jpeg',1,'salmiya','yes','BackYard Restaurant, Kuwait Free Trade Zone, Kuwait','47.9068343','29.3587634',0,1,1,'1','active',2,0,0,1,'2018-08-16 18:33:44','2019-02-04 16:03:02','2019-02-04 16:03:02'),(136,1,'uploads/images/expo/xLnsI0OBvGzOtTswbY08iE5tFJwqaBa9yJ1hyppm.jpeg',213,'Hazem',NULL,NULL,1,'uploads/images/expo/RgaR6Lhgf7BhahwKKlSdUrwrzaPAQ6NRJfqgKRGU.jpeg',1,'Hawalli','yes','حولي, حولي، الكويت‎','48.0158927','29.3332984',0,1,1,'1','active',2,0,0,1,'2018-08-28 20:56:27','2019-02-04 16:03:02','2019-02-04 16:03:02'),(137,1,'uploads/images/expo/dKxPOzO2JSfbs4rehMTGpCwyMT7bl4Ik7mbaNkNv.jpeg',214,'Hazim',NULL,NULL,1,'uploads/images/expo/3U8wDbGjqvOSthJC0AfRyaqsX7EdiiYdxP4hRVeQ.jpeg',1,'Hawalliy','yes','Line Company, Argan Business Park Building 9 Ground Floor Free Trade Zone، 15300، المنطقة الحرة، الكويت‎','47.9068103','29.358589',0,1,1,'1','active',2,0,0,1,'2018-08-28 20:59:11','2019-02-04 16:03:02','2019-02-04 16:03:02'),(138,1,'uploads/images/expo/TxS3bkCZDnkfPJxpaW1PfLbPBbxVFWh1fXevnNoa.jpeg',216,'Hazem',NULL,NULL,1,'uploads/images/expo/DksCxgWZk2VURSdO0qAdJNmP9juKuyeyBO4TWQde.jpeg',1,'Hawally','yes','السالمية, السالمية، الكويت‎','48.0715612','29.3352938',0,1,1,'1','active',2,0,0,1,'2018-08-29 14:43:48','2019-02-04 16:03:02','2019-02-04 16:03:02'),(139,1,'uploads/images/expo/Rs320RMIr19JqlwgueYrn5CPv0a1cSMsa68SwDN8.jpeg',217,'Line’s Product',NULL,NULL,1,'uploads/images/expo/S7sFRzBOIXyFJwH8vavga0DPkQvwFSVPPIw0tPWO.jpeg',1,'Hawally','yes','Line Company, Argan Business Park Building 9 Ground Floor Free Trade Zone، 15300، المنطقة الحرة، الكويت‎','47.9068103','29.358589',0,1,1,'1','active',2,0,0,1,'2018-08-29 14:53:08','2019-02-04 16:03:02','2019-02-04 16:03:02'),(140,1,'uploads/images/expo/jrezjP0tOXD05hyNYOl7TRiiyGDCr5VIMpeIJW4k.png',218,'Line',NULL,NULL,1,'uploads/images/expo/D5I3AxZrYHpc1dymFqMKBx4JEnHGKwtM25O23nhT.jpeg',1,'Hawally','yes','Coded, Ghazali Rd, Argan Business Park, Building 7, First Floor, Free Trade Zone 70050، الكويت‎','47.9069939','29.3581075',0,1,1,'1','active',2,0,0,1,'2018-08-30 17:05:11','2019-02-04 16:03:02','2019-02-04 16:03:02'),(141,1,'uploads/images/expo/Ksv7KNrl4gOzqrcMOtFQD3P8eUoWHjy89raYucQv.jpeg',221,'ttt',NULL,NULL,1,'uploads/images/expo/TeRhhs4kpkss32lG1Iatvcri898B3S62pVwsT5OP.jpeg',1,'yyy','no','الأحمدي, الأحمدي، الكويت‎','48.1024743','28.5745125',0,1,1,'1','active',2,0,0,1,'2018-09-01 17:09:00','2019-02-04 16:03:02','2019-02-04 16:03:02'),(142,1,'uploads/images/expo/apDj3ig8Qnyhy3wVbaF0dNZlHwGEBXGEWyK3F2qL.png',222,'Hazem',NULL,NULL,1,'uploads/images/expo/wcYvO0xKXEoKe9xcc2Kod6jlCDGUdjOFjuutFGR8.jpeg',1,'Hawally','yes','BackYard Restaurant, Kuwait Free Trade Zone, Kuwait','47.9068343','29.3587634',0,1,1,'1','active',2,0,0,1,'2018-09-02 14:16:20','2019-02-04 16:03:02','2019-02-04 16:03:02'),(143,1,'uploads/images/expo/sXkQOgtQoHoEIbOEWS7MKwTfPhKGTz0QBxKIkqrQ.jpeg',223,'shrieks',NULL,NULL,1,'uploads/images/expo/O1rHYWnITNMy36rmzYqekrfrRQqTYSI9SNvh0XQh.jpeg',1,'dhjdjddj','yes','Line Company, Argan Business Park Building 9 Ground Floor Free Trade Zone، 15300، Kuwait Free Trade Zone, Kuwait','47.9068103','29.358589',0,1,1,'1','active',2,0,0,1,'2018-09-02 14:18:29','2019-02-04 16:03:02','2019-02-04 16:03:02'),(144,1,'uploads/images/expo/Dns7jmEWuAlOcGh2dYFCbopeyyMvPGSBzdlB7l3j.jpeg',224,'gsjsjsj',NULL,NULL,1,'uploads/images/expo/ZoZxMoJi0skxdKyzNl8O28pFvR0Z1ZPXIXf2Yqs1.jpeg',1,'gsjsjsj','yes','BackYard Restaurant, Kuwait Free Trade Zone, Kuwait','47.9068343','29.3587634',0,1,1,'1','active',2,0,0,1,'2018-09-02 14:20:35','2019-02-04 16:03:02','2019-02-04 16:03:02'),(145,1,'uploads/images/expo/BpVXfpGb8heXM6TWMhsof1e0JxM2cOC5EhxvQlDI.jpeg',225,'gsjsjsjj',NULL,NULL,1,'uploads/images/expo/HxM3j5RHmkdJHaHkVhNlURsCFZsTF0cEH3d7UZm8.jpeg',1,'ysusjsus','yes','Unnamed Road, Kuwait Free Trade Zone, Kuwait','47.90702734375002','47.90702734375002',0,1,1,'1','active',2,0,0,1,'2018-09-02 14:33:10','2019-02-04 16:03:02','2019-02-04 16:03:02'),(146,1,'uploads/images/expo/62KbNalhgjV7Nyl4A8qkV1szI13WpvvRU4ZXDVVv.jpeg',235,'reham','uploads/images/expo/4GZPtT7DtzITeArV4fo5LL31bd2z7hFXk7ds3jUq.jpeg','it\'s a new both',1,NULL,1,'kuwait','yes','kuwait',NULL,NULL,0,1,1,'1','active',0,1,0,235,'2019-01-02 17:42:56','2019-02-04 16:03:02','2019-02-04 16:03:02'),(147,1,'uploads/images/expo/fxTSfD29SEDu1fpC1l7gqGj8FjHudfxm8NCHpIpd.jpeg',236,'designer','uploads/images/expo/vxLCHm47Hp4HrIwnUmM6eAPbxeziRCrGMTa5mdg9.jpeg','new expo 3 jan',1,NULL,1,'kuwait','no','kuwait',NULL,NULL,0,1,1,'1','active',0,0,0,1,'2019-01-03 15:14:52','2019-02-04 16:03:02','2019-02-04 16:03:02'),(148,1,'uploads/images/expo/eM8iBT0nSeaguLpgxRI92MXSEy1z5fCQlSQ10xTS.png',237,'emad','uploads/images/expo/mN1JRyKqK7vXlHmSuxBQJUJWdyNZ1NqPxLQYJpVd.png','test',1,'uploads/images/expo/gkWz98xUSLwAsvRcAQPF2TCaAUopnZ6p6LNGzO4J.png',3,'damam','yes','damam, king fahd st',NULL,NULL,0,1,1,'1','active',1,0,0,237,'2019-01-09 15:31:57','2019-02-04 16:03:02','2019-02-04 16:03:02'),(149,1,'uploads/images/expo/f3Pj5n1A1qSi0yRWOGeR2MNFgRuHm1Yk3Oo9EIQM.png',240,'max','uploads/images/expo/gO7C1Nruk7rhXDYPOvK6oFgvJ4foA8DIh1sCYQE0.png','Max, which was launched in the UAE in May 2004, has a strong presence with over 325 stores across 16 countries.\r\n\r\n \r\n\r\nToday Max is the leading and most trusted value fashion retailer in the Middle East and aims to have a network of over 500 stores across the MENA region and new markets by 2020.\r\n\r\n \r\n\r\nMax serves the mid-market section of the population consisting of Arab Nationals, Asians and Western expats and employs over 8,000 people from multiple nationalities across its network.\r\n\r\n \r\n\r\nOur stores typically measure between 10,000 sq. ft. to 30,000 sq. ft., with interiors designed to offer you a convenient and streamlined shopping experience. We strive to bring our customers value fashion and merchandise which is designed in-house and manufactured to stringent quality standards. Our offerings are regularly updated to ensure that they always delight customers with fresh new choices, making the store more vibrant. Max retails its own label of apparel for men, women and children along with footwear, accessories, cosmetics and household products.',1,NULL,1,'Kuwait','yes','Al Masjid Al Aqsa St, Bayan, Kuwait',NULL,NULL,0,1,1,'1','not_active',3,1,1,240,'2019-02-04 16:12:36','2019-04-30 17:59:13','2019-04-30 17:59:13'),(150,1,'uploads/images/expo/gUC5n78leuRRZb8eAfgDtLXPf2sfc5JdK2ErsLCT.jpeg',241,'zara','uploads/images/expo/pTMr415Fidnoj9vFSPSUP7ZqjbxuDEZfxONeHrFN.jpeg','zara',1,NULL,1,'HAWALY','no','Munther Tower, Al Kuwayt, Kuwait',NULL,NULL,0,1,1,'1','not_active',1,1,1,1,'2019-02-04 16:33:57','2019-04-30 18:15:31','2019-04-30 18:15:31'),(151,1,'uploads/images/expo/BfrTU60hrSLdv4wQhz5TDLav3qesduZuvf4bdjil.jpeg',242,'MANGO','uploads/images/expo/B1jZ590gIKXtzcBK3sPLAruMyUHUFpmmpjbY7nOf.jpeg','MANGO',1,NULL,1,'Kuwait','no',NULL,NULL,NULL,0,1,1,'1','not_active',0,0,0,242,'2019-02-04 16:36:17','2019-03-22 20:39:33',NULL),(152,2,'uploads/images/expo/Uj33oKvupI0kFHPDrcBMKG0DzBy5t2vIDhVINulI.png',243,'Nayomi','uploads/images/expo/k1nlKYCrYentahpatCyzkTM4ZTnA5Fl3z3dABmIG.png','Nayomi was founded in the Kingdom of Saudi Arabia in 1992 as a single lingerie store, and 24 years later has evolved into a distinctive, leading brand within the region. It offers a number of key lines including fashionable lingerie, luxurious nightwear, stunning bridal ensembles, unique bath wear and slippers as well as an extensive range of fragrances.\r\n\r\nNayomi, which means ‘soft and delicate’ in Arabic, uses a variety fabrics, from cotton and satin to silk and chiffon, in their designs. All the prints that are utilized are unique to Nayomi, ensuring every collection is fresh and uniquely Nayomi.\r\n\r\nLaunched in the Kingdom of Saudi Arabia, the brand now has 210 stores across the region including Qatar, Oman, Bahrain, UAE, Kuwait and Morocco.',1,NULL,1,'Kuwait','no',NULL,NULL,NULL,0,1,1,'1','active',6,0,0,1,'2019-02-04 16:39:20','2019-05-16 19:31:27',NULL),(153,1,NULL,245,'emad',NULL,NULL,1,NULL,1,'kuwait','no','Kuwait City, Kuwait City, Kuwait','47.9774052','29.375859',0,1,1,NULL,'not_active',2,0,0,245,'2019-02-21 14:40:29','2019-02-21 15:45:16',NULL),(154,1,NULL,250,'مرزوق',NULL,NULL,1,'uploads/images/expo/KdjKJlYsUSQj0Niko9NSWUZoO3YnNaaH9vc7Utcz.jpeg',1,'الاحمدي','yes','محطة الزور لتوليد الطاقة الكهربائية, الخيران، الكويت‎','48.3705016','28.706999099999997',0,1,1,NULL,'not_active',2,0,0,250,'2019-02-28 07:02:01','2019-02-28 07:02:01',NULL),(155,1,'uploads/images/expo/ZfkiVVU5aPEcGK3AWkWTWeVVDJ2DzBO66nJrJk2A.jpeg',251,'مرزوق',NULL,'كل مايختص بالمرآه',1,NULL,1,'الكويت','yes','محطة الزور لتوليد الطاقة الكهربائية, الخيران، الكويت‎','48.3705016','28.706999099999997',0,1,1,NULL,'active',2,0,0,251,'2019-02-28 07:21:11','2019-03-01 23:03:58',NULL),(156,2,NULL,252,'تجربه',NULL,NULL,1,'uploads/images/expo/6UiEU1ZhR8y0tStVacA0iBz2PHgJQhzewRD8cIiI.jpeg',6,'الدوحه','yes','محطة الزور لتوليد الطاقة الكهربائية, الخيران، الكويت‎','48.3705016','28.706999099999997',0,1,1,'1','not_active',2,0,0,1,'2019-02-28 12:40:27','2019-03-04 00:48:22',NULL),(157,1,'uploads/images/expo/1fMjzUQjjY5mRShZE1p2M2BbTvMkQ1kqhYeVXelW.jpeg',253,'الدقه',NULL,'متجر لكل ماهو جميل وجديد',1,'uploads/images/expo/TSJp6y8DKQFMwnbdDhCtCvLGjmYk2tOM68aP0c9B.jpeg',1,'كيفان','yes','كيفان الشارع الاول','48.106469999999995','29.09114',0,1,1,NULL,'active',2,0,0,253,'2019-03-05 08:41:35','2019-03-14 16:59:10','2019-03-14 16:59:10'),(158,1,'uploads/images/expo/qIranBI1DEoDA1nPbignUjaAqxLAjQ4s59Yw3lpK.jpeg',256,'Sweet & Sour','uploads/images/expo/OI0t7pRaTbIqwk6WNgtNXroLkRd4HUCPFO76ULyl.jpeg',NULL,1,NULL,1,NULL,'yes',NULL,NULL,NULL,0,1,1,'1','active',0,0,0,256,'2019-03-22 21:16:12','2019-03-24 18:53:57',NULL),(159,2,NULL,257,'pain',NULL,NULL,1,NULL,1,'salmiya','yes','Kakawnaa, Salmiya, Kuwait','48.0893898','29.343285',0,1,1,NULL,'not_active',2,0,0,257,'2019-03-22 21:38:09','2019-03-22 21:38:09',NULL),(160,2,NULL,258,'Nani Sweet',NULL,NULL,1,NULL,1,'Kuwait','yes','Olympia Mall, Salmiya, Kuwait','48.0887397','29.348067099999994',0,1,1,NULL,'not_active',2,0,0,258,'2019-03-22 23:57:22','2019-03-22 23:57:22',NULL),(161,2,'uploads/images/expo/zQU1pErNFid03NH1zLauZB6zfVQNq9R80GYjqHfr.jpeg',259,'طبخ البيت',NULL,'بوفيه ريوق أو عشاء  وبوكسات ريوق أو عشاء أو نفاس ?',1,'uploads/images/expo/R9HybNccvxCiAu654yPPvuD0910sphOg32zlbXbe.jpeg',1,'الفروانيه','yes','Police Sports Federation, العارضية، الكويت‎','47.9101101','29.288200999999997',0,1,1,NULL,'not_active',2,0,0,259,'2019-03-23 00:22:28','2019-03-24 22:44:50',NULL),(162,2,'uploads/images/expo/iBAD7EUq3xDlzeUhMcZaWqycrNBzbl4RsLe4WWvQ.png',261,'max','uploads/images/expo/glIB1KaYnr0TKy9Y49XRKTMNoPoEI0FnBuLfPXgf.png',NULL,1,NULL,1,NULL,'no',NULL,NULL,NULL,0,1,1,'1','active',0,0,0,1,'2019-03-24 17:01:55','2019-03-25 18:01:38',NULL),(163,2,NULL,262,'q.collection.q8',NULL,NULL,1,NULL,1,'kuwait','yes','Zoom Pizza, Star tower Abdulla almubarak St. Murqab, مدينة الكويت، الكويت‎','47.9798283','29.368743499999997',0,1,1,NULL,'not_active',2,0,0,262,'2019-03-27 05:09:51','2019-03-27 05:09:51',NULL),(164,1,NULL,264,'نواعم فاشن',NULL,NULL,1,'uploads/images/expo/hoSZ8xqVGI9tS7eIK5Pi2moZIYxLTcYstEBN8SJ6.jpeg',1,'الاحمدي','yes','علي صباح السالم, علي صباح السالم، الكويت‎','48.15482599999999','28.957047300000003',0,1,1,NULL,'not_active',2,0,0,264,'2019-04-02 06:36:37','2019-04-02 06:36:37',NULL),(165,1,NULL,266,'fufu',NULL,NULL,1,NULL,1,'df','no','18812, Saudi Arabia','46.805914','46.805914',0,1,1,NULL,'not_active',2,0,0,266,'2019-04-11 23:06:50','2019-04-27 07:38:12','2019-04-27 07:38:12'),(166,1,NULL,270,'hhhh',NULL,NULL,1,'uploads/images/expo/lXxTNr5vWnYW7qLnqGUGJfxXXyOlWIFBuAKNVIrR.png',1,'kuwait','no','Argan Business Park Building 9 Ground Floor Free Trade Zone، 15300، Kuwait Free Trade Zone, Kuwait','47.906886718750016','47.906886718750016',0,1,1,NULL,'not_active',2,0,0,270,'2019-04-15 23:46:23','2019-04-27 07:38:12','2019-04-27 07:38:12'),(167,2,NULL,271,'qqqqqq',NULL,NULL,1,NULL,6,'ytt','no','Al Jowf, Al Jowf Saudi Arabia','39.320624099999996','29.887355999999997',0,1,1,NULL,'not_active',2,0,0,271,'2019-04-16 17:08:14','2019-04-27 07:38:12','2019-04-27 07:38:12'),(168,1,NULL,273,'jffhxhxhxh',NULL,NULL,1,NULL,1,'ufuf','yes','نادي شمس, شرق, N Barcelona St, Pensacola','34.4349212','31.5015605',0,1,1,NULL,'not_active',2,0,0,273,'2019-05-08 23:16:57','2019-05-08 23:16:57',NULL);
/*!40000 ALTER TABLE `expos` ENABLE KEYS */;
UNLOCK TABLES;

--
-- Table structure for table `favourites`
--

DROP TABLE IF EXISTS `favourites`;
/*!40101 SET @saved_cs_client     = @@character_set_client */;
/*!40101 SET character_set_client = utf8 */;
CREATE TABLE `favourites` (
  `id` int(30) NOT NULL AUTO_INCREMENT,
  `user_id` int(30) NOT NULL,
  `product_id` int(30) NOT NULL,
  `created_at` timestamp NOT NULL DEFAULT current_timestamp() ON UPDATE current_timestamp(),
  `updated_at` timestamp NOT NULL DEFAULT '0000-00-00 00:00:00',
  PRIMARY KEY (`id`)
) ENGINE=InnoDB AUTO_INCREMENT=4 DEFAULT CHARSET=utf8;
/*!40101 SET character_set_client = @saved_cs_client */;

--
-- Dumping data for table `favourites`
--

LOCK TABLES `favourites` WRITE;
/*!40000 ALTER TABLE `favourites` DISABLE KEYS */;
INSERT INTO `favourites` VALUES (2,2,3,'2018-01-25 09:37:21','2018-01-25 09:37:21'),(3,2,2,'2018-01-25 09:37:37','2018-01-25 09:37:37');
/*!40000 ALTER TABLE `favourites` ENABLE KEYS */;
UNLOCK TABLES;

--
-- Table structure for table `language_translations`
--

DROP TABLE IF EXISTS `language_translations`;
/*!40101 SET @saved_cs_client     = @@character_set_client */;
/*!40101 SET character_set_client = utf8 */;
CREATE TABLE `language_translations` (
  `id` int(11) NOT NULL AUTO_INCREMENT,
  `language_id` int(11) NOT NULL,
  `locale` varchar(300) COLLATE utf8_unicode_ci NOT NULL,
  `name` varchar(300) COLLATE utf8_unicode_ci NOT NULL,
  `created_at` timestamp NOT NULL DEFAULT current_timestamp(),
  `updated_at` timestamp NOT NULL DEFAULT '0000-00-00 00:00:00',
  `deleted_at` timestamp NULL DEFAULT NULL,
  PRIMARY KEY (`id`)
) ENGINE=InnoDB AUTO_INCREMENT=5 DEFAULT CHARSET=utf8 COLLATE=utf8_unicode_ci ROW_FORMAT=COMPACT;
/*!40101 SET character_set_client = @saved_cs_client */;

--
-- Dumping data for table `language_translations`
--

LOCK TABLES `language_translations` WRITE;
/*!40000 ALTER TABLE `language_translations` DISABLE KEYS */;
INSERT INTO `language_translations` VALUES (1,1,'en','English','2017-10-19 08:04:44','0000-00-00 00:00:00',NULL),(2,1,'ar','إنجليزي','2017-10-19 08:04:44','0000-00-00 00:00:00',NULL),(3,2,'en','Arabic','2017-10-19 08:05:27','0000-00-00 00:00:00',NULL),(4,2,'ar','عربي','2017-10-19 08:05:27','0000-00-00 00:00:00',NULL);
/*!40000 ALTER TABLE `language_translations` ENABLE KEYS */;
UNLOCK TABLES;

--
-- Table structure for table `languages`
--

DROP TABLE IF EXISTS `languages`;
/*!40101 SET @saved_cs_client     = @@character_set_client */;
/*!40101 SET character_set_client = utf8 */;
CREATE TABLE `languages` (
  `id` int(11) NOT NULL AUTO_INCREMENT,
  `lang` varchar(300) COLLATE utf8_unicode_ci NOT NULL,
  `flag` varchar(255) COLLATE utf8_unicode_ci NOT NULL,
  `created_at` timestamp NOT NULL DEFAULT current_timestamp(),
  `updated_at` timestamp NOT NULL DEFAULT '0000-00-00 00:00:00',
  `deleted_at` timestamp NULL DEFAULT NULL,
  PRIMARY KEY (`id`)
) ENGINE=InnoDB AUTO_INCREMENT=3 DEFAULT CHARSET=utf8 COLLATE=utf8_unicode_ci;
/*!40101 SET character_set_client = @saved_cs_client */;

--
-- Dumping data for table `languages`
--

LOCK TABLES `languages` WRITE;
/*!40000 ALTER TABLE `languages` DISABLE KEYS */;
INSERT INTO `languages` VALUES (1,'en','uploads/language/m.png','2017-10-18 10:36:27','0000-00-00 00:00:00',NULL),(2,'ar','uploads/language/s.png','2017-10-18 10:36:38','0000-00-00 00:00:00',NULL);
/*!40000 ALTER TABLE `languages` ENABLE KEYS */;
UNLOCK TABLES;

--
-- Table structure for table `material_translations`
--

DROP TABLE IF EXISTS `material_translations`;
/*!40101 SET @saved_cs_client     = @@character_set_client */;
/*!40101 SET character_set_client = utf8 */;
CREATE TABLE `material_translations` (
  `id` int(11) NOT NULL AUTO_INCREMENT,
  `material_id` int(11) NOT NULL,
  `locale` varchar(300) NOT NULL,
  `name` varchar(300) NOT NULL,
  `created_at` timestamp NOT NULL DEFAULT current_timestamp(),
  `updated_at` timestamp NULL DEFAULT NULL,
  `deleted_at` timestamp NULL DEFAULT NULL,
  PRIMARY KEY (`id`)
) ENGINE=MyISAM AUTO_INCREMENT=15 DEFAULT CHARSET=utf8;
/*!40101 SET character_set_client = @saved_cs_client */;

--
-- Dumping data for table `material_translations`
--

LOCK TABLES `material_translations` WRITE;
/*!40000 ALTER TABLE `material_translations` DISABLE KEYS */;
INSERT INTO `material_translations` VALUES (1,1,'en','Fiber','2018-03-12 08:17:01','2018-03-15 11:21:41',NULL),(2,1,'ar','Fiber','2018-03-12 08:17:01','2018-03-15 11:21:41',NULL),(3,2,'en','Silicon','2018-03-12 08:23:20','2018-03-15 11:21:24',NULL),(4,2,'ar','Silicon','2018-03-12 08:23:20','2018-03-15 11:21:24',NULL),(5,3,'en','Cotton','2018-04-03 16:55:56','2018-04-18 15:35:53',NULL),(6,3,'ar','قطن','2018-04-03 16:55:56','2018-04-18 15:35:53',NULL),(7,4,'en','En','2018-04-15 00:37:43','2018-04-15 00:37:43',NULL),(8,4,'ar','Ar','2018-04-15 00:37:43','2018-04-15 00:37:43',NULL),(9,5,'en','Silk','2018-04-18 15:36:32','2018-04-18 15:36:32',NULL),(10,5,'ar','حرير','2018-04-18 15:36:32','2018-04-18 15:36:32',NULL),(11,6,'en','Fiber And Cotton','2018-05-19 20:14:59','2018-05-19 20:14:59',NULL),(12,6,'ar','قماش وقطن','2018-05-19 20:14:59','2018-05-19 20:14:59',NULL),(13,7,'en','Wool','2019-01-03 15:17:38','2019-01-03 15:17:38',NULL),(14,7,'ar','صوف','2019-01-03 15:17:38','2019-01-03 15:17:38',NULL);
/*!40000 ALTER TABLE `material_translations` ENABLE KEYS */;
UNLOCK TABLES;

--
-- Table structure for table `materials`
--

DROP TABLE IF EXISTS `materials`;
/*!40101 SET @saved_cs_client     = @@character_set_client */;
/*!40101 SET character_set_client = utf8 */;
CREATE TABLE `materials` (
  `id` int(11) NOT NULL AUTO_INCREMENT,
  `status` enum('not_active','active') NOT NULL,
  `order_by` int(11) NOT NULL DEFAULT 0,
  `createdBy` int(11) NOT NULL,
  `created_at` timestamp NOT NULL DEFAULT current_timestamp(),
  `updated_at` timestamp NULL DEFAULT NULL,
  `deleted_at` timestamp NULL DEFAULT NULL,
  PRIMARY KEY (`id`)
) ENGINE=MyISAM AUTO_INCREMENT=8 DEFAULT CHARSET=utf8;
/*!40101 SET character_set_client = @saved_cs_client */;

--
-- Dumping data for table `materials`
--

LOCK TABLES `materials` WRITE;
/*!40000 ALTER TABLE `materials` DISABLE KEYS */;
INSERT INTO `materials` VALUES (1,'active',3,57,'2018-03-12 08:17:01','2018-03-15 11:35:24',NULL),(2,'active',2,57,'2018-03-12 08:23:20','2018-03-18 14:55:12',NULL),(3,'active',1,57,'2018-04-03 16:55:56','2018-04-18 17:28:33',NULL),(4,'active',3,57,'2018-04-15 00:37:43','2018-04-15 00:38:01','2018-04-15 00:38:01'),(5,'active',0,57,'2018-04-18 15:36:32','2018-04-18 17:28:33',NULL),(6,'active',0,57,'2018-05-19 20:14:59','2018-05-20 04:17:42',NULL),(7,'active',0,57,'2019-01-03 15:17:38','2019-02-28 07:04:02',NULL);
/*!40000 ALTER TABLE `materials` ENABLE KEYS */;
UNLOCK TABLES;

--
-- Table structure for table `message_contacts`
--

DROP TABLE IF EXISTS `message_contacts`;
/*!40101 SET @saved_cs_client     = @@character_set_client */;
/*!40101 SET character_set_client = utf8 */;
CREATE TABLE `message_contacts` (
  `id` int(10) unsigned NOT NULL AUTO_INCREMENT,
  `sender_id` int(11) NOT NULL,
  `receiver_id` int(11) NOT NULL,
  `type` int(11) NOT NULL DEFAULT 1,
  `status` int(11) NOT NULL DEFAULT 0 COMMENT '0=> not read, 1=> read',
  `created_at` timestamp NULL DEFAULT NULL,
  `updated_at` timestamp NULL DEFAULT NULL,
  PRIMARY KEY (`id`)
) ENGINE=InnoDB AUTO_INCREMENT=11 DEFAULT CHARSET=utf8mb4 COLLATE=utf8mb4_unicode_ci;
/*!40101 SET character_set_client = @saved_cs_client */;

--
-- Dumping data for table `message_contacts`
--

LOCK TABLES `message_contacts` WRITE;
/*!40000 ALTER TABLE `message_contacts` DISABLE KEYS */;
INSERT INTO `message_contacts` VALUES (1,238,243,1,0,'2019-02-27 21:10:57','2019-02-27 21:10:57'),(2,238,240,1,0,'2019-02-27 21:12:20','2019-02-27 21:12:20'),(3,238,256,1,0,'2019-04-08 22:08:18','2019-04-08 22:08:18'),(5,254,243,1,0,'2019-04-15 21:52:49','2019-04-15 21:52:49'),(6,269,243,1,0,'2019-04-15 22:48:23','2019-04-15 22:48:23'),(7,259,259,1,0,'2019-05-15 19:50:41','2019-05-15 19:50:41'),(8,274,243,1,0,'2019-05-16 10:53:30','2019-05-16 10:53:30'),(9,274,251,1,0,'2019-05-16 13:45:02','2019-05-16 13:45:02'),(10,274,256,1,0,'2019-05-17 15:34:12','2019-05-17 15:34:12');
/*!40000 ALTER TABLE `message_contacts` ENABLE KEYS */;
UNLOCK TABLES;

--
-- Table structure for table `messages`
--

DROP TABLE IF EXISTS `messages`;
/*!40101 SET @saved_cs_client     = @@character_set_client */;
/*!40101 SET character_set_client = utf8 */;
CREATE TABLE `messages` (
  `id` int(10) unsigned NOT NULL AUTO_INCREMENT,
  `sender_id` int(11) NOT NULL,
  `receiver_id` int(11) NOT NULL,
  `message` varchar(191) COLLATE utf8mb4_unicode_ci DEFAULT NULL,
  `image` varchar(191) COLLATE utf8mb4_unicode_ci DEFAULT NULL,
  `video` varchar(255) CHARACTER SET utf8mb4 DEFAULT NULL,
  `message_contact_id` int(10) unsigned NOT NULL,
  `created_at` timestamp NULL DEFAULT NULL,
  `updated_at` timestamp NULL DEFAULT NULL,
  `deleted_at` timestamp NULL DEFAULT NULL,
  PRIMARY KEY (`id`)
) ENGINE=InnoDB AUTO_INCREMENT=44 DEFAULT CHARSET=utf8mb4 COLLATE=utf8mb4_unicode_ci;
/*!40101 SET character_set_client = @saved_cs_client */;

--
-- Dumping data for table `messages`
--

LOCK TABLES `messages` WRITE;
/*!40000 ALTER TABLE `messages` DISABLE KEYS */;
INSERT INTO `messages` VALUES (1,238,243,'السلام عليكم','',NULL,1,'2019-02-27 21:10:57','2019-02-27 21:10:57',NULL),(2,238,240,'السلام عليكم','',NULL,2,'2019-02-27 21:12:20','2019-02-27 21:12:20',NULL),(3,238,256,'مرحبا','',NULL,3,'2019-04-08 22:08:18','2019-04-08 22:08:18',NULL),(4,238,243,'hgg','',NULL,1,'2019-04-09 20:19:10','2019-04-09 20:19:10',NULL),(5,238,243,'hgg','',NULL,1,'2019-04-09 20:19:11','2019-04-09 20:19:11',NULL),(6,238,243,'hgg','',NULL,1,'2019-04-09 20:19:11','2019-04-09 20:19:11',NULL),(7,238,243,'h','',NULL,1,'2019-04-09 20:19:17','2019-04-09 20:19:17',NULL),(8,238,243,NULL,'uploads/images/messages/YLusXrxOOQBaJNEEUKhHHMCxA600FAW67qoCvWei.jpeg',NULL,1,'2019-04-09 20:20:03','2019-04-09 20:20:03',NULL),(9,238,243,'مرحبا','',NULL,1,'2019-04-11 18:26:54','2019-04-11 18:26:54',NULL),(10,238,243,NULL,'',NULL,1,'2019-04-11 18:45:41','2019-04-11 18:45:41',NULL),(11,238,243,NULL,'',NULL,1,'2019-04-11 19:13:22','2019-04-11 19:13:22',NULL),(12,238,243,NULL,'uploads/images/messages/CFPubU3pkMRCPrvv4L9EA5yI58l007UKZ4s4ECp9.jpeg',NULL,1,'2019-04-11 19:14:37','2019-04-11 19:14:37',NULL),(17,238,243,NULL,'','',1,'2019-04-11 21:24:26','2019-04-11 21:24:26',NULL),(18,238,243,NULL,'','',1,'2019-04-11 21:26:59','2019-04-11 21:26:59',NULL),(19,238,243,NULL,'uploads/images/messages/IRZw4GPfbDNbbDQSB8Jzp0V0JfFku9GitjXXuzGV.jpeg','',1,'2019-04-11 21:31:16','2019-04-11 21:31:16',NULL),(20,238,243,NULL,'','',1,'2019-04-11 21:41:52','2019-04-11 22:20:14','2019-04-11 22:20:14'),(21,238,243,NULL,'','',1,'2019-04-11 21:43:00','2019-04-11 22:20:12','2019-04-11 22:20:12'),(22,238,243,NULL,'','uploads/images/messages/o8wddNlSXJAhHWoj5bCQIbOidwT2rSq74d10QYwx.mp4',1,'2019-04-11 21:44:02','2019-04-11 21:44:02',NULL),(23,238,243,NULL,'','uploads/images/messages/e0QEsMjrXyevZdpZvxDjB02W1YZBXsyqcGisjcg0.mp4',1,'2019-04-11 21:46:08','2019-04-11 21:46:08',NULL),(24,238,243,NULL,'','uploads/images/messages/u1IpQVM9HSOefPxQdVAwlENcmd4VRGXYMMlVPqyo.mp4',1,'2019-04-11 22:00:53','2019-04-11 22:00:53',NULL),(25,238,243,NULL,'','uploads/images/messages/qjBk1HY4xv9qZApovIrfHzqE7W0XoNP4NQVRtqsB.qt',1,'2019-04-11 22:01:26','2019-04-11 22:01:26',NULL),(26,238,240,'hgg','','',2,'2019-04-14 17:04:01','2019-04-14 17:04:01',NULL),(27,238,256,NULL,'uploads/images/messages/U8AnLOnfRuB7OGnnGEYci87RDcs5JB1TC0jvvC94.jpeg','',3,'2019-04-14 17:07:50','2019-04-14 17:07:50',NULL),(28,238,256,NULL,'','uploads/images/messages/2NWzlZBdQRwOjJG1NVDffStvZYZbCrEOuz26qxoY.qt',3,'2019-04-14 17:09:03','2019-04-14 17:09:03',NULL),(29,254,243,NULL,'uploads/images/messages/UIZ21TuOOFQpLDHSmvcNyGm6wmeRxEKLpJ0KjGRx.jpeg','',5,'2019-04-15 21:52:49','2019-04-15 21:52:49',NULL),(30,269,243,NULL,'','uploads/images/messages/Ibddr3A1ZbAuqtzlkA0SkcodY97eRX52rRMPSYD5.mp4',6,'2019-04-15 22:48:23','2019-04-15 22:48:23',NULL),(31,259,259,'السلام عليكم ورحمه الله','','',7,'2019-05-15 19:50:41','2019-05-15 19:50:41',NULL),(32,259,259,'السلام عليكم ورحمه الله','','',7,'2019-05-15 19:50:42','2019-05-15 19:50:42',NULL),(33,274,243,'لبتنل','','',8,'2019-05-16 10:53:30','2019-05-16 10:53:30',NULL),(34,274,243,'لبتنل','','',8,'2019-05-16 10:53:31','2019-05-16 10:53:31',NULL),(35,274,251,'السلام عليكم','','',9,'2019-05-16 13:45:02','2019-05-16 13:45:02',NULL),(36,274,243,'رددوا ز','','',8,'2019-05-17 06:33:16','2019-05-17 06:33:16',NULL),(37,274,243,'رددوا ز','','',8,'2019-05-17 06:33:16','2019-05-17 06:33:16',NULL),(38,274,243,NULL,'uploads/images/messages/vw1yJN25Pj4d5nMy8nOnuCQ4viBTknSOQu9dx2Jz.jpeg','',8,'2019-05-17 06:33:31','2019-05-17 06:33:31',NULL),(39,274,251,'السلام','','',9,'2019-05-17 06:38:33','2019-05-17 06:38:33',NULL),(40,274,251,'السلام','','',9,'2019-05-17 06:38:35','2019-05-17 06:38:35',NULL),(41,274,251,'ghfhx','','',9,'2019-05-17 15:24:46','2019-05-17 15:24:46',NULL),(42,274,256,'bdgd','','',10,'2019-05-17 15:34:12','2019-05-17 15:34:12',NULL),(43,274,256,'bdgd','','',10,'2019-05-17 15:34:13','2019-05-17 15:34:13',NULL);
/*!40000 ALTER TABLE `messages` ENABLE KEYS */;
UNLOCK TABLES;

--
-- Table structure for table `migrations`
--

DROP TABLE IF EXISTS `migrations`;
/*!40101 SET @saved_cs_client     = @@character_set_client */;
/*!40101 SET character_set_client = utf8 */;
CREATE TABLE `migrations` (
  `id` int(10) unsigned NOT NULL AUTO_INCREMENT,
  `migration` varchar(255) COLLATE utf8mb4_unicode_ci NOT NULL,
  `batch` int(11) NOT NULL,
  PRIMARY KEY (`id`)
) ENGINE=InnoDB DEFAULT CHARSET=utf8mb4 COLLATE=utf8mb4_unicode_ci;
/*!40101 SET character_set_client = @saved_cs_client */;

--
-- Dumping data for table `migrations`
--

LOCK TABLES `migrations` WRITE;
/*!40000 ALTER TABLE `migrations` DISABLE KEYS */;
/*!40000 ALTER TABLE `migrations` ENABLE KEYS */;
UNLOCK TABLES;

--
-- Table structure for table `notification_message`
--

DROP TABLE IF EXISTS `notification_message`;
/*!40101 SET @saved_cs_client     = @@character_set_client */;
/*!40101 SET character_set_client = utf8 */;
CREATE TABLE `notification_message` (
  `id` int(11) NOT NULL AUTO_INCREMENT,
  `message` text CHARACTER SET utf8mb4 NOT NULL,
  `created_at` timestamp NOT NULL DEFAULT current_timestamp(),
  `updated_at` timestamp NULL DEFAULT NULL,
  `deleted_at` timestamp NULL DEFAULT NULL,
  PRIMARY KEY (`id`)
) ENGINE=MyISAM AUTO_INCREMENT=30 DEFAULT CHARSET=latin1;
/*!40101 SET character_set_client = @saved_cs_client */;

--
-- Dumping data for table `notification_message`
--

LOCK TABLES `notification_message` WRITE;
/*!40000 ALTER TABLE `notification_message` DISABLE KEYS */;
INSERT INTO `notification_message` VALUES (1,'test notification','2019-02-25 17:14:21','2019-02-25 17:14:21',NULL),(2,'notification','2019-02-25 17:46:22','2019-02-25 17:46:22',NULL),(3,'test 2019','2019-02-25 18:22:30','2019-02-25 18:22:30',NULL),(4,'test 2019 129','2019-02-25 18:23:01','2019-02-25 18:30:42','2019-02-25 18:30:42'),(5,'jygfj;l','2019-02-25 18:23:17','2019-02-25 18:30:27','2019-02-25 18:30:27'),(6,'notification','2019-02-25 18:28:45','2019-02-25 18:28:45',NULL),(7,'test','2019-02-25 18:33:26','2019-02-25 18:33:26',NULL),(8,'gggggggggg','2019-02-25 18:34:42','2019-02-25 18:34:42',NULL),(9,'wewe','2019-02-25 18:35:36','2019-02-25 18:35:36',NULL),(10,'emad','2019-02-25 18:36:29','2019-02-25 18:36:29',NULL),(11,'HI','2019-02-25 18:42:42','2019-02-25 18:42:42',NULL),(12,'123654789','2019-02-25 18:43:18','2019-02-25 18:43:18',NULL),(13,'12354','2019-02-25 18:52:38','2019-02-25 18:52:38',NULL),(14,'message TEST','2019-02-25 19:06:09','2019-02-25 19:06:09',NULL),(15,'Talaatna','2019-02-25 19:14:31','2019-02-25 19:14:31',NULL),(16,'THE APP IS CLOSE\r\nالتطبيق مغلق','2019-02-25 19:15:44','2019-02-25 19:15:44',NULL),(26,'test','2019-04-15 21:50:22','2019-04-15 21:50:22',NULL),(27,'test','2019-04-27 07:21:37','2019-04-27 07:21:37',NULL),(28,'ملحم','2019-04-27 07:21:57','2019-04-27 07:21:57',NULL),(29,'Welcome to Expo App','2019-05-01 23:45:09','2019-05-01 23:45:09',NULL),(19,'message TEST','2019-02-27 01:28:01','2019-02-27 01:28:01',NULL),(20,'test','2019-02-27 01:29:46','2019-02-27 01:29:46',NULL),(21,'test notification','2019-02-27 01:30:11','2019-02-27 01:30:11',NULL),(22,'test final','2019-02-27 01:30:30','2019-02-27 01:30:30',NULL),(23,'my expo','2019-02-27 01:31:30','2019-02-27 01:31:30',NULL),(24,'السلام عليكم','2019-02-28 07:08:12','2019-02-28 07:08:12',NULL),(25,'checkout','2019-03-05 19:20:01','2019-03-05 19:20:01',NULL);
/*!40000 ALTER TABLE `notification_message` ENABLE KEYS */;
UNLOCK TABLES;

--
-- Table structure for table `occasion_translations`
--

DROP TABLE IF EXISTS `occasion_translations`;
/*!40101 SET @saved_cs_client     = @@character_set_client */;
/*!40101 SET character_set_client = utf8 */;
CREATE TABLE `occasion_translations` (
  `id` int(11) NOT NULL AUTO_INCREMENT,
  `occasion_id` int(11) NOT NULL,
  `locale` varchar(300) NOT NULL,
  `name` varchar(300) NOT NULL,
  `created_at` timestamp NOT NULL DEFAULT current_timestamp(),
  `updated_at` timestamp NULL DEFAULT NULL,
  `deleted_at` timestamp NULL DEFAULT NULL,
  PRIMARY KEY (`id`)
) ENGINE=MyISAM AUTO_INCREMENT=15 DEFAULT CHARSET=utf8;
/*!40101 SET character_set_client = @saved_cs_client */;

--
-- Dumping data for table `occasion_translations`
--

LOCK TABLES `occasion_translations` WRITE;
/*!40000 ALTER TABLE `occasion_translations` DISABLE KEYS */;
INSERT INTO `occasion_translations` VALUES (1,1,'en','Spring','2018-03-12 08:01:01','2018-04-12 14:05:24',NULL),(2,1,'ar','الربيع','2018-03-12 08:01:01','2018-04-12 14:05:24',NULL),(3,2,'en','Summer','2018-03-18 15:35:07','2018-04-12 14:04:57',NULL),(4,2,'ar','الصيف','2018-03-18 15:35:07','2018-04-12 14:04:57',NULL),(5,3,'en','Fall','2018-04-03 16:55:26','2018-04-12 14:03:57',NULL),(6,3,'ar','الخريف','2018-04-03 16:55:26','2018-04-12 14:03:57',NULL),(7,4,'en','Winter','2018-04-12 14:05:49','2018-04-12 14:05:49',NULL),(8,4,'ar','الشتاء','2018-04-12 14:05:49','2018-04-12 14:05:49',NULL),(9,5,'en','En','2018-04-15 00:28:24','2018-04-15 00:28:24',NULL),(10,5,'ar','Ar','2018-04-15 00:28:24','2018-04-15 00:28:24',NULL),(11,6,'en','Wedding Party','2018-05-19 20:11:19','2018-05-19 20:11:19',NULL),(12,6,'ar','حفل زفاف','2018-05-19 20:11:19','2018-05-19 20:11:19',NULL),(13,7,'en','Eid','2019-01-03 15:17:14','2019-01-03 15:17:14',NULL),(14,7,'ar','عيد','2019-01-03 15:17:14','2019-01-03 15:17:14',NULL);
/*!40000 ALTER TABLE `occasion_translations` ENABLE KEYS */;
UNLOCK TABLES;

--
-- Table structure for table `occasions`
--

DROP TABLE IF EXISTS `occasions`;
/*!40101 SET @saved_cs_client     = @@character_set_client */;
/*!40101 SET character_set_client = utf8 */;
CREATE TABLE `occasions` (
  `id` int(11) NOT NULL AUTO_INCREMENT,
  `status` enum('not_active','active') NOT NULL,
  `order_by` int(11) NOT NULL DEFAULT 0,
  `createdBy` int(11) NOT NULL,
  `created_at` timestamp NOT NULL DEFAULT current_timestamp(),
  `updated_at` timestamp NULL DEFAULT NULL,
  `deleted_at` timestamp NULL DEFAULT NULL,
  PRIMARY KEY (`id`)
) ENGINE=MyISAM AUTO_INCREMENT=8 DEFAULT CHARSET=utf8;
/*!40101 SET character_set_client = @saved_cs_client */;

--
-- Dumping data for table `occasions`
--

LOCK TABLES `occasions` WRITE;
/*!40000 ALTER TABLE `occasions` DISABLE KEYS */;
INSERT INTO `occasions` VALUES (1,'active',1,57,'2018-03-12 08:01:01','2018-03-18 15:34:43',NULL),(2,'active',1,57,'2018-03-18 15:35:07','2018-04-12 14:04:57',NULL),(3,'active',2,57,'2018-04-03 16:55:26','2018-04-12 14:04:33',NULL),(4,'active',0,57,'2018-04-12 14:05:49','2018-04-15 13:28:30',NULL),(5,'not_active',3,57,'2018-04-15 00:28:24','2018-04-15 00:29:05','2018-04-15 00:29:05'),(6,'active',0,57,'2018-05-19 20:11:19','2018-05-19 20:11:34',NULL),(7,'not_active',2,57,'2019-01-03 15:17:14','2019-04-09 18:57:20',NULL);
/*!40000 ALTER TABLE `occasions` ENABLE KEYS */;
UNLOCK TABLES;

--
-- Table structure for table `orders`
--

DROP TABLE IF EXISTS `orders`;
/*!40101 SET @saved_cs_client     = @@character_set_client */;
/*!40101 SET character_set_client = utf8 */;
CREATE TABLE `orders` (
  `id` int(11) NOT NULL AUTO_INCREMENT,
  `order_id` int(11) NOT NULL,
  `product_id` int(11) NOT NULL,
  `expo_id` int(11) NOT NULL DEFAULT 1,
  `quantity` int(11) NOT NULL,
  `price` float NOT NULL,
  `size_id` int(11) DEFAULT NULL,
  `size_type` tinyint(1) NOT NULL DEFAULT 1,
  `custom_size` varchar(300) CHARACTER SET utf8 COLLATE utf8_bin DEFAULT NULL,
  `color_id` int(11) DEFAULT NULL,
  `material_id` int(11) DEFAULT NULL,
  `total` float NOT NULL,
  `created_at` timestamp NOT NULL DEFAULT current_timestamp(),
  `updated_at` timestamp NULL DEFAULT NULL,
  `deleted_at` timestamp NULL DEFAULT NULL,
  PRIMARY KEY (`id`)
) ENGINE=MyISAM AUTO_INCREMENT=330 DEFAULT CHARSET=latin1;
/*!40101 SET character_set_client = @saved_cs_client */;

--
-- Dumping data for table `orders`
--

LOCK TABLES `orders` WRITE;
/*!40000 ALTER TABLE `orders` DISABLE KEYS */;
INSERT INTO `orders` VALUES (93,91,103,5,4,223,1,1,'null',1,1,892,'2018-04-05 13:01:11','2018-04-05 13:01:11',NULL),(94,92,104,5,7,249,1,2,'22,33,44,55,66,77',2,1,1743,'2018-04-05 13:01:11','2018-04-05 13:01:11',NULL),(95,92,156,5,5,173,1,3,'null',2,2,865,'2018-04-05 13:01:11','2018-04-05 13:01:11',NULL),(96,93,103,5,2,223,1,1,'null',1,1,446,'2018-04-05 13:11:38','2018-04-05 13:11:38',NULL),(97,93,104,5,5,249,1,2,'88,77,66,55,55,99',2,1,1245,'2018-04-05 13:11:38','2018-04-05 13:11:38',NULL),(98,93,156,5,4,173,1,3,'null',2,2,692,'2018-04-05 13:11:38','2018-04-05 13:11:38',NULL),(99,94,159,83,6,80,2,1,'null',5,2,480,'2018-04-08 18:01:53','2018-04-08 18:01:53',NULL),(100,94,159,83,4,80,2,1,'null',5,2,320,'2018-04-08 18:01:53','2018-04-08 18:01:53',NULL),(101,95,159,83,1,80,2,2,'1',5,1,80,'2018-04-09 13:46:07','2018-04-09 13:46:07',NULL),(102,96,159,83,1,80,-1,2,'223,332,111,12,21,3',5,1,80,'2018-04-09 16:07:02','2018-04-09 16:07:02',NULL),(103,97,159,83,4,80,2,1,'null',5,2,320,'2018-04-09 16:28:02','2018-04-09 16:28:02',NULL),(104,97,159,83,6,80,1,3,'null',5,2,480,'2018-04-09 16:28:02','2018-04-09 16:28:02',NULL),(105,98,170,86,7,85,2,1,'null',2,2,595,'2018-04-09 17:06:49','2018-04-09 17:06:49',NULL),(106,98,159,83,5,80,2,1,'null',5,2,400,'2018-04-09 17:06:49','2018-04-09 17:06:49',NULL),(107,500,5,5,50,5,5,55,'5',5,5,250,'2018-04-10 06:56:37',NULL,NULL),(108,99,170,86,5,85,2,1,NULL,2,2,425,'2018-04-10 09:03:33',NULL,NULL),(109,99,171,92,10,9,1,1,NULL,1,3,90,'2018-04-10 09:03:33',NULL,NULL),(110,100,170,86,5,85,2,1,NULL,2,2,425,'2018-04-10 09:10:29',NULL,NULL),(111,100,171,92,10,9,1,1,NULL,1,3,90,'2018-04-10 09:10:29',NULL,NULL),(112,101,170,86,5,85,2,1,NULL,2,2,425,'2018-04-10 09:11:12',NULL,NULL),(113,101,171,92,10,9,1,1,NULL,1,3,90,'2018-04-10 09:11:12',NULL,NULL),(114,102,170,86,5,85,2,1,NULL,2,2,425,'2018-04-10 09:12:00',NULL,NULL),(115,102,171,92,10,9,1,1,NULL,1,3,90,'2018-04-10 09:12:00',NULL,NULL),(116,103,170,86,5,85,2,1,NULL,2,2,425,'2018-04-10 09:12:19',NULL,NULL),(117,103,171,92,10,9,1,1,NULL,1,3,90,'2018-04-10 09:12:19',NULL,NULL),(118,104,170,86,5,85,2,1,NULL,2,2,425,'2018-04-10 09:12:35',NULL,NULL),(119,104,171,92,10,9,1,1,NULL,1,3,90,'2018-04-10 09:12:35',NULL,NULL),(120,105,159,83,6,80,2,1,NULL,5,2,480,'2018-04-10 09:19:50',NULL,NULL),(121,106,159,83,6,80,2,1,NULL,5,2,480,'2018-04-10 09:21:18',NULL,NULL),(122,107,159,83,6,80,2,1,NULL,5,2,480,'2018-04-10 09:22:00',NULL,NULL),(123,108,5,5,50,5,5,55,'5',5,5,250,'2018-04-10 09:33:05',NULL,NULL),(124,109,5,5,50,5,5,55,'5',5,5,250,'2018-04-10 09:35:39',NULL,NULL),(125,110,5,5,50,5,5,55,'5',5,5,250,'2018-04-10 09:37:11',NULL,NULL),(126,111,5,5,50,5,5,55,'5',5,5,250,'2018-04-10 09:38:07',NULL,NULL),(38,55,43,35,300,20,1,3,'1,2,3,4',2,2,6000,'2018-04-01 14:32:44','2018-04-01 14:32:44',NULL),(16,56,43,35,300,10,2,1,'null',2,2,3000,'2018-04-01 16:19:23','2018-04-01 16:19:23',NULL),(14,56,44,35,300,20,1,3,'1,2,3,4',2,2,6000,'2018-04-01 16:19:23','2018-04-01 16:19:23',NULL),(127,112,5,5,50,5,5,55,'5',5,5,250,'2018-04-10 09:38:19',NULL,NULL),(128,114,171,92,5,9,4,3,NULL,6,2,45,'2018-04-10 09:52:51',NULL,NULL),(129,114,170,86,8,85,3,1,NULL,4,2,680,'2018-04-10 09:52:51',NULL,NULL),(130,115,170,86,3,85,-1,3,'0,0,0,0,0,0',4,2,255,'2018-04-11 08:34:39',NULL,NULL),(131,116,170,86,2,85,4,3,'0,0,0,0,0,0',2,2,170,'2018-04-11 08:41:26',NULL,NULL),(132,116,171,92,7,9,-1,3,'0,0,0,0,0,0',2,2,63,'2018-04-11 08:41:26',NULL,NULL),(133,116,159,83,2,80,-1,2,'11,55,25,84,56,55',5,2,160,'2018-04-11 08:41:26',NULL,NULL),(134,118,170,86,1,85,3,3,'0,0,0,0,0,0',4,2,85,'2018-04-18 10:01:12',NULL,NULL),(135,118,170,86,1,85,2,1,NULL,4,2,85,'2018-04-18 10:01:12',NULL,NULL),(136,120,183,100,4,1,2,1,NULL,2,3,4,'2018-04-19 06:23:13',NULL,NULL),(137,121,183,100,6,1,2,1,NULL,2,3,6,'2018-04-19 06:24:41',NULL,NULL),(138,121,183,100,2,1,-1,3,NULL,2,3,2,'2018-04-19 06:24:41',NULL,NULL),(139,122,183,100,4,1,-1,3,NULL,2,3,4,'2018-04-19 06:26:58',NULL,NULL),(140,122,182,100,4,1,2,1,NULL,6,2,4,'2018-04-19 06:26:58',NULL,NULL),(141,123,183,100,3,1,-1,3,NULL,2,3,3,'2018-04-19 06:29:19',NULL,NULL),(142,123,182,100,5,1,2,1,NULL,6,2,5,'2018-04-19 06:29:19',NULL,NULL),(143,123,184,101,6,100,2,1,NULL,2,3,600,'2018-04-19 06:29:19',NULL,NULL),(144,124,170,86,1,85,2,3,NULL,2,2,85,'2018-04-19 08:24:46',NULL,NULL),(145,124,184,101,1,100,3,1,NULL,4,5,100,'2018-04-19 08:24:46',NULL,NULL),(146,125,183,100,3,10,2,1,NULL,2,3,30,'2018-04-19 12:39:19',NULL,NULL),(147,126,182,100,4,20,-1,3,NULL,6,2,80,'2018-04-19 12:40:50',NULL,NULL),(148,127,183,100,4,10,-1,3,NULL,2,3,40,'2018-04-19 12:41:41',NULL,NULL),(149,128,182,100,3,20,-1,3,NULL,6,2,60,'2018-04-19 12:58:34',NULL,NULL),(150,129,182,100,5,20,2,1,NULL,6,2,100,'2018-04-19 13:01:49',NULL,NULL),(151,130,182,100,4,20,2,1,NULL,6,2,80,'2018-04-19 13:02:43',NULL,NULL),(152,131,182,100,4,20,-1,3,NULL,6,2,80,'2018-04-19 13:04:33',NULL,NULL),(153,132,183,100,3,10,-1,3,NULL,2,3,30,'2018-04-19 13:05:24',NULL,NULL),(154,133,183,100,4,10,-1,3,NULL,2,3,40,'2018-04-19 13:07:34',NULL,NULL),(155,134,183,100,3,10,-1,3,NULL,2,3,30,'2018-04-19 13:09:11',NULL,NULL),(156,135,183,100,4,10,-1,3,NULL,2,3,40,'2018-04-19 13:13:11',NULL,NULL),(157,136,183,100,3,10,-1,3,NULL,2,3,30,'2018-04-19 13:14:36',NULL,NULL),(158,137,182,100,4,20,-1,3,NULL,6,2,80,'2018-04-19 13:18:19',NULL,NULL),(159,138,182,100,3,20,-1,3,NULL,6,2,60,'2018-04-19 13:24:53',NULL,NULL),(160,139,182,100,3,20,-1,3,NULL,6,2,60,'2018-04-19 13:27:02',NULL,NULL),(161,140,182,100,4,20,-1,3,NULL,6,2,80,'2018-04-19 13:28:29',NULL,NULL),(162,141,183,100,3,10,2,3,'0,0,0,0,0,0',2,3,30,'2018-04-22 07:06:05',NULL,NULL),(163,141,184,101,5,100,-1,3,'0,0,0,0,0,0',4,3,500,'2018-04-22 07:06:05',NULL,NULL),(164,142,159,83,6,80,-1,2,'12,13,15,16,17,19',5,2,480,'2018-04-24 14:46:53',NULL,NULL),(165,143,159,83,13,1251.53,2,1,NULL,5,2,16270,'2018-05-09 11:58:32',NULL,NULL),(166,144,184,101,1,100,2,3,'0,0,0,0,0,0',4,5,100,'2018-05-14 09:20:40',NULL,NULL),(167,144,184,101,1,100,3,1,NULL,2,3,100,'2018-05-14 09:20:40',NULL,NULL),(168,146,214,129,3,40,8,3,NULL,4,5,120,'2018-06-04 11:54:36',NULL,NULL),(169,147,214,129,3,40,8,3,NULL,4,5,120,'2018-06-04 12:11:49',NULL,NULL),(170,148,214,129,3,40,-1,3,NULL,4,5,120,'2018-06-04 12:42:18',NULL,NULL),(171,149,214,129,3,40,-1,3,NULL,4,5,120,'2018-06-04 12:46:12',NULL,NULL),(172,150,214,129,2,40,-1,3,NULL,4,5,80,'2018-06-04 12:49:27',NULL,NULL),(173,151,214,129,3,40,-1,3,NULL,4,5,120,'2018-06-04 12:52:15',NULL,NULL),(174,152,214,129,4,40,-1,3,NULL,4,5,160,'2018-06-04 13:19:56',NULL,NULL),(175,153,214,129,2,40,-1,3,'0,0,0,0,0,0',4,5,80,'2018-06-04 13:24:42',NULL,NULL),(176,154,214,129,4,40,8,3,'0,0,0,0,0,0',4,5,160,'2018-06-04 13:26:04',NULL,NULL),(177,155,214,129,2,40,8,1,NULL,4,5,80,'2018-06-18 12:53:21',NULL,NULL),(178,156,214,129,4,40,8,1,NULL,4,5,160,'2018-06-19 05:42:40',NULL,NULL),(179,157,171,92,1,9,-1,3,'0,0,0,0,0,0',1,3,9,'2018-06-25 19:44:35',NULL,NULL),(180,157,214,129,1,40,-1,3,'0,0,0,0,0,0',4,5,40,'2018-06-25 19:44:35',NULL,NULL),(181,158,214,129,1,40,8,3,'0,0,0,0,0,0',4,5,40,'2018-06-26 06:52:56',NULL,NULL),(182,159,171,92,1,9,-1,3,'0,0,0,0,0,0',2,2,9,'2018-06-26 07:59:08',NULL,NULL),(183,159,184,101,1,100,-1,3,'0,0,0,0,0,0',2,5,100,'2018-06-26 07:59:08',NULL,NULL),(184,160,214,129,1,40,8,3,'0,0,0,0,0,0',4,5,40,'2018-06-27 06:28:41',NULL,NULL),(185,161,170,86,1,85,1,3,'0,0,0,0,0,0',2,2,85,'2018-06-27 07:01:49',NULL,NULL),(186,162,214,129,1,40,8,3,'0,0,0,0,0,0',4,5,40,'2018-06-27 07:15:12',NULL,NULL),(187,163,184,101,1,100,-1,3,'0,0,0,0,0,0',2,3,100,'2018-06-27 07:50:47',NULL,NULL),(188,164,170,86,1,85,1,3,'0,0,0,0,0,0',2,2,85,'2018-06-27 07:51:21',NULL,NULL),(189,164,170,86,1,85,1,3,'0,0,0,0,0,0',2,2,85,'2018-06-27 07:51:21',NULL,NULL),(190,165,182,100,1,20,2,3,'0,0,0,0,0,0',6,2,20,'2018-06-27 08:50:33',NULL,NULL),(191,166,182,100,1,20,2,3,'0,0,0,0,0,0',6,2,20,'2018-07-09 13:57:26',NULL,NULL),(192,167,170,86,1,85,1,3,'0,0,0,0,0,0',4,2,85,'2018-07-17 00:00:18',NULL,NULL),(193,168,170,86,4,85,-1,3,'0,0,0,0,0,0',2,2,340,'2018-07-18 10:38:03',NULL,NULL),(194,169,170,86,1,85,1,3,'0,0,0,0,0,0',2,2,85,'2018-07-19 06:09:45',NULL,NULL),(195,170,170,86,1,85,-1,3,'0,0,0,0,0,0',2,2,85,'2018-07-21 00:26:44',NULL,NULL),(196,171,214,129,1,40,-1,3,'0,0,0,0,0,0',4,5,40,'2018-08-03 21:51:43',NULL,NULL),(197,171,214,129,1,40,8,3,'0,0,0,0,0,0',4,5,40,'2018-08-03 21:51:43',NULL,NULL),(198,172,183,100,1,10,-1,3,'0,0,0,0,0,0',2,3,10,'2018-08-07 20:24:44',NULL,NULL),(199,173,258,148,2,20,1,1,NULL,3,2,40,'2019-01-09 13:57:06',NULL,NULL),(200,174,258,148,1,20,2,3,'0,0,0,0,0,0',3,2,20,'2019-01-09 15:33:33',NULL,NULL),(201,175,261,150,1,121.41,2,3,'0,0,0,0,0,0',7,5,121.41,'2019-02-09 21:53:50',NULL,NULL),(202,175,264,152,1,30,2,3,'0,0,0,0,0,0',1,3,30,'2019-02-09 21:53:50',NULL,NULL),(203,177,260,149,1,49,5,3,'0,0,0,0,0,0',1,1,49,'2019-02-09 21:56:27',NULL,NULL),(204,178,264,152,2,30,2,3,'0,0,0,0,0,0',1,3,60,'2019-02-19 07:58:16',NULL,NULL),(205,179,264,152,1,30,2,3,'0,0,0,0,0,0',2,3,30,'2019-02-21 07:52:35',NULL,NULL),(206,179,263,152,1,10,1,3,'0,0,0,0,0,0',1,3,10,'2019-02-21 07:52:35',NULL,NULL),(207,180,264,152,1,30,-1,3,'0,0,0,0,0,0',1,3,30,'2019-02-25 11:21:16',NULL,NULL),(208,182,264,152,3,30,2,1,NULL,2,3,90,'2019-02-25 12:23:40',NULL,NULL),(209,182,263,152,3,10,1,1,NULL,1,3,30,'2019-02-25 12:23:40',NULL,NULL),(210,183,263,152,2,10,1,3,'0,0,0,0,0,0',1,3,20,'2019-02-25 12:41:39',NULL,NULL),(211,183,263,152,4,10,1,3,'0,0,0,0,0,0',1,3,40,'2019-02-25 12:41:39',NULL,NULL),(212,185,264,152,1,30,2,1,NULL,1,3,30,'2019-02-25 12:42:34',NULL,NULL),(213,188,264,152,1,30,2,3,'0,0,0,0,0,0',1,3,30,'2019-02-26 07:18:49',NULL,NULL),(214,189,263,152,2,10,1,3,'0,0,0,0,0,0',2,3,20,'2019-02-26 07:30:04',NULL,NULL),(215,189,261,150,1,10,2,3,'0,0,0,0,0,0',7,5,10,'2019-02-26 07:30:04',NULL,NULL),(216,190,264,152,1,30,2,3,'0,0,0,0,0,0',1,3,30,'2019-02-26 07:46:25',NULL,NULL),(217,191,263,152,1,10,1,1,NULL,2,3,10,'2019-02-26 08:10:42',NULL,NULL),(218,191,259,149,1,65,2,3,'0,0,0,0,0,0',2,1,65,'2019-02-26 08:10:42',NULL,NULL),(219,192,264,152,1,30,2,3,'0,0,0,0,0,0',2,3,30,'2019-02-26 08:16:40',NULL,NULL),(220,192,263,152,1,10,1,3,'0,0,0,0,0,0',1,3,10,'2019-02-26 08:16:40',NULL,NULL),(221,192,263,152,3,10,1,3,'0,0,0,0,0,0',2,3,30,'2019-02-26 08:16:40',NULL,NULL),(222,195,262,149,1,50,2,3,'0,0,0,0,0,0',14,2,50,'2019-02-26 08:25:50',NULL,NULL),(223,196,263,152,1,10,1,3,'0,0,0,0,0,0',1,3,10,'2019-02-26 08:46:13',NULL,NULL),(224,197,264,152,1,30,2,3,'0,0,0,0,0,0',2,3,30,'2019-02-26 08:51:09',NULL,NULL),(225,198,264,152,1,30,2,1,NULL,2,3,30,'2019-02-26 13:08:58',NULL,NULL),(226,198,263,152,1,10,1,3,'0,0,0,0,0,0',2,3,10,'2019-02-26 13:08:58',NULL,NULL),(227,199,264,152,1,30,2,3,'0,0,0,0,0,0',1,3,30,'2019-02-26 13:10:18',NULL,NULL),(228,202,264,152,1,30,2,3,'0,0,0,0,0,0',1,3,30,'2019-02-26 13:15:30',NULL,NULL),(229,210,264,152,1,30,2,3,'0,0,0,0,0,0',1,3,30,'2019-02-26 13:21:25',NULL,NULL),(230,211,263,152,1,10,1,3,'0,0,0,0,0,0',1,3,10,'2019-02-26 13:22:26',NULL,NULL),(231,212,263,152,1,10,1,3,'0,0,0,0,0,0',1,3,10,'2019-02-26 13:27:25',NULL,NULL),(232,214,263,152,1,10,1,3,'0,0,0,0,0,0',1,3,10,'2019-02-26 13:50:06',NULL,NULL),(233,216,263,152,1,10,1,3,'0,0,0,0,0,0',1,3,10,'2019-02-26 14:11:49',NULL,NULL),(234,217,264,152,1,30,2,3,'0,0,0,0,0,0',1,3,30,'2019-02-26 14:13:05',NULL,NULL),(235,218,263,152,2,10,1,3,'0,0,0,0,0,0',1,3,20,'2019-02-26 14:21:11',NULL,NULL),(236,218,262,149,1,50,2,3,'0,0,0,0,0,0',7,2,50,'2019-02-26 14:21:11',NULL,NULL),(237,219,264,152,1,30,2,3,'0,0,0,0,0,0',1,3,30,'2019-02-26 14:29:08',NULL,NULL),(238,219,262,149,2,50,2,3,'0,0,0,0,0,0',7,2,100,'2019-02-26 14:29:08',NULL,NULL),(239,220,262,149,2,50,2,3,'0,0,0,0,0,0',7,2,100,'2019-02-26 14:32:31',NULL,NULL),(240,220,264,152,3,30,2,3,'0,0,0,0,0,0',1,3,90,'2019-02-26 14:32:31',NULL,NULL),(241,221,264,152,1,30,2,3,'0,0,0,0,0,0',1,3,30,'2019-02-26 14:47:54',NULL,NULL),(242,222,262,149,2,50,2,3,'0,0,0,0,0,0',14,2,100,'2019-02-26 14:50:50',NULL,NULL),(243,223,263,152,1,10,1,3,'0,0,0,0,0,0',1,3,10,'2019-02-26 14:55:26',NULL,NULL),(244,224,264,152,2,30,2,3,'0,0,0,0,0,0',1,3,60,'2019-02-26 15:01:31',NULL,NULL),(245,224,259,149,2,65,1,3,'0,0,0,0,0,0',4,1,130,'2019-02-26 15:01:31',NULL,NULL),(246,225,264,152,2,30,2,3,'0,0,0,0,0,0',1,3,60,'2019-02-26 15:19:46',NULL,NULL),(247,225,262,149,3,50,2,3,'0,0,0,0,0,0',7,2,150,'2019-02-26 15:19:46',NULL,NULL),(248,226,264,152,1,30,2,1,NULL,2,3,30,'2019-02-27 09:08:28',NULL,NULL),(249,227,263,152,1,10,1,1,NULL,2,3,10,'2019-02-27 09:08:56',NULL,NULL),(250,228,262,149,1,62.88,2,3,'0,0,0,0,0,0',2,2,62.88,'2019-03-04 22:57:44',NULL,NULL),(251,228,292,157,1,1,2,3,'0,0,0,0,0,0',11,2,1,'2019-03-04 22:57:44',NULL,NULL),(252,228,292,157,1,1,2,3,'0,0,0,0,0,0',15,2,1,'2019-03-04 22:57:44',NULL,NULL),(253,230,293,157,1,9,2,3,'0,0,0,0,0,0',1,2,9,'2019-03-05 09:09:58',NULL,NULL),(254,230,279,149,1,22,2,3,'0,0,0,0,0,0',3,3,22,'2019-03-05 09:09:58',NULL,NULL),(255,231,293,157,1,9,2,3,'0,0,0,0,0,0',1,2,9,'2019-03-05 09:31:05',NULL,NULL),(256,231,293,157,2,9,2,3,'0,0,0,0,0,0',1,2,18,'2019-03-05 09:31:05',NULL,NULL),(257,233,261,150,2,10,2,3,'0,0,0,0,0,0',7,5,20,'2019-03-20 13:53:01',NULL,NULL),(258,234,290,152,2,150,4,3,'0,0,0,0,0,0',14,6,300,'2019-04-08 08:47:42',NULL,NULL),(259,238,263,152,1,10,1,1,NULL,1,3,10,'2019-04-09 10:24:58',NULL,NULL),(260,240,263,152,1,10,1,1,NULL,1,3,10,'2019-04-09 10:29:54',NULL,NULL),(261,241,263,152,1,10,1,1,NULL,1,3,10,'2019-04-09 10:35:12',NULL,NULL),(262,242,263,152,1,10,1,1,NULL,1,3,10,'2019-04-09 10:35:59',NULL,NULL),(263,243,263,152,1,10,1,1,NULL,1,3,10,'2019-04-09 10:49:50',NULL,NULL),(264,244,263,152,1,10,1,1,NULL,1,3,10,'2019-04-09 10:50:15',NULL,NULL),(265,245,263,152,1,10,1,1,NULL,1,3,10,'2019-04-09 10:51:06',NULL,NULL),(266,246,290,152,1,150,4,3,'0,0,0,0,0,0',14,6,150,'2019-04-09 11:12:48',NULL,NULL),(267,247,264,152,1,30,2,1,NULL,1,3,30,'2019-04-09 11:53:44',NULL,NULL),(268,248,333,152,1,30,-1,0,'0,0,0,0,0,0',-1,-1,30,'2019-04-10 08:59:18',NULL,NULL),(269,248,333,152,1,30,-1,0,'0,0,0,0,0,0',-1,-1,30,'2019-04-10 08:59:18',NULL,NULL),(270,249,333,152,1,30,-1,0,'0,0,0,0,0,0',-1,-1,30,'2019-04-10 10:11:47',NULL,NULL),(271,249,333,152,1,30,-1,0,'0,0,0,0,0,0',-1,-1,30,'2019-04-10 10:11:47',NULL,NULL),(272,250,333,152,1,30,-1,0,'0,0,0,0,0,0',-1,-1,30,'2019-04-10 10:28:10',NULL,NULL),(273,250,333,152,1,30,-1,0,'0,0,0,0,0,0',-1,-1,30,'2019-04-10 10:28:10',NULL,NULL),(274,251,333,152,1,30,-1,0,'0,0,0,0,0,0',-1,-1,30,'2019-04-10 10:35:05',NULL,NULL),(275,251,333,152,1,30,-1,0,'0,0,0,0,0,0',-1,-1,30,'2019-04-10 10:35:05',NULL,NULL),(276,251,333,152,1,30,-1,0,'0,0,0,0,0,0',-1,-1,30,'2019-04-10 10:35:05',NULL,NULL),(277,252,333,152,1,30,-1,0,'0,0,0,0,0,0',-1,-1,30,'2019-04-10 10:39:11',NULL,NULL),(278,252,333,152,1,30,-1,0,'0,0,0,0,0,0',-1,-1,30,'2019-04-10 10:39:11',NULL,NULL),(279,252,333,152,1,30,-1,0,'0,0,0,0,0,0',-1,-1,30,'2019-04-10 10:39:11',NULL,NULL),(280,253,333,152,1,30,0,1,NULL,0,0,30,'2019-04-10 11:37:29',NULL,NULL),(281,253,333,152,1,30,0,1,NULL,0,0,30,'2019-04-10 11:37:29',NULL,NULL),(282,254,333,152,1,30,0,1,NULL,0,0,30,'2019-04-10 12:16:51',NULL,NULL),(283,254,333,152,1,30,0,1,NULL,0,0,30,'2019-04-10 12:16:51',NULL,NULL),(284,254,333,152,1,30,0,1,NULL,0,0,30,'2019-04-10 12:16:51',NULL,NULL),(285,254,290,152,1,150,0,1,NULL,0,0,150,'2019-04-10 12:16:51',NULL,NULL),(286,254,263,152,1,10,0,1,NULL,1,0,10,'2019-04-10 12:16:51',NULL,NULL),(287,254,290,152,1,150,0,1,NULL,0,6,150,'2019-04-10 12:16:51',NULL,NULL),(288,255,335,152,1,50,NULL,0,'0,0,0,0,0,0',NULL,NULL,50,'2019-04-10 12:50:47',NULL,NULL),(289,256,336,152,1,73.5,2,3,'0,0,0,0,0,0',3,3,73.5,'2019-04-11 08:23:56',NULL,NULL),(290,256,333,152,2,30,NULL,0,'0,0,0,0,0,0',NULL,NULL,60,'2019-04-11 08:23:56',NULL,NULL),(291,257,336,152,1,180,5,0,'0,0,0,0,0,0',-1,3,180,'2019-04-11 08:58:22',NULL,NULL),(292,257,335,152,1,50,-1,0,'0,0,0,0,0,0',-1,-1,50,'2019-04-11 08:58:22',NULL,NULL),(293,258,290,152,1,150,0,1,NULL,0,6,150,'2019-04-11 09:04:40',NULL,NULL),(294,260,336,152,2,180,5,3,'0,0,0,0,0,0',0,3,360,'2019-04-15 10:34:07',NULL,NULL),(295,261,335,152,1,50,-1,0,'0,0,0,0,0,0',-1,-1,50,'2019-04-15 10:35:25',NULL,NULL),(296,261,336,152,1,180,5,0,'0,0,0,0,0,0',-1,3,180,'2019-04-15 10:35:25',NULL,NULL),(297,262,336,152,1,180,0,1,NULL,0,0,180,'2019-04-15 10:38:19',NULL,NULL),(298,263,335,152,1,50,-1,0,'0,0,0,0,0,0',-1,-1,50,'2019-04-15 10:47:00',NULL,NULL),(299,264,335,152,1,50,-1,0,'0,0,0,0,0,0',-1,-1,50,'2019-04-15 10:52:29',NULL,NULL),(300,264,335,152,1,50,-1,0,'0,0,0,0,0,0',-1,-1,50,'2019-04-15 10:52:29',NULL,NULL),(301,264,335,152,1,50,-1,0,'0,0,0,0,0,0',-1,-1,50,'2019-04-15 10:52:29',NULL,NULL),(302,265,336,152,1,180,5,0,'0,0,0,0,0,0',-1,3,180,'2019-04-15 10:59:35',NULL,NULL),(303,265,335,152,1,50,-1,0,'0,0,0,0,0,0',-1,-1,50,'2019-04-15 10:59:35',NULL,NULL),(304,266,335,152,1,50,-1,0,'0,0,0,0,0,0',-1,-1,50,'2019-04-15 11:06:22',NULL,NULL),(305,266,335,152,1,50,-1,0,'0,0,0,0,0,0',-1,-1,50,'2019-04-15 11:06:22',NULL,NULL),(306,267,335,152,1,50,-1,0,'0,0,0,0,0,0',-1,-1,50,'2019-04-15 11:09:47',NULL,NULL),(307,271,335,152,1,50,-1,0,'0,0,0,0,0,0',-1,-1,50,'2019-04-15 11:13:36',NULL,NULL),(308,272,335,152,1,50,-1,0,'0,0,0,0,0,0',-1,-1,50,'2019-04-15 11:14:24',NULL,NULL),(309,273,335,152,1,50,-1,0,'0,0,0,0,0,0',-1,-1,50,'2019-04-15 11:15:46',NULL,NULL),(310,274,335,152,1,50,-1,0,'0,0,0,0,0,0',-1,-1,50,'2019-04-15 11:18:30',NULL,NULL),(311,275,335,152,1,50,-1,0,'0,0,0,0,0,0',-1,-1,50,'2019-04-15 11:27:53',NULL,NULL),(312,276,335,152,1,50,-1,0,'0,0,0,0,0,0',-1,-1,50,'2019-04-15 11:29:37',NULL,NULL),(313,277,335,152,1,50,-1,0,'0,0,0,0,0,0',-1,-1,50,'2019-04-15 11:32:44',NULL,NULL),(314,278,335,152,1,50,-1,0,'0,0,0,0,0,0',-1,-1,50,'2019-04-15 11:33:59',NULL,NULL),(315,279,335,152,1,50,-1,0,'0,0,0,0,0,0',-1,-1,50,'2019-05-07 06:39:47',NULL,NULL),(316,279,346,155,1,10,-1,0,'0,0,0,0,0,0',1,-1,10,'2019-05-07 06:39:47',NULL,NULL),(317,279,336,152,1,180,5,0,'0,0,0,0,0,0',-1,3,180,'2019-05-07 06:39:47',NULL,NULL),(318,279,336,152,1,180,5,0,'0,0,0,0,0,0',-1,3,180,'2019-05-07 06:39:47',NULL,NULL),(319,280,336,152,1,180,5,0,'0,0,0,0,0,0',-1,3,180,'2019-05-16 01:09:11',NULL,NULL),(320,280,336,152,1,180,5,0,'0,0,0,0,0,0',-1,3,180,'2019-05-16 01:09:11',NULL,NULL),(321,282,333,152,1,30,-1,0,'0,0,0,0,0,0',-1,-1,30,'2019-05-16 03:42:20',NULL,NULL),(322,282,335,152,1,50,-1,0,'0,0,0,0,0,0',-1,-1,50,'2019-05-16 03:42:20',NULL,NULL),(323,284,349,152,2,100,-1,0,'0,0,0,0,0,0',-1,-1,200,'2019-05-16 09:56:50',NULL,NULL),(324,285,336,152,1,180,5,0,'0,0,0,0,0,0',-1,3,180,'2019-05-16 20:48:21',NULL,NULL),(325,285,264,152,1,30,2,0,'0,0,0,0,0,0',1,3,30,'2019-05-16 20:48:21',NULL,NULL),(326,286,333,152,1,30,-1,0,'0,0,0,0,0,0',-1,-1,30,'2019-05-16 23:26:20',NULL,NULL),(327,287,336,152,1,180,2,3,'0,0,0,0,0,0',0,3,180,'2019-05-17 05:10:51',NULL,NULL),(328,287,333,152,1,30,-1,0,'0,0,0,0,0,0',-1,-1,30,'2019-05-17 05:10:51',NULL,NULL),(329,288,290,152,1,150,4,0,'0,0,0,0,0,0',14,6,150,'2019-05-18 19:02:59',NULL,NULL);
/*!40000 ALTER TABLE `orders` ENABLE KEYS */;
UNLOCK TABLES;

--
-- Table structure for table `package_translations`
--

DROP TABLE IF EXISTS `package_translations`;
/*!40101 SET @saved_cs_client     = @@character_set_client */;
/*!40101 SET character_set_client = utf8 */;
CREATE TABLE `package_translations` (
  `id` int(11) NOT NULL AUTO_INCREMENT,
  `package_id` int(11) NOT NULL,
  `locale` varchar(300) COLLATE utf8_unicode_ci NOT NULL,
  `title` varchar(300) COLLATE utf8_unicode_ci NOT NULL,
  `created_at` timestamp NOT NULL DEFAULT current_timestamp(),
  `updated_at` timestamp NULL DEFAULT NULL,
  `deleted_at` timestamp NULL DEFAULT NULL,
  PRIMARY KEY (`id`)
) ENGINE=MyISAM AUTO_INCREMENT=11 DEFAULT CHARSET=utf8 COLLATE=utf8_unicode_ci;
/*!40101 SET character_set_client = @saved_cs_client */;

--
-- Dumping data for table `package_translations`
--

LOCK TABLES `package_translations` WRITE;
/*!40000 ALTER TABLE `package_translations` DISABLE KEYS */;
INSERT INTO `package_translations` VALUES (1,20,'en','P1','2018-03-06 14:58:53','2018-03-06 15:12:39',NULL),(2,20,'ar','P1','2018-03-06 14:58:53','2018-03-06 15:12:39',NULL),(3,21,'en','P2','2018-03-06 15:07:05','2018-03-06 15:07:05',NULL),(4,21,'ar','P2','2018-03-06 15:07:05','2018-03-06 15:07:05',NULL),(5,22,'en','P3','2018-03-06 15:07:19','2018-03-06 15:07:19',NULL),(6,22,'ar','P3','2018-03-06 15:07:19','2018-03-06 15:07:19',NULL),(7,23,'en','P12','2018-05-20 06:26:29','2018-05-20 06:26:29',NULL),(8,23,'ar','P12','2018-05-20 06:26:29','2018-05-20 06:26:29',NULL),(9,24,'en','Free','2019-03-05 08:33:24','2019-03-05 08:33:24',NULL),(10,24,'ar','مجاني','2019-03-05 08:33:24','2019-03-05 08:33:24',NULL);
/*!40000 ALTER TABLE `package_translations` ENABLE KEYS */;
UNLOCK TABLES;

--
-- Table structure for table `packages`
--

DROP TABLE IF EXISTS `packages`;
/*!40101 SET @saved_cs_client     = @@character_set_client */;
/*!40101 SET character_set_client = utf8 */;
CREATE TABLE `packages` (
  `id` int(11) NOT NULL AUTO_INCREMENT,
  `image` varchar(300) COLLATE utf8_unicode_ci NOT NULL,
  `duration` int(11) NOT NULL,
  `price` int(11) NOT NULL,
  `createdBy` int(11) NOT NULL,
  `free` tinyint(1) NOT NULL DEFAULT 0,
  `status` enum('active','not_active') COLLATE utf8_unicode_ci NOT NULL DEFAULT 'active',
  `order_by` int(11) DEFAULT NULL,
  `created_at` timestamp NOT NULL DEFAULT current_timestamp(),
  `updated_at` timestamp NULL DEFAULT NULL,
  `deleted_at` timestamp NULL DEFAULT NULL,
  PRIMARY KEY (`id`)
) ENGINE=InnoDB AUTO_INCREMENT=25 DEFAULT CHARSET=utf8 COLLATE=utf8_unicode_ci;
/*!40101 SET character_set_client = @saved_cs_client */;

--
-- Dumping data for table `packages`
--

LOCK TABLES `packages` WRITE;
/*!40000 ALTER TABLE `packages` DISABLE KEYS */;
INSERT INTO `packages` VALUES (20,'uploads/images/package/5hEnWdV40AQmHZZPWtg3pZoDjYLUrEfG0NRD6mUU.jpeg',3,100,57,1,'not_active',3,'2018-03-06 14:58:53','2019-04-09 19:58:05',NULL),(21,'uploads/images/package/zHexVQF1dIbgzfcg79WDs8rX7HAJ0UYE7jy99IlP.jpeg',6,190,57,0,'not_active',3,'2018-03-06 15:07:05','2019-04-09 19:58:05',NULL),(22,'uploads/images/package/RpHIjeQG6zSfCGrqHx0fy4fnSBslG283qcEY9jBf.jpeg',12,350,57,0,'not_active',7,'2018-03-06 15:07:19','2019-04-09 19:58:05',NULL),(23,'uploads/images/package/RxqxpZP6SVWyFISv1Va0qYRnRlMFck8fymDZFQAX.jpeg',8,2500,57,0,'not_active',0,'2018-05-20 06:26:29','2019-04-09 19:58:05',NULL),(24,'uploads/images/package/hsj2KsidLir7JcwLw19bYrYJSr3LQYcchFrkZa77.jpeg',6,0,57,0,'active',0,'2019-03-05 08:33:24','2019-03-05 08:33:24',NULL);
/*!40000 ALTER TABLE `packages` ENABLE KEYS */;
UNLOCK TABLES;

--
-- Table structure for table `password_resets`
--

DROP TABLE IF EXISTS `password_resets`;
/*!40101 SET @saved_cs_client     = @@character_set_client */;
/*!40101 SET character_set_client = utf8 */;
CREATE TABLE `password_resets` (
  `email` varchar(300) COLLATE utf8_unicode_ci NOT NULL,
  `token` varchar(300) COLLATE utf8_unicode_ci NOT NULL,
  `created_at` timestamp NOT NULL DEFAULT current_timestamp(),
  PRIMARY KEY (`email`)
) ENGINE=MyISAM DEFAULT CHARSET=utf8 COLLATE=utf8_unicode_ci;
/*!40101 SET character_set_client = @saved_cs_client */;

--
-- Dumping data for table `password_resets`
--

LOCK TABLES `password_resets` WRITE;
/*!40000 ALTER TABLE `password_resets` DISABLE KEYS */;
INSERT INTO `password_resets` VALUES ('wasim.safi@hotmail.com','$2y$10$imRgKhYNfEkOQ2QrQaoLOu6tW2tobAbkVrD9zTaepOY/mRR5/ssK.','2018-03-05 15:57:25'),('n.fawzy@linekw.com','$2y$10$jXIy40868rMu7sM/xdO1ae/xqeh8.jZfXLNft991GvhIfS1wOUzoi','2018-05-28 14:48:46'),('atallah@mail.com','$2y$10$l25lQE1.mLRAkCh1fKxtPOMg4eYDcRlGHQdd4Vw0txl1wGRfvJcrW','2018-05-24 18:23:58'),('tarik.zaeem@gmail.com','$2y$10$v98Av9xmExg.LH6D/SK.Xeu0PjzzU/N8RIBfYDIJNcilA1mNvw4iW','2018-05-14 15:31:47'),('hexalab2018@gmail.com','$2y$10$/Z6hcVXPG1PRR/zFw1VZTOp3DaVqVNWv.Ed7L8wlwUxLyY9VX0KXG','2018-05-14 15:26:31'),('h.yousef@linekw.com','$2y$10$BoN/CDa0Me1MfY3UKU7DpuS9XqmO/Ri43GksOqS9RXL70rz2WkKTS','2018-05-22 17:00:40'),('emadtraner@gmail.com','$2y$10$ky7Bn4tu1Geq2TWoKje7jeh0WoIYziJj/tWcgAol91MSxtPeAZcma','2019-04-21 20:32:17'),('eng.fsifes@gmail.com','$2y$10$E7tPztDT3lQiixh56tgT9uUgMCwxHBEHsjHiox4XeTHJrHXkdtKHa','2019-04-11 21:41:20'),('ali.a8@hotmail.com','$2y$10$LTe07gsDEu9ZTyWYxgewSuRWVOVIXmEHdIhHmpDwfGzEBhz1thVZG','2019-04-24 21:16:08');
/*!40000 ALTER TABLE `password_resets` ENABLE KEYS */;
UNLOCK TABLES;

--
-- Table structure for table `payment_process`
--

DROP TABLE IF EXISTS `payment_process`;
/*!40101 SET @saved_cs_client     = @@character_set_client */;
/*!40101 SET character_set_client = utf8 */;
CREATE TABLE `payment_process` (
  `id` int(11) NOT NULL AUTO_INCREMENT,
  `user_id` int(11) NOT NULL,
  `package_id` int(11) NOT NULL,
  `transaction` enum('failed','success') COLLATE utf8_unicode_ci NOT NULL,
  `expired_at` date DEFAULT NULL,
  `created_at` timestamp NOT NULL DEFAULT current_timestamp(),
  `updated_at` timestamp NULL DEFAULT NULL,
  `deleted_at` timestamp NULL DEFAULT NULL,
  PRIMARY KEY (`id`)
) ENGINE=MyISAM AUTO_INCREMENT=7 DEFAULT CHARSET=utf8 COLLATE=utf8_unicode_ci;
/*!40101 SET character_set_client = @saved_cs_client */;

--
-- Dumping data for table `payment_process`
--

LOCK TABLES `payment_process` WRITE;
/*!40000 ALTER TABLE `payment_process` DISABLE KEYS */;
INSERT INTO `payment_process` VALUES (6,14,20,'failed','2018-06-06','2018-03-06 19:12:36','2018-03-06 19:12:36',NULL);
/*!40000 ALTER TABLE `payment_process` ENABLE KEYS */;
UNLOCK TABLES;

--
-- Table structure for table `permission_translations`
--

DROP TABLE IF EXISTS `permission_translations`;
/*!40101 SET @saved_cs_client     = @@character_set_client */;
/*!40101 SET character_set_client = utf8 */;
CREATE TABLE `permission_translations` (
  `id` int(11) NOT NULL AUTO_INCREMENT,
  `permission_id` int(11) NOT NULL,
  `locale` varchar(11) NOT NULL,
  `name` varchar(50) NOT NULL,
  `created_at` datetime DEFAULT NULL,
  `updated_at` datetime DEFAULT NULL,
  `deleted_at` datetime DEFAULT NULL,
  PRIMARY KEY (`id`)
) ENGINE=InnoDB AUTO_INCREMENT=57 DEFAULT CHARSET=utf8;
/*!40101 SET character_set_client = @saved_cs_client */;

--
-- Dumping data for table `permission_translations`
--

LOCK TABLES `permission_translations` WRITE;
/*!40000 ALTER TABLE `permission_translations` DISABLE KEYS */;
INSERT INTO `permission_translations` VALUES (1,1,'en','Ttt','2018-12-24 10:41:44','2018-12-24 10:41:44',NULL),(2,1,'ar','تتت','2018-12-24 10:41:44','2018-12-24 10:41:44',NULL),(3,2,'en','Sdasd','2018-12-24 10:48:01','2018-12-24 10:48:01',NULL),(4,2,'ar','Xxxxx','2018-12-24 10:48:01','2018-12-24 10:48:09',NULL),(5,3,'en','Admins','2018-12-24 11:21:14','2018-12-24 11:21:14',NULL),(6,3,'ar','المدراء','2018-12-24 11:21:14','2018-12-24 11:21:14',NULL),(7,4,'en','Expo','2018-12-24 11:21:48','2018-12-24 11:21:48',NULL),(8,4,'ar','معارض','2018-12-24 11:21:48','2018-12-24 11:21:48',NULL),(9,5,'en','Clothing','2018-12-24 11:22:06','2018-12-24 11:22:06',NULL),(10,5,'ar','ملابس','2018-12-24 11:22:06','2018-12-24 11:22:06',NULL),(11,6,'en','Occasion','2018-12-24 11:22:18','2018-12-24 11:22:18',NULL),(12,6,'ar','مناسبات','2018-12-24 11:22:18','2018-12-24 11:22:18',NULL),(13,7,'en','Material','2018-12-24 11:22:28','2018-12-24 11:22:28',NULL),(14,7,'ar','المواد','2018-12-24 11:22:28','2018-12-24 11:22:28',NULL),(15,8,'en','Colors','2018-12-24 11:22:37','2018-12-24 11:22:37',NULL),(16,8,'ar','الألوان','2018-12-24 11:22:37','2018-12-24 11:22:37',NULL),(17,9,'en','Size','2018-12-24 11:22:52','2018-12-24 11:22:52',NULL),(18,9,'ar','الحجم','2018-12-24 11:22:52','2018-12-24 11:22:52',NULL),(19,10,'en','Currency','2018-12-24 11:23:01','2018-12-24 11:23:01',NULL),(20,10,'ar','العملة','2018-12-24 11:23:01','2018-12-24 11:23:01',NULL),(21,11,'en','Calendar','2018-12-24 11:23:15','2018-12-24 11:23:15',NULL),(22,11,'ar','الكالندر','2018-12-24 11:23:15','2018-12-24 11:23:15',NULL),(23,12,'en','Products','2018-12-24 11:23:26','2018-12-24 11:23:26',NULL),(24,12,'ar','المنتجات','2018-12-24 11:23:26','2018-12-24 11:23:26',NULL),(25,13,'en','Country','2018-12-24 11:23:36','2018-12-24 11:23:36',NULL),(26,13,'ar','الدول','2018-12-24 11:23:36','2018-12-24 11:23:36',NULL),(27,14,'en','City','2018-12-24 11:23:46','2018-12-24 11:23:46',NULL),(28,14,'ar','المدينة','2018-12-24 11:23:46','2018-12-24 11:23:46',NULL),(29,15,'en','Sliders','2018-12-24 11:23:57','2018-12-24 11:23:57',NULL),(30,15,'ar','السلايدر','2018-12-24 11:23:57','2018-12-24 11:23:57',NULL),(31,16,'en','Settings','2018-12-24 11:24:11','2018-12-24 11:24:11',NULL),(32,16,'ar','الإعدادات','2018-12-24 11:24:11','2018-12-24 11:24:11',NULL),(33,17,'en','Contacts','2018-12-24 11:24:21','2018-12-24 11:24:21',NULL),(34,17,'ar','التواصل','2018-12-24 11:24:21','2018-12-24 11:24:21',NULL),(35,18,'en','Users','2018-12-24 11:24:39','2018-12-24 11:24:39',NULL),(36,18,'ar','المستخدمين','2018-12-24 11:24:39','2018-12-24 11:24:39',NULL),(37,19,'en','Subscriptions','2018-12-24 11:24:53','2018-12-24 11:24:53',NULL),(38,19,'ar','الاشتراكات','2018-12-24 11:24:53','2018-12-24 11:24:53',NULL),(39,20,'en','Categories','2018-12-24 11:25:03','2018-12-24 11:25:03',NULL),(40,20,'ar','التصنيفات','2018-12-24 11:25:03','2018-12-24 11:25:03',NULL),(41,21,'en','Packages','2018-12-24 11:25:14','2018-12-24 11:25:14',NULL),(42,21,'ar','الباكجات','2018-12-24 11:25:14','2018-12-24 11:25:14',NULL),(43,22,'en','Orders','2018-12-24 11:25:22','2018-12-24 11:25:22',NULL),(44,22,'ar','الطلبات','2018-12-24 11:25:22','2018-12-24 11:25:22',NULL),(45,23,'en','Advertisements','2018-12-24 11:25:41','2018-12-24 11:25:41',NULL),(46,23,'ar','الإعلانات','2018-12-24 11:25:41','2018-12-24 11:25:41',NULL),(47,24,'en','Messages','2018-12-24 11:25:57','2018-12-24 11:25:57',NULL),(48,24,'ar','الرسائل','2018-12-24 11:25:57','2018-12-24 11:25:57',NULL),(49,25,'en','Role','2018-12-24 11:26:12','2018-12-24 11:26:12',NULL),(50,25,'ar','الأدوار','2018-12-24 11:26:12','2018-12-24 11:26:12',NULL),(51,26,'en','Live Chat','2019-01-17 13:07:51','2019-01-17 13:07:51',NULL),(52,26,'ar','Live Chat','2019-01-17 13:07:51','2019-01-17 13:07:51',NULL),(53,27,'en','Push Notification','2019-02-25 09:06:56','2019-02-25 09:06:56',NULL),(54,27,'ar','الاشعارات','2019-02-25 09:06:56','2019-02-25 09:06:56',NULL),(55,28,'en','Kuwaiy','2019-02-28 00:06:06','2019-02-28 00:06:06',NULL),(56,28,'ar','الكويت','2019-02-28 00:06:06','2019-02-28 00:06:06',NULL);
/*!40000 ALTER TABLE `permission_translations` ENABLE KEYS */;
UNLOCK TABLES;

--
-- Table structure for table `permissions`
--

DROP TABLE IF EXISTS `permissions`;
/*!40101 SET @saved_cs_client     = @@character_set_client */;
/*!40101 SET character_set_client = utf8 */;
CREATE TABLE `permissions` (
  `id` int(11) NOT NULL AUTO_INCREMENT,
  `roleSlug` varchar(191) NOT NULL,
  `created_at` datetime DEFAULT NULL,
  `updated_at` datetime DEFAULT NULL,
  `deleted_at` datetime DEFAULT NULL,
  PRIMARY KEY (`id`)
) ENGINE=InnoDB AUTO_INCREMENT=29 DEFAULT CHARSET=utf8;
/*!40101 SET character_set_client = @saved_cs_client */;

--
-- Dumping data for table `permissions`
--

LOCK TABLES `permissions` WRITE;
/*!40000 ALTER TABLE `permissions` DISABLE KEYS */;
INSERT INTO `permissions` VALUES (3,'admins','2018-12-24 11:21:14','2018-12-24 11:21:14',NULL),(4,'expo','2018-12-24 11:21:48','2018-12-24 11:21:48',NULL),(5,'clothing','2018-12-24 11:22:06','2018-12-24 11:22:06',NULL),(6,'occasion','2018-12-24 11:22:18','2018-12-24 11:22:18',NULL),(7,'material','2018-12-24 11:22:28','2018-12-24 11:22:28',NULL),(8,'colors','2018-12-24 11:22:37','2018-12-24 11:22:37',NULL),(9,'size','2018-12-24 11:22:52','2018-12-24 11:22:52',NULL),(10,'currency','2018-12-24 11:23:01','2018-12-24 11:23:01',NULL),(11,'calendar','2018-12-24 11:23:15','2018-12-24 11:23:15',NULL),(12,'products','2018-12-24 11:23:26','2018-12-24 11:23:26',NULL),(13,'country','2018-12-24 11:23:36','2018-12-24 11:23:36',NULL),(14,'city','2018-12-24 11:23:46','2018-12-24 11:23:46',NULL),(15,'sliders','2018-12-24 11:23:57','2018-12-24 11:23:57',NULL),(16,'settings','2018-12-24 11:24:11','2018-12-24 11:24:11',NULL),(17,'contacts','2018-12-24 11:24:21','2018-12-24 11:24:21',NULL),(18,'users','2018-12-24 11:24:39','2018-12-24 11:24:39',NULL),(19,'subscriptions','2018-12-24 11:24:53','2018-12-24 11:24:53',NULL),(20,'categories','2018-12-24 11:25:03','2018-12-24 11:25:03',NULL),(21,'packages','2018-12-24 11:25:14','2018-12-24 11:25:14',NULL),(22,'orders','2018-12-24 11:25:22','2018-12-24 11:25:22',NULL),(23,'advertisements','2018-12-24 11:25:41','2018-12-24 11:25:41',NULL),(24,'messages','2018-12-24 11:25:57','2018-12-24 11:25:57',NULL),(25,'role','2018-12-24 11:26:12','2018-12-24 11:26:12',NULL),(26,'live-chat','2019-01-17 13:07:51','2019-01-17 13:07:51',NULL),(27,'push-notification','2019-02-25 09:06:56','2019-02-25 09:06:56',NULL),(28,'kuwaiy','2019-02-28 00:06:06','2019-02-28 00:12:47','2019-02-28 00:12:47');
/*!40000 ALTER TABLE `permissions` ENABLE KEYS */;
UNLOCK TABLES;

--
-- Table structure for table `product_categories`
--

DROP TABLE IF EXISTS `product_categories`;
/*!40101 SET @saved_cs_client     = @@character_set_client */;
/*!40101 SET character_set_client = utf8 */;
CREATE TABLE `product_categories` (
  `id` int(11) NOT NULL AUTO_INCREMENT,
  `product_id` int(11) NOT NULL,
  `category_id` int(11) NOT NULL,
  `created_at` timestamp NOT NULL DEFAULT current_timestamp(),
  `updated_at` timestamp NULL DEFAULT NULL,
  `deleted_at` timestamp NULL DEFAULT NULL,
  PRIMARY KEY (`id`)
) ENGINE=MyISAM AUTO_INCREMENT=548 DEFAULT CHARSET=latin1;
/*!40101 SET character_set_client = @saved_cs_client */;

--
-- Dumping data for table `product_categories`
--

LOCK TABLES `product_categories` WRITE;
/*!40000 ALTER TABLE `product_categories` DISABLE KEYS */;
INSERT INTO `product_categories` VALUES (1,29,1,'2018-03-19 19:27:50','2018-03-19 19:27:50',NULL),(2,29,2,'2018-03-19 19:27:50','2018-03-19 19:27:50',NULL),(3,30,2,'2018-03-19 19:27:50','2018-03-19 19:27:50',NULL),(4,31,1,'2018-03-21 17:45:17','2018-03-21 17:45:17',NULL),(5,31,2,'2018-03-21 17:45:17','2018-03-21 17:45:17',NULL),(6,32,2,'2018-03-21 17:45:17','2018-03-21 17:45:17',NULL),(7,33,1,'2018-03-21 18:04:49','2018-03-21 18:04:49',NULL),(8,33,2,'2018-03-21 18:04:49','2018-03-21 18:04:49',NULL),(9,34,2,'2018-03-21 18:04:49','2018-03-21 18:04:49',NULL),(10,35,2,'2018-03-21 19:19:52','2018-03-21 19:19:52',NULL),(11,36,1,'2018-03-21 19:19:52','2018-03-21 19:19:52',NULL),(12,37,1,'2018-03-22 14:13:07','2018-03-22 14:13:07',NULL),(13,37,2,'2018-03-22 14:13:07','2018-03-22 14:13:07',NULL),(14,38,2,'2018-03-22 14:13:07','2018-03-22 14:13:07',NULL),(15,39,2,'2018-03-22 14:17:14','2018-03-22 14:17:14',NULL),(16,40,1,'2018-03-22 14:17:14','2018-03-22 14:17:14',NULL),(17,41,2,'2018-03-22 14:28:45','2018-03-22 14:28:45',NULL),(18,42,1,'2018-03-22 14:28:45','2018-03-22 14:28:45',NULL),(19,43,2,'2018-03-22 14:46:16','2018-03-22 14:46:16',NULL),(20,44,1,'2018-03-22 14:46:16','2018-03-22 14:46:16',NULL),(21,45,2,'2018-03-22 17:21:26','2018-03-22 17:21:26',NULL),(22,47,2,'2018-03-22 17:40:57','2018-03-22 17:40:57',NULL),(23,49,1,'2018-03-25 17:02:41','2018-03-25 17:02:41',NULL),(24,49,2,'2018-03-25 17:02:41','2018-03-25 17:02:41',NULL),(25,55,1,'2018-03-25 19:17:53','2018-03-25 19:17:53',NULL),(26,55,2,'2018-03-25 19:17:53','2018-03-25 19:17:53',NULL),(27,56,1,'2018-03-25 19:36:55','2018-03-25 19:36:55',NULL),(28,56,2,'2018-03-25 19:36:55','2018-03-25 19:36:55',NULL),(29,57,1,'2018-03-25 19:37:27','2018-03-25 19:37:27',NULL),(30,57,2,'2018-03-25 19:37:27','2018-03-25 19:37:27',NULL),(31,58,1,'2018-03-25 19:38:41','2018-03-25 19:38:41',NULL),(32,58,2,'2018-03-25 19:38:41','2018-03-25 19:38:41',NULL),(33,59,1,'2018-03-25 19:45:33','2018-03-25 19:45:33',NULL),(34,59,2,'2018-03-25 19:45:33','2018-03-25 19:45:33',NULL),(35,60,1,'2018-03-25 19:45:58','2018-03-25 19:45:58',NULL),(36,60,2,'2018-03-25 19:45:58','2018-03-25 19:45:58',NULL),(37,61,1,'2018-03-27 14:02:48','2018-03-27 14:02:48',NULL),(38,62,1,'2018-03-27 14:03:10','2018-03-27 14:03:10',NULL),(39,63,2,'2018-03-27 14:14:35','2018-03-27 14:14:35',NULL),(44,64,2,'2018-03-28 12:51:15','2018-03-28 12:51:15',NULL),(43,64,1,'2018-03-28 12:51:15','2018-03-28 12:51:15',NULL),(45,65,1,'2018-03-28 14:51:54','2018-03-28 14:51:54',NULL),(46,65,2,'2018-03-28 14:51:54','2018-03-28 14:51:54',NULL),(55,66,2,'2018-04-01 16:01:41','2018-04-01 16:01:41',NULL),(54,66,1,'2018-04-01 16:01:41','2018-04-01 16:01:41',NULL),(49,67,2,'2018-03-28 15:59:41','2018-03-28 15:59:41',NULL),(50,69,1,'2018-03-28 19:53:09','2018-03-28 19:53:09',NULL),(51,69,2,'2018-03-28 19:53:09','2018-03-28 19:53:09',NULL),(52,70,2,'2018-03-28 19:53:09','2018-03-28 19:53:09',NULL),(53,71,2,'2018-03-29 19:15:46','2018-03-29 19:15:46',NULL),(56,73,1,'2018-04-02 13:43:36','2018-04-02 13:43:36',NULL),(57,73,2,'2018-04-02 13:43:36','2018-04-02 13:43:36',NULL),(58,74,2,'2018-04-02 13:43:36','2018-04-02 13:43:36',NULL),(59,75,1,'2018-04-02 13:43:45','2018-04-02 13:43:45',NULL),(60,75,2,'2018-04-02 13:43:45','2018-04-02 13:43:45',NULL),(61,76,2,'2018-04-02 13:43:45','2018-04-02 13:43:45',NULL),(62,77,1,'2018-04-02 13:58:29','2018-04-02 13:58:29',NULL),(63,78,1,'2018-04-02 13:59:16','2018-04-02 13:59:16',NULL),(64,79,1,'2018-04-02 14:15:11','2018-04-02 14:15:11',NULL),(65,79,2,'2018-04-02 14:15:11','2018-04-02 14:15:11',NULL),(66,80,2,'2018-04-02 14:15:11','2018-04-02 14:15:11',NULL),(67,81,1,'2018-04-02 14:41:55','2018-04-02 14:41:55',NULL),(68,82,2,'2018-04-02 14:41:55','2018-04-02 14:41:55',NULL),(69,82,1,'2018-04-02 14:41:55','2018-04-02 14:41:55',NULL),(70,83,1,'2018-04-02 14:45:19','2018-04-02 14:45:19',NULL),(71,84,2,'2018-04-02 14:45:19','2018-04-02 14:45:19',NULL),(72,85,2,'2018-04-02 14:48:50','2018-04-02 14:48:50',NULL),(73,86,2,'2018-04-02 14:48:50','2018-04-02 14:48:50',NULL),(74,87,1,'2018-04-02 14:51:18','2018-04-02 14:51:18',NULL),(75,88,2,'2018-04-02 14:51:18','2018-04-02 14:51:18',NULL),(76,89,2,'2018-04-02 14:58:48','2018-04-02 14:58:48',NULL),(77,90,1,'2018-04-02 14:58:48','2018-04-02 14:58:48',NULL),(78,90,2,'2018-04-02 14:58:48','2018-04-02 14:58:48',NULL),(79,91,1,'2018-04-02 15:00:56','2018-04-02 15:00:56',NULL),(80,92,1,'2018-04-02 15:01:28','2018-04-02 15:01:28',NULL),(81,93,1,'2018-04-02 15:01:57','2018-04-02 15:01:57',NULL),(82,93,2,'2018-04-02 15:01:57','2018-04-02 15:01:57',NULL),(83,94,2,'2018-04-02 15:01:57','2018-04-02 15:01:57',NULL),(84,95,1,'2018-04-02 15:03:07','2018-04-02 15:03:07',NULL),(85,96,1,'2018-04-02 15:04:56','2018-04-02 15:04:56',NULL),(86,97,1,'2018-04-02 15:05:58','2018-04-02 15:05:58',NULL),(87,98,1,'2018-04-02 15:06:27','2018-04-02 15:06:27',NULL),(88,99,1,'2018-04-02 15:06:57','2018-04-02 15:06:57',NULL),(89,100,1,'2018-04-02 15:08:49','2018-04-02 15:08:49',NULL),(90,101,1,'2018-04-02 15:09:05','2018-04-02 15:09:05',NULL),(91,102,1,'2018-04-02 15:09:22','2018-04-02 15:09:22',NULL),(92,103,1,'2018-04-02 15:11:03','2018-04-02 15:11:03',NULL),(93,104,1,'2018-04-02 15:12:01','2018-04-02 15:12:01',NULL),(94,105,1,'2018-04-02 15:15:01','2018-04-02 15:15:01',NULL),(95,106,2,'2018-04-02 15:15:01','2018-04-02 15:15:01',NULL),(96,107,1,'2018-04-02 15:20:10','2018-04-02 15:20:10',NULL),(97,107,2,'2018-04-02 15:20:10','2018-04-02 15:20:10',NULL),(98,108,2,'2018-04-02 15:20:10','2018-04-02 15:20:10',NULL),(99,109,1,'2018-04-02 15:23:31','2018-04-02 15:23:31',NULL),(100,110,1,'2018-04-02 15:23:31','2018-04-02 15:23:31',NULL),(101,110,2,'2018-04-02 15:23:31','2018-04-02 15:23:31',NULL),(102,111,2,'2018-04-02 15:36:36','2018-04-02 15:36:36',NULL),(103,112,2,'2018-04-02 15:36:36','2018-04-02 15:36:36',NULL),(104,113,2,'2018-04-02 15:44:10','2018-04-02 15:44:10',NULL),(105,114,1,'2018-04-02 15:44:10','2018-04-02 15:44:10',NULL),(106,114,2,'2018-04-02 15:44:10','2018-04-02 15:44:10',NULL),(107,115,2,'2018-04-02 15:53:01','2018-04-02 15:53:01',NULL),(108,115,1,'2018-04-02 15:53:01','2018-04-02 15:53:01',NULL),(109,116,1,'2018-04-02 15:53:01','2018-04-02 15:53:01',NULL),(110,117,2,'2018-04-02 16:24:32','2018-04-02 16:24:32',NULL),(111,117,1,'2018-04-02 16:24:32','2018-04-02 16:24:32',NULL),(112,118,1,'2018-04-02 16:24:32','2018-04-02 16:24:32',NULL),(113,119,1,'2018-04-02 17:09:57','2018-04-02 17:09:57',NULL),(114,120,2,'2018-04-02 17:09:57','2018-04-02 17:09:57',NULL),(115,120,1,'2018-04-02 17:09:57','2018-04-02 17:09:57',NULL),(116,121,1,'2018-04-02 17:34:57','2018-04-02 17:34:57',NULL),(117,121,2,'2018-04-02 17:34:57','2018-04-02 17:34:57',NULL),(118,122,2,'2018-04-02 17:34:57','2018-04-02 17:34:57',NULL),(119,123,2,'2018-04-02 17:40:41','2018-04-02 17:40:41',NULL),(120,123,1,'2018-04-02 17:40:41','2018-04-02 17:40:41',NULL),(121,124,1,'2018-04-02 17:40:41','2018-04-02 17:40:41',NULL),(122,125,1,'2018-04-02 17:45:57','2018-04-02 17:45:57',NULL),(123,126,2,'2018-04-02 17:45:57','2018-04-02 17:45:57',NULL),(124,126,1,'2018-04-02 17:45:57','2018-04-02 17:45:57',NULL),(125,127,1,'2018-04-02 17:52:54','2018-04-02 17:52:54',NULL),(126,128,2,'2018-04-02 17:52:54','2018-04-02 17:52:54',NULL),(127,128,1,'2018-04-02 17:52:54','2018-04-02 17:52:54',NULL),(128,129,2,'2018-04-02 18:02:03','2018-04-02 18:02:03',NULL),(129,129,1,'2018-04-02 18:02:03','2018-04-02 18:02:03',NULL),(130,130,2,'2018-04-02 18:02:03','2018-04-02 18:02:03',NULL),(131,130,1,'2018-04-02 18:02:03','2018-04-02 18:02:03',NULL),(132,131,2,'2018-04-02 18:26:25','2018-04-02 18:26:25',NULL),(133,131,1,'2018-04-02 18:26:25','2018-04-02 18:26:25',NULL),(134,132,1,'2018-04-02 18:26:25','2018-04-02 18:26:25',NULL),(135,133,2,'2018-04-02 18:33:20','2018-04-02 18:33:20',NULL),(136,133,1,'2018-04-02 18:33:20','2018-04-02 18:33:20',NULL),(137,134,1,'2018-04-02 18:33:20','2018-04-02 18:33:20',NULL),(138,135,2,'2018-04-02 18:45:41','2018-04-02 18:45:41',NULL),(139,135,1,'2018-04-02 18:45:41','2018-04-02 18:45:41',NULL),(140,136,1,'2018-04-02 18:45:41','2018-04-02 18:45:41',NULL),(141,137,2,'2018-04-02 18:51:48','2018-04-02 18:51:48',NULL),(142,137,1,'2018-04-02 18:51:48','2018-04-02 18:51:48',NULL),(143,138,1,'2018-04-02 18:51:48','2018-04-02 18:51:48',NULL),(144,139,2,'2018-04-02 18:59:41','2018-04-02 18:59:41',NULL),(145,139,1,'2018-04-02 18:59:41','2018-04-02 18:59:41',NULL),(146,140,1,'2018-04-02 18:59:41','2018-04-02 18:59:41',NULL),(147,141,1,'2018-04-02 19:05:55','2018-04-02 19:05:55',NULL),(148,141,2,'2018-04-02 19:05:55','2018-04-02 19:05:55',NULL),(149,142,2,'2018-04-02 19:05:55','2018-04-02 19:05:55',NULL),(150,143,2,'2018-04-02 19:16:35','2018-04-02 19:16:35',NULL),(151,143,1,'2018-04-02 19:16:35','2018-04-02 19:16:35',NULL),(152,144,1,'2018-04-02 19:16:35','2018-04-02 19:16:35',NULL),(153,145,2,'2018-04-02 19:20:39','2018-04-02 19:20:39',NULL),(154,145,1,'2018-04-02 19:20:39','2018-04-02 19:20:39',NULL),(155,146,1,'2018-04-02 19:20:39','2018-04-02 19:20:39',NULL),(156,147,1,'2018-04-02 19:28:49','2018-04-02 19:28:49',NULL),(157,148,2,'2018-04-02 19:28:49','2018-04-02 19:28:49',NULL),(158,148,1,'2018-04-02 19:28:49','2018-04-02 19:28:49',NULL),(159,149,2,'2018-04-02 20:04:53','2018-04-02 20:04:53',NULL),(160,149,1,'2018-04-02 20:04:53','2018-04-02 20:04:53',NULL),(161,150,2,'2018-04-02 20:04:53','2018-04-02 20:04:53',NULL),(162,150,1,'2018-04-02 20:04:53','2018-04-02 20:04:53',NULL),(163,151,2,'2018-04-02 20:14:08','2018-04-02 20:14:08',NULL),(164,151,1,'2018-04-02 20:14:08','2018-04-02 20:14:08',NULL),(165,152,1,'2018-04-02 20:14:08','2018-04-02 20:14:08',NULL),(166,153,1,'2018-04-03 14:42:41','2018-04-03 14:42:41',NULL),(167,153,2,'2018-04-03 14:42:41','2018-04-03 14:42:41',NULL),(168,154,1,'2018-04-03 14:43:12','2018-04-03 14:43:12',NULL),(169,154,2,'2018-04-03 14:43:12','2018-04-03 14:43:12',NULL),(170,155,1,'2018-04-03 14:45:29','2018-04-03 14:45:29',NULL),(171,155,2,'2018-04-03 14:45:29','2018-04-03 14:45:29',NULL),(172,156,1,'2018-04-03 14:46:08','2018-04-03 14:46:08',NULL),(173,157,1,'2018-04-03 16:56:57','2018-04-03 16:56:57',NULL),(258,159,9,'2018-05-09 18:50:20','2018-05-09 18:50:20',NULL),(175,160,5,'2018-04-08 19:15:50','2018-04-08 19:15:50',NULL),(176,160,6,'2018-04-08 19:15:50','2018-04-08 19:15:50',NULL),(177,161,6,'2018-04-08 19:15:50','2018-04-08 19:15:50',NULL),(178,161,7,'2018-04-08 19:15:50','2018-04-08 19:15:50',NULL),(179,162,1,'2018-04-09 13:55:08','2018-04-09 13:55:08',NULL),(180,162,2,'2018-04-09 13:55:08','2018-04-09 13:55:08',NULL),(181,163,2,'2018-04-09 13:55:08','2018-04-09 13:55:08',NULL),(182,164,5,'2018-04-09 14:18:03','2018-04-09 14:18:03',NULL),(183,165,7,'2018-04-09 14:18:03','2018-04-09 14:18:03',NULL),(184,166,1,'2018-04-09 14:20:08','2018-04-09 14:20:08',NULL),(185,166,2,'2018-04-09 14:20:08','2018-04-09 14:20:08',NULL),(186,167,2,'2018-04-09 14:20:08','2018-04-09 14:20:08',NULL),(187,168,6,'2018-04-09 14:26:13','2018-04-09 14:26:13',NULL),(188,169,7,'2018-04-09 14:26:13','2018-04-09 14:26:13',NULL),(189,170,5,'2018-04-09 17:02:05','2018-04-09 17:02:05',NULL),(259,171,10,'2018-05-15 14:16:44','2018-05-15 14:16:44',NULL),(191,172,4,'2018-04-11 22:01:20','2018-04-11 22:01:20',NULL),(192,172,5,'2018-04-11 22:01:20','2018-04-11 22:01:20',NULL),(193,172,6,'2018-04-11 22:01:20','2018-04-11 22:01:20',NULL),(194,173,5,'2018-04-11 22:01:24','2018-04-11 22:01:24',NULL),(195,173,6,'2018-04-11 22:01:24','2018-04-11 22:01:24',NULL),(196,173,7,'2018-04-11 22:01:24','2018-04-11 22:01:24',NULL),(197,174,4,'2018-04-11 22:09:25','2018-04-11 22:09:25',NULL),(198,174,5,'2018-04-11 22:09:25','2018-04-11 22:09:25',NULL),(199,174,6,'2018-04-11 22:09:25','2018-04-11 22:09:25',NULL),(200,174,7,'2018-04-11 22:09:25','2018-04-11 22:09:25',NULL),(201,175,4,'2018-04-11 22:09:25','2018-04-11 22:09:25',NULL),(202,175,5,'2018-04-11 22:09:25','2018-04-11 22:09:25',NULL),(203,175,6,'2018-04-11 22:09:25','2018-04-11 22:09:25',NULL),(204,176,6,'2018-04-12 12:50:17','2018-04-12 12:50:17',NULL),(208,177,7,'2018-04-12 13:22:54','2018-04-12 13:22:54',NULL),(207,177,6,'2018-04-12 13:22:54','2018-04-12 13:22:54',NULL),(209,178,5,'2018-04-12 16:43:05','2018-04-12 16:43:05',NULL),(210,179,6,'2018-04-12 16:43:05','2018-04-12 16:43:05',NULL),(211,179,7,'2018-04-12 16:43:05','2018-04-12 16:43:05',NULL),(212,180,8,'2018-04-18 16:42:55','2018-04-18 16:42:55',NULL),(213,180,9,'2018-04-18 16:42:55','2018-04-18 16:42:55',NULL),(214,181,10,'2018-04-18 16:42:55','2018-04-18 16:42:55',NULL),(215,181,9,'2018-04-18 16:42:55','2018-04-18 16:42:55',NULL),(234,182,10,'2018-04-19 13:39:36','2018-04-19 13:39:36',NULL),(233,182,9,'2018-04-19 13:39:36','2018-04-19 13:39:36',NULL),(232,183,10,'2018-04-19 13:39:30','2018-04-19 13:39:30',NULL),(231,183,8,'2018-04-19 13:39:30','2018-04-19 13:39:30',NULL),(220,184,10,'2018-04-18 19:17:57','2018-04-18 19:17:57',NULL),(221,185,9,'2018-04-18 21:02:29','2018-04-18 21:02:29',NULL),(222,186,10,'2018-04-18 21:02:29','2018-04-18 21:02:29',NULL),(235,187,10,'2018-04-19 17:19:46','2018-04-19 17:19:46',NULL),(236,188,10,'2018-04-19 17:19:46','2018-04-19 17:19:46',NULL),(237,189,10,'2018-04-19 19:11:04','2018-04-19 19:11:04',NULL),(238,190,10,'2018-04-19 19:11:04','2018-04-19 19:11:04',NULL),(239,191,10,'2018-04-19 19:22:30','2018-04-19 19:22:30',NULL),(240,192,10,'2018-04-19 19:22:30','2018-04-19 19:22:30',NULL),(241,193,9,'2018-04-22 05:30:05','2018-04-22 05:30:05',NULL),(242,194,8,'2018-04-22 05:30:05','2018-04-22 05:30:05',NULL),(243,195,9,'2018-04-23 14:56:31','2018-04-23 14:56:31',NULL),(244,195,10,'2018-04-23 14:56:31','2018-04-23 14:56:31',NULL),(245,196,8,'2018-04-23 14:56:31','2018-04-23 14:56:31',NULL),(246,196,10,'2018-04-23 14:56:31','2018-04-23 14:56:31',NULL),(247,197,1,'2018-04-23 15:06:31','2018-04-23 15:06:31',NULL),(248,197,2,'2018-04-23 15:06:31','2018-04-23 15:06:31',NULL),(249,198,2,'2018-04-23 15:06:31','2018-04-23 15:06:31',NULL),(250,199,9,'2018-04-23 15:15:37','2018-04-23 15:15:37',NULL),(251,200,8,'2018-04-23 15:15:37','2018-04-23 15:15:37',NULL),(252,201,8,'2018-05-09 15:43:26','2018-05-09 15:43:26',NULL),(253,202,8,'2018-05-09 15:43:26','2018-05-09 15:43:26',NULL),(254,203,10,'2018-05-09 15:48:25','2018-05-09 15:48:25',NULL),(255,204,10,'2018-05-09 15:48:25','2018-05-09 15:48:25',NULL),(263,205,10,'2018-05-17 16:09:39','2018-05-17 16:09:39',NULL),(262,205,9,'2018-05-17 16:09:39','2018-05-17 16:09:39',NULL),(264,206,8,'2018-05-17 19:55:06','2018-05-17 19:55:06',NULL),(265,207,8,'2018-05-17 19:55:06','2018-05-17 19:55:06',NULL),(266,208,10,'2018-05-17 19:55:06','2018-05-17 19:55:06',NULL),(267,208,9,'2018-05-17 19:55:06','2018-05-17 19:55:06',NULL),(268,208,8,'2018-05-17 19:55:06','2018-05-17 19:55:06',NULL),(298,209,10,'2018-05-20 21:40:51','2018-05-20 21:40:51',NULL),(297,209,9,'2018-05-20 21:40:51','2018-05-20 21:40:51',NULL),(296,209,8,'2018-05-20 21:40:51','2018-05-20 21:40:51',NULL),(299,210,9,'2018-05-22 18:08:15','2018-05-22 18:08:15',NULL),(300,211,9,'2018-05-22 18:09:52','2018-05-22 18:09:52',NULL),(301,211,10,'2018-05-22 18:09:52','2018-05-22 18:09:52',NULL),(302,212,9,'2018-05-26 19:10:54','2018-05-26 19:10:54',NULL),(303,213,11,'2018-05-26 19:10:54','2018-05-26 19:10:54',NULL),(304,214,10,'2018-06-04 18:53:14','2018-06-04 18:53:14',NULL),(305,215,9,'2018-06-27 13:49:29','2018-06-27 13:49:29',NULL),(306,215,8,'2018-06-27 13:49:29','2018-06-27 13:49:29',NULL),(307,216,11,'2018-06-27 13:49:32','2018-06-27 13:49:32',NULL),(308,216,9,'2018-06-27 13:49:32','2018-06-27 13:49:32',NULL),(309,217,10,'2018-06-27 14:12:02','2018-06-27 14:12:02',NULL),(310,218,10,'2018-06-27 14:12:02','2018-06-27 14:12:02',NULL),(311,219,8,'2018-07-31 14:15:17','2018-07-31 14:15:17',NULL),(312,219,9,'2018-07-31 14:15:17','2018-07-31 14:15:17',NULL),(313,220,9,'2018-07-31 14:15:17','2018-07-31 14:15:17',NULL),(314,220,8,'2018-07-31 14:15:17','2018-07-31 14:15:17',NULL),(315,221,11,'2018-08-02 16:05:05','2018-08-02 16:05:05',NULL),(316,222,9,'2018-08-02 16:05:05','2018-08-02 16:05:05',NULL),(317,223,9,'2018-08-15 19:10:35','2018-08-15 19:10:35',NULL),(318,223,10,'2018-08-15 19:10:35','2018-08-15 19:10:35',NULL),(319,223,11,'2018-08-15 19:10:35','2018-08-15 19:10:35',NULL),(320,224,10,'2018-08-15 19:10:35','2018-08-15 19:10:35',NULL),(321,224,8,'2018-08-15 19:10:35','2018-08-15 19:10:35',NULL),(322,225,9,'2018-08-16 18:33:45','2018-08-16 18:33:45',NULL),(323,226,10,'2018-08-16 18:33:45','2018-08-16 18:33:45',NULL),(324,227,11,'2018-08-28 20:56:27','2018-08-28 20:56:27',NULL),(325,228,11,'2018-08-28 20:56:27','2018-08-28 20:56:27',NULL),(326,229,11,'2018-08-28 20:59:11','2018-08-28 20:59:11',NULL),(327,230,11,'2018-08-28 20:59:11','2018-08-28 20:59:11',NULL),(328,231,11,'2018-08-29 14:43:51','2018-08-29 14:43:51',NULL),(329,232,11,'2018-08-29 14:43:51','2018-08-29 14:43:51',NULL),(330,233,11,'2018-08-29 14:53:08','2018-08-29 14:53:08',NULL),(331,234,11,'2018-08-29 14:53:08','2018-08-29 14:53:08',NULL),(332,235,11,'2018-08-30 17:05:12','2018-08-30 17:05:12',NULL),(333,236,11,'2018-08-30 17:05:12','2018-08-30 17:05:12',NULL),(334,237,11,'2018-09-01 17:09:00','2018-09-01 17:09:00',NULL),(335,237,10,'2018-09-01 17:09:00','2018-09-01 17:09:00',NULL),(336,238,11,'2018-09-01 17:09:00','2018-09-01 17:09:00',NULL),(337,239,11,'2018-09-02 14:16:20','2018-09-02 14:16:20',NULL),(338,240,11,'2018-09-02 14:16:20','2018-09-02 14:16:20',NULL),(339,241,11,'2018-09-02 14:18:29','2018-09-02 14:18:29',NULL),(340,242,11,'2018-09-02 14:18:29','2018-09-02 14:18:29',NULL),(341,243,11,'2018-09-02 14:20:35','2018-09-02 14:20:35',NULL),(342,244,11,'2018-09-02 14:20:35','2018-09-02 14:20:35',NULL),(343,245,8,'2018-09-02 14:33:10','2018-09-02 14:33:10',NULL),(344,246,11,'2018-09-02 14:33:10','2018-09-02 14:33:10',NULL),(345,247,11,'2018-09-02 15:16:18','2018-09-02 15:16:18',NULL),(346,248,11,'2018-12-31 14:17:02','2018-12-31 14:17:02',NULL),(347,249,8,'2018-12-31 14:17:57','2018-12-31 14:17:57',NULL),(348,249,9,'2018-12-31 14:17:57','2018-12-31 14:17:57',NULL),(349,249,10,'2018-12-31 14:17:57','2018-12-31 14:17:57',NULL),(350,249,11,'2018-12-31 14:17:57','2018-12-31 14:17:57',NULL),(351,250,8,'2018-12-31 14:19:41','2018-12-31 14:19:41',NULL),(352,250,9,'2018-12-31 14:19:41','2018-12-31 14:19:41',NULL),(353,250,10,'2018-12-31 14:19:41','2018-12-31 14:19:41',NULL),(354,250,11,'2018-12-31 14:19:41','2018-12-31 14:19:41',NULL),(355,251,8,'2018-12-31 14:20:14','2018-12-31 14:20:14',NULL),(356,251,9,'2018-12-31 14:20:14','2018-12-31 14:20:14',NULL),(357,252,8,'2018-12-31 14:21:06','2018-12-31 14:21:06',NULL),(358,252,9,'2018-12-31 14:21:06','2018-12-31 14:21:06',NULL),(359,253,8,'2018-12-31 14:21:57','2018-12-31 14:21:57',NULL),(360,253,9,'2018-12-31 14:21:57','2018-12-31 14:21:57',NULL),(361,254,8,'2018-12-31 14:22:40','2018-12-31 14:22:40',NULL),(362,255,11,'2018-12-31 14:23:28','2018-12-31 14:23:28',NULL),(363,256,10,'2018-12-31 14:23:56','2018-12-31 14:23:56',NULL),(371,257,9,'2019-01-08 01:07:11','2019-01-08 01:07:11',NULL),(370,257,8,'2019-01-08 01:07:11','2019-01-08 01:07:11',NULL),(372,258,8,'2019-01-09 20:49:42','2019-01-09 20:49:42',NULL),(373,258,9,'2019-01-09 20:49:42','2019-01-09 20:49:42',NULL),(374,259,10,'2019-02-04 16:25:38','2019-02-04 16:25:38',NULL),(375,260,10,'2019-02-04 16:26:50','2019-02-04 16:26:50',NULL),(376,261,9,'2019-02-04 16:49:59','2019-02-04 16:49:59',NULL),(377,262,9,'2019-02-04 16:51:59','2019-02-04 16:51:59',NULL),(378,263,8,'2019-02-04 16:53:41','2019-02-04 16:53:41',NULL),(389,264,8,'2019-02-07 16:18:54','2019-02-07 16:18:54',NULL),(390,265,10,'2019-02-21 14:40:29','2019-02-21 14:40:29',NULL),(391,266,10,'2019-02-21 14:40:29','2019-02-21 14:40:29',NULL),(392,267,9,'2019-02-28 07:02:01','2019-02-28 07:02:01',NULL),(393,268,0,'2019-02-28 07:02:01','2019-02-28 07:02:01',NULL),(394,269,11,'2019-02-28 07:21:11','2019-02-28 07:21:11',NULL),(395,270,10,'2019-02-28 07:21:11','2019-02-28 07:21:11',NULL),(397,271,9,'2019-02-28 12:02:11','2019-02-28 12:02:11',NULL),(398,272,9,'2019-02-28 12:19:13','2019-02-28 12:19:13',NULL),(399,273,9,'2019-02-28 12:19:40','2019-02-28 12:19:40',NULL),(400,274,9,'2019-02-28 12:26:17','2019-02-28 12:26:17',NULL),(401,275,9,'2019-02-28 12:27:04','2019-02-28 12:27:04',NULL),(402,276,9,'2019-02-28 12:27:49','2019-02-28 12:27:49',NULL),(403,277,9,'2019-02-28 12:28:36','2019-02-28 12:28:36',NULL),(404,278,9,'2019-02-28 12:28:54','2019-02-28 12:28:54',NULL),(405,279,9,'2019-02-28 12:29:33','2019-02-28 12:29:33',NULL),(406,280,9,'2019-02-28 12:30:23','2019-02-28 12:30:23',NULL),(407,281,10,'2019-02-28 12:40:27','2019-02-28 12:40:27',NULL),(408,282,11,'2019-02-28 12:40:27','2019-02-28 12:40:27',NULL),(409,283,9,'2019-03-03 20:23:51','2019-03-03 20:23:51',NULL),(410,283,10,'2019-03-03 20:23:51','2019-03-03 20:23:51',NULL),(411,284,9,'2019-03-03 20:26:12','2019-03-03 20:26:12',NULL),(412,284,10,'2019-03-03 20:26:12','2019-03-03 20:26:12',NULL),(413,285,9,'2019-03-03 20:30:48','2019-03-03 20:30:48',NULL),(414,285,10,'2019-03-03 20:30:48','2019-03-03 20:30:48',NULL),(415,286,9,'2019-03-03 20:34:36','2019-03-03 20:34:36',NULL),(416,286,10,'2019-03-03 20:34:36','2019-03-03 20:34:36',NULL),(417,287,9,'2019-03-03 20:36:11','2019-03-03 20:36:11',NULL),(418,287,10,'2019-03-03 20:36:11','2019-03-03 20:36:11',NULL),(419,288,9,'2019-03-03 20:39:54','2019-03-03 20:39:54',NULL),(420,288,10,'2019-03-03 20:39:54','2019-03-03 20:39:54',NULL),(438,289,10,'2019-03-03 22:09:20','2019-03-03 22:09:20',NULL),(437,289,9,'2019-03-03 22:09:20','2019-03-03 22:09:20',NULL),(439,290,9,'2019-03-03 22:40:07','2019-03-03 22:40:07',NULL),(440,291,10,'2019-03-05 08:41:35','2019-03-05 08:41:35',NULL),(444,292,10,'2019-03-05 08:55:03','2019-03-05 08:55:03',NULL),(448,293,9,'2019-03-05 18:59:37','2019-03-05 18:59:37',NULL),(449,294,12,'2019-03-22 21:38:09','2019-03-22 21:38:09',NULL),(450,295,12,'2019-03-22 21:38:09','2019-03-22 21:38:09',NULL),(451,296,12,'2019-03-22 23:57:22','2019-03-22 23:57:22',NULL),(452,297,12,'2019-03-22 23:57:22','2019-03-22 23:57:22',NULL),(453,298,12,'2019-03-23 00:22:28','2019-03-23 00:22:28',NULL),(454,299,12,'2019-03-23 00:22:28','2019-03-23 00:22:28',NULL),(455,300,12,'2019-03-24 22:48:58','2019-03-24 22:48:58',NULL),(456,301,12,'2019-03-24 23:03:37','2019-03-24 23:03:37',NULL),(457,302,12,'2019-03-24 23:03:39','2019-03-24 23:03:39',NULL),(458,303,12,'2019-03-24 23:07:46','2019-03-24 23:07:46',NULL),(459,304,12,'2019-03-24 23:17:23','2019-03-24 23:17:23',NULL),(460,305,12,'2019-03-24 23:42:13','2019-03-24 23:42:13',NULL),(461,306,13,'2019-03-24 23:56:15','2019-03-24 23:56:15',NULL),(462,307,12,'2019-03-25 00:14:23','2019-03-25 00:14:23',NULL),(463,308,12,'2019-03-25 00:20:19','2019-03-25 00:20:19',NULL),(464,309,12,'2019-03-25 06:37:41','2019-03-25 06:37:41',NULL),(465,310,12,'2019-03-25 06:40:28','2019-03-25 06:40:28',NULL),(466,311,12,'2019-03-25 06:44:02','2019-03-25 06:44:02',NULL),(467,312,12,'2019-03-25 06:48:28','2019-03-25 06:48:28',NULL),(468,313,12,'2019-03-25 06:54:46','2019-03-25 06:54:46',NULL),(469,314,12,'2019-03-25 07:03:38','2019-03-25 07:03:38',NULL),(470,315,12,'2019-03-25 07:08:59','2019-03-25 07:08:59',NULL),(471,316,12,'2019-03-25 07:12:44','2019-03-25 07:12:44',NULL),(472,317,12,'2019-03-25 07:16:50','2019-03-25 07:16:50',NULL),(476,318,12,'2019-03-25 14:29:52','2019-03-25 14:29:52',NULL),(474,319,12,'2019-03-25 07:29:24','2019-03-25 07:29:24',NULL),(477,320,12,'2019-03-26 02:06:22','2019-03-26 02:06:22',NULL),(478,321,12,'2019-03-26 02:10:19','2019-03-26 02:10:19',NULL),(479,322,12,'2019-03-26 02:13:10','2019-03-26 02:13:10',NULL),(480,323,12,'2019-03-26 02:26:58','2019-03-26 02:26:58',NULL),(481,324,12,'2019-03-26 02:30:51','2019-03-26 02:30:51',NULL),(482,325,12,'2019-03-26 02:41:23','2019-03-26 02:41:23',NULL),(483,326,12,'2019-03-26 02:45:20','2019-03-26 02:45:20',NULL),(484,327,9,'2019-03-27 05:09:51','2019-03-27 05:09:51',NULL),(485,328,9,'2019-03-27 05:09:51','2019-03-27 05:09:51',NULL),(486,329,9,'2019-04-02 06:36:37','2019-04-02 06:36:37',NULL),(487,330,9,'2019-04-02 06:36:37','2019-04-02 06:36:37',NULL),(540,331,9,'2019-04-18 18:22:40','2019-04-18 18:22:40',NULL),(489,332,9,'2019-04-10 18:02:48','2019-04-10 18:02:48',NULL),(496,333,9,'2019-04-10 18:31:29','2019-04-10 18:31:29',NULL),(497,334,9,'2019-04-10 22:35:37','2019-04-10 22:35:37',NULL),(498,335,9,'2019-04-10 22:37:47','2019-04-10 22:37:47',NULL),(532,336,10,'2019-04-11 04:05:45','2019-04-11 04:05:45',NULL),(533,337,10,'2019-04-11 23:06:50','2019-04-11 23:06:50',NULL),(534,338,10,'2019-04-11 23:06:50','2019-04-11 23:06:50',NULL),(535,339,9,'2019-04-15 23:46:23','2019-04-15 23:46:23',NULL),(536,340,9,'2019-04-15 23:46:23','2019-04-15 23:46:23',NULL),(537,341,13,'2019-04-16 17:08:14','2019-04-16 17:08:14',NULL),(538,342,13,'2019-04-16 17:08:14','2019-04-16 17:08:14',NULL),(541,343,9,'2019-05-05 19:29:30','2019-05-05 19:29:30',NULL),(542,344,13,'2019-05-05 19:32:06','2019-05-05 19:32:06',NULL),(543,345,12,'2019-05-05 19:38:56','2019-05-05 19:38:56',NULL),(544,346,11,'2019-05-05 19:40:10','2019-05-05 19:40:10',NULL),(545,347,0,'2019-05-08 23:16:57','2019-05-08 23:16:57',NULL),(546,348,0,'2019-05-08 23:16:57','2019-05-08 23:16:57',NULL),(547,349,13,'2019-05-16 19:29:39','2019-05-16 19:29:39',NULL);
/*!40000 ALTER TABLE `product_categories` ENABLE KEYS */;
UNLOCK TABLES;

--
-- Table structure for table `product_clothing_types`
--

DROP TABLE IF EXISTS `product_clothing_types`;
/*!40101 SET @saved_cs_client     = @@character_set_client */;
/*!40101 SET character_set_client = utf8 */;
CREATE TABLE `product_clothing_types` (
  `id` int(11) NOT NULL AUTO_INCREMENT,
  `product_id` int(11) NOT NULL,
  `clothing_type_id` int(11) NOT NULL,
  `created_at` timestamp NOT NULL DEFAULT current_timestamp(),
  `updated_at` timestamp NULL DEFAULT NULL,
  `deleted_at` timestamp NULL DEFAULT NULL,
  PRIMARY KEY (`id`)
) ENGINE=MyISAM AUTO_INCREMENT=198 DEFAULT CHARSET=latin1;
/*!40101 SET character_set_client = @saved_cs_client */;

--
-- Dumping data for table `product_clothing_types`
--

LOCK TABLES `product_clothing_types` WRITE;
/*!40000 ALTER TABLE `product_clothing_types` DISABLE KEYS */;
INSERT INTO `product_clothing_types` VALUES (1,29,3,'2018-03-25 08:45:16',NULL,NULL),(2,29,2,'2018-03-25 08:45:16',NULL,NULL),(3,61,2,'2018-03-27 14:02:48','2018-03-27 14:02:48',NULL),(4,62,2,'2018-03-27 14:03:10','2018-03-27 14:03:10',NULL),(5,63,2,'2018-03-27 14:14:35','2018-03-27 14:14:35',NULL),(11,65,3,'2018-03-28 14:51:54','2018-03-28 14:51:54',NULL),(10,64,2,'2018-03-28 12:51:15','2018-03-28 12:51:15',NULL),(9,64,3,'2018-03-28 12:51:15','2018-03-28 12:51:15',NULL),(12,66,2,'2018-04-01 16:01:41','2018-04-01 16:01:41',NULL),(13,77,3,'2018-04-02 13:58:29','2018-04-02 13:58:29',NULL),(14,78,3,'2018-04-02 13:59:16','2018-04-02 13:59:16',NULL),(15,91,3,'2018-04-02 15:00:56','2018-04-02 15:00:56',NULL),(16,92,3,'2018-04-02 15:01:28','2018-04-02 15:01:28',NULL),(17,95,3,'2018-04-02 15:03:07','2018-04-02 15:03:07',NULL),(18,96,3,'2018-04-02 15:04:56','2018-04-02 15:04:56',NULL),(19,97,3,'2018-04-02 15:05:58','2018-04-02 15:05:58',NULL),(20,98,3,'2018-04-02 15:06:27','2018-04-02 15:06:27',NULL),(21,99,3,'2018-04-02 15:06:57','2018-04-02 15:06:57',NULL),(22,100,3,'2018-04-02 15:08:49','2018-04-02 15:08:49',NULL),(23,101,3,'2018-04-02 15:09:05','2018-04-02 15:09:05',NULL),(24,102,3,'2018-04-02 15:09:22','2018-04-02 15:09:22',NULL),(25,103,3,'2018-04-02 15:11:03','2018-04-02 15:11:03',NULL),(26,104,3,'2018-04-02 15:12:01','2018-04-02 15:12:01',NULL),(27,155,3,'2018-04-03 14:45:29','2018-04-03 14:45:29',NULL),(28,156,3,'2018-04-03 14:46:08','2018-04-03 14:46:08',NULL),(29,157,3,'2018-04-03 16:56:57','2018-04-03 16:56:57',NULL),(42,159,7,'2018-05-09 18:50:20','2018-05-09 18:50:20',NULL),(31,170,2,'2018-04-09 17:02:05','2018-04-09 17:02:05',NULL),(43,171,6,'2018-05-15 14:16:44','2018-05-15 14:16:44',NULL),(33,184,6,'2018-04-18 19:17:57','2018-04-18 19:17:57',NULL),(38,183,7,'2018-04-19 13:39:30','2018-04-19 13:39:30',NULL),(39,182,7,'2018-04-19 13:39:36','2018-04-19 13:39:36',NULL),(51,205,11,'2018-05-17 16:09:39','2018-05-17 16:09:39',NULL),(50,205,10,'2018-05-17 16:09:39','2018-05-17 16:09:39',NULL),(49,205,8,'2018-05-17 16:09:39','2018-05-17 16:09:39',NULL),(48,205,7,'2018-05-17 16:09:39','2018-05-17 16:09:39',NULL),(55,210,7,'2018-05-22 18:08:15','2018-05-22 18:08:15',NULL),(56,211,7,'2018-05-22 18:09:52','2018-05-22 18:09:52',NULL),(57,214,7,'2018-06-04 18:53:14','2018-06-04 18:53:14',NULL),(58,247,6,'2018-09-02 15:16:18','2018-09-02 15:16:18',NULL),(59,248,10,'2018-12-31 14:17:02','2018-12-31 14:17:02',NULL),(60,248,11,'2018-12-31 14:17:02','2018-12-31 14:17:02',NULL),(61,249,6,'2018-12-31 14:17:57','2018-12-31 14:17:57',NULL),(62,250,7,'2018-12-31 14:19:41','2018-12-31 14:19:41',NULL),(63,250,8,'2018-12-31 14:19:41','2018-12-31 14:19:41',NULL),(64,251,7,'2018-12-31 14:20:14','2018-12-31 14:20:14',NULL),(65,252,7,'2018-12-31 14:21:06','2018-12-31 14:21:06',NULL),(66,253,7,'2018-12-31 14:21:57','2018-12-31 14:21:57',NULL),(67,254,7,'2018-12-31 14:22:40','2018-12-31 14:22:40',NULL),(68,255,6,'2018-12-31 14:23:28','2018-12-31 14:23:28',NULL),(69,256,6,'2018-12-31 14:23:56','2018-12-31 14:23:56',NULL),(73,257,6,'2019-01-08 01:07:11','2019-01-08 01:07:11',NULL),(74,258,6,'2019-01-09 20:49:42','2019-01-09 20:49:42',NULL),(75,259,6,'2019-02-04 16:25:38','2019-02-04 16:25:38',NULL),(76,260,7,'2019-02-04 16:26:50','2019-02-04 16:26:50',NULL),(77,261,11,'2019-02-04 16:49:59','2019-02-04 16:49:59',NULL),(78,262,13,'2019-02-04 16:51:59','2019-02-04 16:51:59',NULL),(79,263,12,'2019-02-04 16:53:41','2019-02-04 16:53:41',NULL),(90,264,12,'2019-02-07 16:18:54','2019-02-07 16:18:54',NULL),(92,271,7,'2019-02-28 12:02:11','2019-02-28 12:02:11',NULL),(93,272,7,'2019-02-28 12:19:13','2019-02-28 12:19:13',NULL),(94,273,7,'2019-02-28 12:19:40','2019-02-28 12:19:40',NULL),(95,274,7,'2019-02-28 12:26:17','2019-02-28 12:26:17',NULL),(96,275,7,'2019-02-28 12:27:04','2019-02-28 12:27:04',NULL),(97,276,7,'2019-02-28 12:27:49','2019-02-28 12:27:49',NULL),(98,277,7,'2019-02-28 12:28:37','2019-02-28 12:28:37',NULL),(99,278,7,'2019-02-28 12:28:54','2019-02-28 12:28:54',NULL),(100,279,7,'2019-02-28 12:29:33','2019-02-28 12:29:33',NULL),(101,280,7,'2019-02-28 12:30:23','2019-02-28 12:30:23',NULL),(102,283,6,'2019-03-03 20:23:51','2019-03-03 20:23:51',NULL),(103,284,6,'2019-03-03 20:26:12','2019-03-03 20:26:12',NULL),(104,285,6,'2019-03-03 20:30:48','2019-03-03 20:30:48',NULL),(105,286,6,'2019-03-03 20:34:36','2019-03-03 20:34:36',NULL),(106,287,6,'2019-03-03 20:36:11','2019-03-03 20:36:11',NULL),(107,288,6,'2019-03-03 20:39:54','2019-03-03 20:39:54',NULL),(116,289,6,'2019-03-03 22:09:20','2019-03-03 22:09:20',NULL),(117,290,6,'2019-03-03 22:40:07','2019-03-03 22:40:07',NULL),(120,292,7,'2019-03-05 08:55:03','2019-03-05 08:55:03',NULL),(124,293,7,'2019-03-05 18:59:37','2019-03-05 18:59:37',NULL),(125,300,16,'2019-03-24 22:48:58','2019-03-24 22:48:58',NULL),(126,301,6,'2019-03-24 23:03:37','2019-03-24 23:03:37',NULL),(127,302,6,'2019-03-24 23:03:39','2019-03-24 23:03:39',NULL),(128,303,6,'2019-03-24 23:07:46','2019-03-24 23:07:46',NULL),(129,304,6,'2019-03-24 23:17:23','2019-03-24 23:17:23',NULL),(130,305,7,'2019-03-24 23:42:13','2019-03-24 23:42:13',NULL),(131,306,16,'2019-03-24 23:56:15','2019-03-24 23:56:15',NULL),(132,307,6,'2019-03-25 00:14:23','2019-03-25 00:14:23',NULL),(133,308,6,'2019-03-25 00:20:19','2019-03-25 00:20:19',NULL),(134,309,6,'2019-03-25 06:37:41','2019-03-25 06:37:41',NULL),(135,310,6,'2019-03-25 06:40:28','2019-03-25 06:40:28',NULL),(136,311,6,'2019-03-25 06:44:02','2019-03-25 06:44:02',NULL),(137,312,6,'2019-03-25 06:48:28','2019-03-25 06:48:28',NULL),(138,313,6,'2019-03-25 06:54:46','2019-03-25 06:54:46',NULL),(139,314,6,'2019-03-25 07:03:38','2019-03-25 07:03:38',NULL),(140,315,6,'2019-03-25 07:08:59','2019-03-25 07:08:59',NULL),(141,316,6,'2019-03-25 07:12:44','2019-03-25 07:12:44',NULL),(142,317,6,'2019-03-25 07:16:50','2019-03-25 07:16:50',NULL),(146,318,6,'2019-03-25 14:29:52','2019-03-25 14:29:52',NULL),(144,319,6,'2019-03-25 07:29:24','2019-03-25 07:29:24',NULL),(147,320,6,'2019-03-26 02:06:22','2019-03-26 02:06:22',NULL),(148,321,6,'2019-03-26 02:10:19','2019-03-26 02:10:19',NULL),(149,322,6,'2019-03-26 02:13:10','2019-03-26 02:13:10',NULL),(150,323,6,'2019-03-26 02:26:58','2019-03-26 02:26:58',NULL),(151,324,7,'2019-03-26 02:30:51','2019-03-26 02:30:51',NULL),(152,325,6,'2019-03-26 02:41:23','2019-03-26 02:41:23',NULL),(153,326,6,'2019-03-26 02:45:20','2019-03-26 02:45:20',NULL),(197,343,10,'2019-05-05 19:29:30','2019-05-05 19:29:30',NULL),(161,333,10,'2019-04-10 18:31:29','2019-04-10 18:31:29',NULL),(162,335,10,'2019-04-10 22:37:47','2019-04-10 22:37:47',NULL),(196,336,6,'2019-04-11 04:05:45','2019-04-11 04:05:45',NULL);
/*!40000 ALTER TABLE `product_clothing_types` ENABLE KEYS */;
UNLOCK TABLES;

--
-- Table structure for table `product_colors`
--

DROP TABLE IF EXISTS `product_colors`;
/*!40101 SET @saved_cs_client     = @@character_set_client */;
/*!40101 SET character_set_client = utf8 */;
CREATE TABLE `product_colors` (
  `id` int(11) NOT NULL AUTO_INCREMENT,
  `product_id` int(11) NOT NULL,
  `color_id` int(11) NOT NULL,
  `created_at` timestamp NOT NULL DEFAULT current_timestamp(),
  `updated_at` timestamp NULL DEFAULT NULL,
  `deleted_at` timestamp NULL DEFAULT NULL,
  PRIMARY KEY (`id`)
) ENGINE=MyISAM AUTO_INCREMENT=247 DEFAULT CHARSET=latin1;
/*!40101 SET character_set_client = @saved_cs_client */;

--
-- Dumping data for table `product_colors`
--

LOCK TABLES `product_colors` WRITE;
/*!40000 ALTER TABLE `product_colors` DISABLE KEYS */;
INSERT INTO `product_colors` VALUES (1,35,1,'2018-03-20 11:03:14',NULL,NULL),(2,29,2,'2018-03-20 11:03:14',NULL,NULL),(3,60,1,'2018-03-25 19:45:58','2018-03-25 19:45:58',NULL),(4,60,2,'2018-03-25 19:45:58','2018-03-25 19:45:58',NULL),(5,61,4,'2018-03-27 14:02:48','2018-03-27 14:02:48',NULL),(6,62,4,'2018-03-27 14:03:10','2018-03-27 14:03:10',NULL),(7,63,2,'2018-03-27 14:14:35','2018-03-27 14:14:35',NULL),(14,64,6,'2018-03-28 12:51:15','2018-03-28 12:51:15',NULL),(13,64,4,'2018-03-28 12:51:15','2018-03-28 12:51:15',NULL),(12,64,2,'2018-03-28 12:51:15','2018-03-28 12:51:15',NULL),(15,65,2,'2018-03-28 14:51:54','2018-03-28 14:51:54',NULL),(16,65,4,'2018-03-28 14:51:54','2018-03-28 14:51:54',NULL),(17,65,5,'2018-03-28 14:51:54','2018-03-28 14:51:54',NULL),(18,66,4,'2018-04-01 16:01:41','2018-04-01 16:01:41',NULL),(19,66,6,'2018-04-01 16:01:41','2018-04-01 16:01:41',NULL),(20,66,7,'2018-04-01 16:01:41','2018-04-01 16:01:41',NULL),(21,77,1,'2018-04-02 13:58:29','2018-04-02 13:58:29',NULL),(22,78,1,'2018-04-02 13:59:16','2018-04-02 13:59:16',NULL),(23,91,1,'2018-04-02 15:00:56','2018-04-02 15:00:56',NULL),(24,92,1,'2018-04-02 15:01:28','2018-04-02 15:01:28',NULL),(25,95,1,'2018-04-02 15:03:07','2018-04-02 15:03:07',NULL),(26,96,1,'2018-04-02 15:04:56','2018-04-02 15:04:56',NULL),(27,97,1,'2018-04-02 15:05:58','2018-04-02 15:05:58',NULL),(28,98,1,'2018-04-02 15:06:27','2018-04-02 15:06:27',NULL),(29,99,1,'2018-04-02 15:06:57','2018-04-02 15:06:57',NULL),(30,100,1,'2018-04-02 15:08:49','2018-04-02 15:08:49',NULL),(31,101,1,'2018-04-02 15:09:05','2018-04-02 15:09:05',NULL),(32,102,1,'2018-04-02 15:09:22','2018-04-02 15:09:22',NULL),(33,103,1,'2018-04-02 15:11:03','2018-04-02 15:11:03',NULL),(34,104,2,'2018-04-02 15:12:01','2018-04-02 15:12:01',NULL),(35,155,1,'2018-04-03 14:45:29','2018-04-03 14:45:29',NULL),(36,156,2,'2018-04-03 14:46:08','2018-04-03 14:46:08',NULL),(37,35,2,'2018-03-20 11:03:14',NULL,NULL),(38,36,1,'2018-03-20 11:03:14',NULL,NULL),(39,36,2,'2018-03-20 11:03:14',NULL,NULL),(40,152,1,'2018-03-20 11:03:14',NULL,NULL),(41,152,2,'2018-03-20 11:03:14',NULL,NULL),(42,155,2,'2018-03-20 11:03:14',NULL,NULL),(43,155,1,'2018-03-20 11:03:14',NULL,NULL),(44,157,1,'2018-04-03 16:56:57','2018-04-03 16:56:57',NULL),(61,159,5,'2018-05-09 18:50:20','2018-05-09 18:50:20',NULL),(46,170,2,'2018-04-09 17:02:05','2018-04-09 17:02:05',NULL),(47,170,4,'2018-04-09 17:02:05','2018-04-09 17:02:05',NULL),(64,171,6,'2018-05-15 14:16:44','2018-05-15 14:16:44',NULL),(63,171,2,'2018-05-15 14:16:44','2018-05-15 14:16:44',NULL),(62,171,1,'2018-05-15 14:16:44','2018-05-15 14:16:44',NULL),(51,184,2,'2018-04-18 19:17:57','2018-04-18 19:17:57',NULL),(52,184,4,'2018-04-18 19:17:57','2018-04-18 19:17:57',NULL),(57,183,2,'2018-04-19 13:39:30','2018-04-19 13:39:30',NULL),(58,182,6,'2018-04-19 13:39:36','2018-04-19 13:39:36',NULL),(72,205,7,'2018-05-17 16:09:39','2018-05-17 16:09:39',NULL),(71,205,6,'2018-05-17 16:09:39','2018-05-17 16:09:39',NULL),(70,205,5,'2018-05-17 16:09:39','2018-05-17 16:09:39',NULL),(69,205,3,'2018-05-17 16:09:39','2018-05-17 16:09:39',NULL),(76,210,2,'2018-05-22 18:08:15','2018-05-22 18:08:15',NULL),(77,211,5,'2018-05-22 18:09:52','2018-05-22 18:09:52',NULL),(78,214,4,'2018-06-04 18:53:14','2018-06-04 18:53:14',NULL),(79,247,4,'2018-09-02 15:16:18','2018-09-02 15:16:18',NULL),(80,248,1,'2018-12-31 14:17:02','2018-12-31 14:17:02',NULL),(81,249,2,'2018-12-31 14:17:57','2018-12-31 14:17:57',NULL),(82,250,6,'2018-12-31 14:19:41','2018-12-31 14:19:41',NULL),(83,251,6,'2018-12-31 14:20:14','2018-12-31 14:20:14',NULL),(84,252,5,'2018-12-31 14:21:06','2018-12-31 14:21:06',NULL),(85,253,2,'2018-12-31 14:21:57','2018-12-31 14:21:57',NULL),(86,253,5,'2018-12-31 14:21:57','2018-12-31 14:21:57',NULL),(87,254,1,'2018-12-31 14:22:40','2018-12-31 14:22:40',NULL),(88,255,6,'2018-12-31 14:23:28','2018-12-31 14:23:28',NULL),(89,256,1,'2018-12-31 14:23:56','2018-12-31 14:23:56',NULL),(102,258,1,'2019-01-09 20:49:42','2019-01-09 20:49:42',NULL),(101,257,7,'2019-01-08 01:07:11','2019-01-08 01:07:11',NULL),(100,257,5,'2019-01-08 01:07:11','2019-01-08 01:07:11',NULL),(99,257,3,'2019-01-08 01:07:11','2019-01-08 01:07:11',NULL),(103,258,2,'2019-01-09 20:49:42','2019-01-09 20:49:42',NULL),(104,258,3,'2019-01-09 20:49:42','2019-01-09 20:49:42',NULL),(105,259,2,'2019-02-04 16:25:38','2019-02-04 16:25:38',NULL),(106,259,4,'2019-02-04 16:25:38','2019-02-04 16:25:38',NULL),(107,260,1,'2019-02-04 16:26:50','2019-02-04 16:26:50',NULL),(108,260,2,'2019-02-04 16:26:50','2019-02-04 16:26:50',NULL),(109,260,3,'2019-02-04 16:26:50','2019-02-04 16:26:50',NULL),(110,260,4,'2019-02-04 16:26:50','2019-02-04 16:26:50',NULL),(111,260,7,'2019-02-04 16:26:50','2019-02-04 16:26:50',NULL),(112,260,13,'2019-02-04 16:26:50','2019-02-04 16:26:50',NULL),(113,260,14,'2019-02-04 16:26:50','2019-02-04 16:26:50',NULL),(114,260,15,'2019-02-04 16:26:50','2019-02-04 16:26:50',NULL),(115,261,7,'2019-02-04 16:49:59','2019-02-04 16:49:59',NULL),(116,262,2,'2019-02-04 16:51:59','2019-02-04 16:51:59',NULL),(117,262,7,'2019-02-04 16:51:59','2019-02-04 16:51:59',NULL),(118,262,14,'2019-02-04 16:51:59','2019-02-04 16:51:59',NULL),(119,263,1,'2019-02-04 16:53:41','2019-02-04 16:53:41',NULL),(120,263,2,'2019-02-04 16:53:41','2019-02-04 16:53:41',NULL),(121,264,1,'2019-02-04 16:54:36','2019-02-04 16:54:36',NULL),(122,264,2,'2019-02-04 16:54:36','2019-02-04 16:54:36',NULL),(124,271,5,'2019-02-28 12:02:11','2019-02-28 12:02:11',NULL),(125,272,3,'2019-02-28 12:19:13','2019-02-28 12:19:13',NULL),(126,273,3,'2019-02-28 12:19:40','2019-02-28 12:19:40',NULL),(127,274,3,'2019-02-28 12:26:17','2019-02-28 12:26:17',NULL),(128,275,3,'2019-02-28 12:27:04','2019-02-28 12:27:04',NULL),(129,276,3,'2019-02-28 12:27:49','2019-02-28 12:27:49',NULL),(130,277,3,'2019-02-28 12:28:37','2019-02-28 12:28:37',NULL),(131,278,3,'2019-02-28 12:28:54','2019-02-28 12:28:54',NULL),(132,279,3,'2019-02-28 12:29:33','2019-02-28 12:29:33',NULL),(133,280,3,'2019-02-28 12:30:23','2019-02-28 12:30:23',NULL),(134,283,1,'2019-03-03 20:23:51','2019-03-03 20:23:51',NULL),(135,283,2,'2019-03-03 20:23:51','2019-03-03 20:23:51',NULL),(136,283,3,'2019-03-03 20:23:51','2019-03-03 20:23:51',NULL),(137,284,1,'2019-03-03 20:26:12','2019-03-03 20:26:12',NULL),(138,284,2,'2019-03-03 20:26:12','2019-03-03 20:26:12',NULL),(139,285,1,'2019-03-03 20:30:48','2019-03-03 20:30:48',NULL),(140,285,2,'2019-03-03 20:30:48','2019-03-03 20:30:48',NULL),(141,286,1,'2019-03-03 20:34:36','2019-03-03 20:34:36',NULL),(142,286,2,'2019-03-03 20:34:36','2019-03-03 20:34:36',NULL),(143,287,2,'2019-03-03 20:36:11','2019-03-03 20:36:11',NULL),(144,287,15,'2019-03-03 20:36:11','2019-03-03 20:36:11',NULL),(145,288,2,'2019-03-03 20:39:54','2019-03-03 20:39:54',NULL),(146,288,15,'2019-03-03 20:39:54','2019-03-03 20:39:54',NULL),(173,289,5,'2019-03-03 22:09:20','2019-03-03 22:09:20',NULL),(172,289,4,'2019-03-03 22:09:20','2019-03-03 22:09:20',NULL),(171,289,2,'2019-03-03 22:09:20','2019-03-03 22:09:20',NULL),(170,289,1,'2019-03-03 22:09:20','2019-03-03 22:09:20',NULL),(174,290,14,'2019-03-03 22:40:07','2019-03-03 22:40:07',NULL),(189,292,15,'2019-03-05 08:55:03','2019-03-05 08:55:03',NULL),(188,292,13,'2019-03-05 08:55:03','2019-03-05 08:55:03',NULL),(187,292,11,'2019-03-05 08:55:03','2019-03-05 08:55:03',NULL),(186,292,10,'2019-03-05 08:55:03','2019-03-05 08:55:03',NULL),(185,292,7,'2019-03-05 08:55:03','2019-03-05 08:55:03',NULL),(193,293,1,'2019-03-05 18:59:37','2019-03-05 18:59:37',NULL),(194,300,1,'2019-03-24 22:48:58','2019-03-24 22:48:58',NULL),(195,301,1,'2019-03-24 23:03:37','2019-03-24 23:03:37',NULL),(196,302,1,'2019-03-24 23:03:39','2019-03-24 23:03:39',NULL),(197,303,1,'2019-03-24 23:07:46','2019-03-24 23:07:46',NULL),(198,304,1,'2019-03-24 23:17:23','2019-03-24 23:17:23',NULL),(199,305,2,'2019-03-24 23:42:13','2019-03-24 23:42:13',NULL),(200,306,1,'2019-03-24 23:56:15','2019-03-24 23:56:15',NULL),(201,307,10,'2019-03-25 00:14:23','2019-03-25 00:14:23',NULL),(202,308,15,'2019-03-25 00:20:19','2019-03-25 00:20:19',NULL),(203,309,1,'2019-03-25 06:37:41','2019-03-25 06:37:41',NULL),(204,310,1,'2019-03-25 06:40:28','2019-03-25 06:40:28',NULL),(205,311,2,'2019-03-25 06:44:02','2019-03-25 06:44:02',NULL),(206,311,3,'2019-03-25 06:44:02','2019-03-25 06:44:02',NULL),(207,311,15,'2019-03-25 06:44:02','2019-03-25 06:44:02',NULL),(208,312,5,'2019-03-25 06:48:28','2019-03-25 06:48:28',NULL),(209,313,5,'2019-03-25 06:54:46','2019-03-25 06:54:46',NULL),(210,314,7,'2019-03-25 07:03:38','2019-03-25 07:03:38',NULL),(211,315,16,'2019-03-25 07:08:59','2019-03-25 07:08:59',NULL),(212,316,16,'2019-03-25 07:12:44','2019-03-25 07:12:44',NULL),(213,317,1,'2019-03-25 07:16:50','2019-03-25 07:16:50',NULL),(217,318,1,'2019-03-25 14:29:52','2019-03-25 14:29:52',NULL),(215,319,3,'2019-03-25 07:29:24','2019-03-25 07:29:24',NULL),(218,320,7,'2019-03-26 02:06:22','2019-03-26 02:06:22',NULL),(219,321,7,'2019-03-26 02:10:19','2019-03-26 02:10:19',NULL),(220,322,15,'2019-03-26 02:13:10','2019-03-26 02:13:10',NULL),(221,323,3,'2019-03-26 02:26:58','2019-03-26 02:26:58',NULL),(222,324,3,'2019-03-26 02:30:51','2019-03-26 02:30:51',NULL),(223,325,10,'2019-03-26 02:41:23','2019-03-26 02:41:23',NULL),(224,325,15,'2019-03-26 02:41:23','2019-03-26 02:41:23',NULL),(225,326,10,'2019-03-26 02:45:20','2019-03-26 02:45:20',NULL),(234,344,1,'2019-05-05 19:32:06','2019-05-05 19:32:06',NULL),(236,346,1,'2019-05-05 19:40:10','2019-05-05 19:40:10',NULL),(235,344,15,'2019-05-05 19:32:06','2019-05-05 19:32:06',NULL),(237,346,2,'2019-05-05 19:40:10','2019-05-05 19:40:10',NULL),(238,346,3,'2019-05-05 19:40:10','2019-05-05 19:40:10',NULL),(239,346,4,'2019-05-05 19:40:10','2019-05-05 19:40:10',NULL),(240,346,5,'2019-05-05 19:40:10','2019-05-05 19:40:10',NULL),(241,346,6,'2019-05-05 19:40:10','2019-05-05 19:40:10',NULL),(242,346,10,'2019-05-05 19:40:10','2019-05-05 19:40:10',NULL),(243,346,11,'2019-05-05 19:40:10','2019-05-05 19:40:10',NULL),(244,346,13,'2019-05-05 19:40:10','2019-05-05 19:40:10',NULL),(245,346,14,'2019-05-05 19:40:10','2019-05-05 19:40:10',NULL),(246,346,15,'2019-05-05 19:40:10','2019-05-05 19:40:10',NULL);
/*!40000 ALTER TABLE `product_colors` ENABLE KEYS */;
UNLOCK TABLES;

--
-- Table structure for table `product_images`
--

DROP TABLE IF EXISTS `product_images`;
/*!40101 SET @saved_cs_client     = @@character_set_client */;
/*!40101 SET character_set_client = utf8 */;
CREATE TABLE `product_images` (
  `id` int(11) NOT NULL AUTO_INCREMENT,
  `image` varchar(300) COLLATE utf8_unicode_ci DEFAULT NULL,
  `type` enum('image','video') COLLATE utf8_unicode_ci NOT NULL,
  `thumb` varchar(300) COLLATE utf8_unicode_ci DEFAULT NULL,
  `product_id` int(11) NOT NULL,
  `created_at` timestamp NOT NULL DEFAULT current_timestamp(),
  `updated_at` timestamp NOT NULL DEFAULT '0000-00-00 00:00:00',
  `deleted_at` timestamp NULL DEFAULT NULL,
  PRIMARY KEY (`id`)
) ENGINE=InnoDB AUTO_INCREMENT=124 DEFAULT CHARSET=utf8 COLLATE=utf8_unicode_ci;
/*!40101 SET character_set_client = @saved_cs_client */;

--
-- Dumping data for table `product_images`
--

LOCK TABLES `product_images` WRITE;
/*!40000 ALTER TABLE `product_images` DISABLE KEYS */;
INSERT INTO `product_images` VALUES (1,'https://www.youtube.com/watch?v=GcgrgIfndfc','video','https://img.youtube.com/vi/GcgrgIfndfc/0.jpg',29,'2018-01-24 12:25:03','0000-00-00 00:00:00',NULL),(2,'/uploads/images/products/images/2.jpg','image',NULL,29,'2018-01-24 12:25:11','0000-00-00 00:00:00',NULL),(3,'/uploads/images/products/images/3.jpg','image',NULL,2,'2018-01-24 12:25:17','0000-00-00 00:00:00',NULL),(4,'/uploads/images/products/images/4.jpg','image',NULL,2,'2018-01-24 12:25:25','0000-00-00 00:00:00',NULL),(5,'/uploads/images/products/images/5.jpg','image',NULL,3,'2018-01-24 12:25:25','0000-00-00 00:00:00',NULL),(6,'/uploads/images/products/images/6.jpg','image',NULL,3,'2018-01-24 12:25:25','0000-00-00 00:00:00',NULL),(7,'uploads/images/Product/images/8pXGKdbtwa3fLV688FZfa0nLiRQe71n2C9Ih6Er1.jpeg','image','',62,'2018-03-27 07:03:10','0000-00-00 00:00:00',NULL),(8,'uploads/images/Product/images/nM1lQUZwRQebb2QzPtS0PTYQYPsTsopzeOq6v3Kk.jpeg','image','',62,'2018-03-27 07:03:10','0000-00-00 00:00:00',NULL),(9,'uploads/images/Product/images/dnb8nZQ6BlX2NtDqI6U2PpT8KKurlI2D7dNBTFnu.png','image','',62,'2018-03-27 07:03:10','0000-00-00 00:00:00',NULL),(10,'uploads/images/Product/images/8k7NrRJuqIQTgt70A4OA41qSkovTVD8yZk7mTkwQ.jpeg','image','',63,'2018-03-27 07:14:35','0000-00-00 00:00:00',NULL),(11,'uploads/images/Product/images/Ln8M4mRtIyFAhXWtFVxIwhakL3ylyZGmqchi3Mtn.jpeg','image','',63,'2018-03-27 07:14:35','0000-00-00 00:00:00',NULL),(12,'https://www.youtube.com/watch?v=GcgrgIfndfc','video','',63,'2018-03-27 14:14:35','2018-03-27 14:14:35',NULL),(13,'https://www.youtube.com/watch?v=GcgrgIfndfc','video','',63,'2018-03-27 14:14:35','2018-03-27 14:14:35',NULL),(14,'uploads/images/Product/images/7GW7l8mcMJOcBOZ0wV4ZGDqdt8PqTbisGbJIxfJr.jpeg','image','',64,'2018-03-27 07:20:46','0000-00-00 00:00:00',NULL),(15,'uploads/images/Product/images/IP3J9ZsnVXrmy0CVESJNmLy8TdKTA8heICZzhpel.jpeg','image','',64,'2018-03-27 07:20:46','0000-00-00 00:00:00',NULL),(60,'https://www.youtube.com/watch?v=GcgrgIfndfc','video','http://img.youtube.com/vi/GcgrgIfndfc/0.jpg',64,'2018-03-28 12:51:15','2018-03-28 12:51:15',NULL),(61,'https://www.youtube.com/watch?v=GcgrgIfndfc','video','http://img.youtube.com/vi/GcgrgIfndfc/0.jpg',64,'2018-03-28 12:51:15','2018-03-28 12:51:15',NULL),(62,'https://www.youtube.com/watch?v=GcgrgIfndfc','video','http://img.youtube.com/vi/GcgrgIfndfc/0.jpg',64,'2018-03-28 12:51:15','2018-03-28 12:51:15',NULL),(63,'uploads/images/Product/images/Q3Dv97Z3DxbDjR3ea0YE5zxSdEFV4GwoZTRwKVAc.jpeg','image','',65,'2018-03-28 07:51:54','0000-00-00 00:00:00',NULL),(64,'https://www.youtube.com/watch?v=GcgrgIfndfc','video','http://img.youtube.com/vi/GcgrgIfndfc/0.jpg',65,'2018-03-28 14:51:54','2018-03-28 14:51:54',NULL),(65,'uploads/images/Product/images/rbXckcnz34cGnVjvzhBIbiEg9lfRVyoIRi0lzwl7.jpeg','image','',170,'2018-04-09 10:02:05','0000-00-00 00:00:00',NULL),(66,'uploads/images/Product/images/Daa6d6WTfiRtL6onYezurTypki7FuorhByWAMe3Q.jpeg','image','',170,'2018-04-09 10:02:05','0000-00-00 00:00:00',NULL),(67,'uploads/images/Product/images/9LNZuPpTkwl5zQGibpjw0fMn1OiXKdcCA9j8heZH.jpeg','image','',170,'2018-04-09 10:02:05','0000-00-00 00:00:00',NULL),(68,'uploads/images/Product/images/5gGBxVDdRqfoK5DcsRHQJJsqd2h6rpnXnvJ8XXXn.jpeg','image','',171,'2018-04-09 10:10:01','0000-00-00 00:00:00',NULL),(69,'uploads/images/Product/images/fHqbB0v5Msyii5nPTql8uduBKKq4aG0lbc1v6VU7.jpeg','image','',171,'2018-04-09 10:10:01','0000-00-00 00:00:00',NULL),(71,'uploads/images/Product/images/BU0wiwmo49vfsDqOgZ0RbU8aqI3c8PVsQHWzlifb.jpeg','image','',184,'2018-04-18 12:17:57','0000-00-00 00:00:00',NULL),(72,'uploads/images/Product/images/2dlJIqBbYT37vGwTf2vkvZ9eZf0mHoPaQICENCQB.jpeg','image','',184,'2018-04-18 12:17:57','0000-00-00 00:00:00',NULL),(73,'uploads/images/Product/images/y8hvDpbitTsEqsVigeDNNIz0XoChv0RrJgJ47Rlx.jpeg','image','',184,'2018-04-18 12:17:57','0000-00-00 00:00:00',NULL),(74,'https://www.youtube.com/watch?v=YTt3NQss7y8','video','http://img.youtube.com/vi/YTt3NQss7y8/0.jpg',184,'2018-04-18 19:17:57','2018-04-18 19:17:57',NULL),(75,'uploads/images/Product/images/cMbkO5f2ifFCtcOoKr73UigY0u1m7HUfHg414GDp.jpeg','image','',159,'2018-05-09 11:37:30','0000-00-00 00:00:00',NULL),(76,'uploads/images/Product/images/3T9oP1m5Io1E85urRsf6nlUwamrMSvx6ErUQDxce.jpeg','image','',159,'2018-05-09 11:37:30','0000-00-00 00:00:00',NULL),(77,'uploads/images/Product/images/XENnVu7Oj0UrGi1c7ugDK65KnhC621CJw9vFTF9a.jpeg','image','',159,'2018-05-09 11:37:30','0000-00-00 00:00:00',NULL),(80,'https://www.youtube.com/watch?v=aOceBT6GLOs','video','http://img.youtube.com/vi/aOceBT6GLOs/0.jpg',159,'2018-05-09 18:50:20','2018-05-09 18:50:20',NULL),(81,'https://www.youtube.com/watch?v=YTt3NQss7y8','video','http://img.youtube.com/vi/YTt3NQss7y8/0.jpg',171,'2018-05-15 14:16:44','2018-05-15 14:16:44',NULL),(82,'uploads/images/Product/images/aVucHni4iUcwyuwB1nXZmpwkMB7uJ4S9PGokYfLF.jpeg','image','',214,'2018-06-04 11:53:14','0000-00-00 00:00:00',NULL),(83,'uploads/images/Product/images/aYTOO9aiP5X7xhUOtzT2g1eCl6zkEhYsOHv5h8Mn.jpeg','image','',214,'2018-06-04 11:53:14','0000-00-00 00:00:00',NULL),(84,'uploads/images/Product/images/nJLKVwgAEIBJDQgVrVxUslg9YwTudOuQDDiuIAAt.jpeg','image','',257,'2019-01-03 09:10:14','0000-00-00 00:00:00',NULL),(85,'uploads/images/Product/images/ztOa3uopiJZwo1gV64cMDeDQEnYhkiuD0vjsUCLW.jpeg','image','',257,'2019-01-03 09:10:14','0000-00-00 00:00:00',NULL),(86,'uploads/images/Product/images/yexIuWNElHF2up5GylWKK1I9Y90Vz3KhdfhUSSQU.jpeg','image','',257,'2019-01-03 09:10:14','0000-00-00 00:00:00',NULL),(89,'https://www.youtube.com/watch?v=YEV4ar7T8p0','video','http://img.youtube.com/vi/YEV4ar7T8p0/0.jpg',257,'2019-01-08 01:07:11','2019-01-08 01:07:11',NULL),(90,'uploads/images/Product/images/RwEbeMmEJR2h5UhdH55GT9O37XIkD6ahA0RANFj4.png','image','',258,'2019-01-09 13:49:42','0000-00-00 00:00:00',NULL),(91,'uploads/images/Product/images/0EhNCNesnWzRNrrSAXFjRR8dI0gJhmTrHdUONpW6.png','image','',258,'2019-01-09 13:49:42','0000-00-00 00:00:00',NULL),(92,'uploads/images/Product/images/SYtw06sk9Gi5WCHEtYz5tIN6jiHTw8qQxeTNy4fx.jpeg','image','',259,'2019-02-04 09:25:38','0000-00-00 00:00:00',NULL),(93,'uploads/images/Product/images/ygMOg4mPXfjTfqGd76xZ1WJ3hoWGS93ZT2WkkGkB.jpeg','image','',260,'2019-02-04 09:26:50','0000-00-00 00:00:00',NULL),(94,'uploads/images/Product/images/EvCN3Y1XAZLCFVfTtT9RJ1cKjinlFPAIu9JjpZG9.jpeg','image','',261,'2019-02-04 09:49:59','0000-00-00 00:00:00',NULL),(95,'uploads/images/Product/images/tytdEkeTjEro65BBPlMQgRUkatJOXhgCMiRa4WBB.jpeg','image','',262,'2019-02-04 09:51:59','0000-00-00 00:00:00',NULL),(96,'uploads/images/Product/images/LZ0Vwlta65AuC1aay9TaD2aUWCiL6cblbzEcMf6U.jpeg','image','',262,'2019-02-04 09:51:59','0000-00-00 00:00:00',NULL),(97,'uploads/images/Product/images/XW4CwVKe5tAxHPRUzAXrFdUIadCSdLoh2YtMP2nH.jpeg','image','',263,'2019-02-04 09:53:41','0000-00-00 00:00:00',NULL),(98,'uploads/images/Product/images/FuweqVY8NubnqCJThTlPHz0ThkSarEOCE5wA3Q88.jpeg','image','',264,'2019-02-04 09:54:36','0000-00-00 00:00:00',NULL),(99,'uploads/images/Product/images/d5V7iLU04NeeAp8Q4DdcxkpzN2jj7yDnA3VsUI4Z.jpeg','image','',271,'2019-02-27 21:33:01','0000-00-00 00:00:00',NULL),(100,'uploads/images/Product/images/AY7XXTtNWrxHPkIeVQtWuFsdahpjA0FgBXr5NXJu.jpeg','image','',276,'2019-02-28 02:27:49','0000-00-00 00:00:00',NULL),(101,'uploads/images/Product/images/86mbBHqY9yHcFRhOxDQaCWBgI16PCBQm8gCY15lk.jpeg','image','',277,'2019-02-28 02:28:37','0000-00-00 00:00:00',NULL),(102,'uploads/images/Product/images/dxnQX4MQRMK2HuVzzoUs3dWuaai3SWeASn6AWsTF.jpeg','image','',278,'2019-02-28 02:28:54','0000-00-00 00:00:00',NULL),(103,'uploads/images/Product/images/PY7utVX0Bv7TeuwXyy075lb3zFrAUSyCqftOn5VI.jpeg','image','',279,'2019-02-28 02:29:33','0000-00-00 00:00:00',NULL),(104,'uploads/images/Product/images/caDqylSwez7L3gRoN520N3xYHagze0Ux3UMRonBq.jpeg','image','',280,'2019-02-28 02:30:23','0000-00-00 00:00:00',NULL),(106,'uploads/images/Product/images/qiYUY4TVnuWCxiDZiAbc04MSInmHcjCs04WJpzEX.jpeg','image','',292,'2019-03-04 22:51:31','0000-00-00 00:00:00',NULL),(108,'uploads/images/Product/images/OL7DGTEo8BweRyaHsiMyIeE1JjHSBUwEL6MDWUju.png','image','',293,'2019-03-05 08:57:08','0000-00-00 00:00:00',NULL),(109,'uploads/images/Product/images/hts0bHqpeQAUg3wQTHGJ2MJHvkRWsBkSXENRxtbN.png','image','',293,'2019-03-05 08:57:08','0000-00-00 00:00:00',NULL),(110,'uploads/images/Product/images/InAgzzFI0xOuo940Pn0YOdCXcuwIOIsC4IhMMNJF.png','image','',293,'2019-03-05 08:57:57','0000-00-00 00:00:00',NULL),(111,'uploads/images/Product/images/JPOv6vUL4UrWodzAjhgb7eK5r014FXzoAZmFKVKA.png','image','',293,'2019-03-05 08:57:57','0000-00-00 00:00:00',NULL),(112,'uploads/images/Product/images/he42CjvK3DxRJByy4WL7jel4WbRK3nrHlzEyUehC.png','image','',293,'2019-03-05 08:57:57','0000-00-00 00:00:00',NULL),(113,'uploads/images/Product/images/0kcRPY5bQk3GqdcxpWFLs6vXTticX89iAr8ktb9f.png','image','',293,'2019-03-05 08:57:57','0000-00-00 00:00:00',NULL),(114,'uploads/images/Product/images/3eHpuOaZfXWJQBsV0rhoEYegKgZptKPUBcmvNVOU.png','image','',293,'2019-03-05 08:57:57','0000-00-00 00:00:00',NULL),(115,'uploads/images/Product/images/lMnkXDBHjWTTfzA5bcvjUYlPU1AoDY8zFfUbnwhb.png','image','',293,'2019-03-05 08:57:57','0000-00-00 00:00:00',NULL),(118,'http://myexpo.shop/.','video','http://img.youtube.com/vi/expo.shop/./0.jpg',331,'2019-04-18 18:22:40','2019-04-18 18:22:40',NULL),(119,'uploads/images/Product/images/b75LxAaKaZnJYIL8yB6kQqiWUCEMJXsrJuuXyiLp.jpeg','image','',343,'2019-05-05 09:29:31','0000-00-00 00:00:00',NULL),(120,'uploads/images/Product/images/KJk3kHNAkXsLobrsl8FNtmU4wYWr4eHQVOFAmLyV.jpeg','image','',344,'2019-05-05 09:32:06','0000-00-00 00:00:00',NULL),(121,'uploads/images/Product/images/QGk7DTiL2XOReVuU8QZ7ENTptv8TKhsy4Gd4R11r.jpeg','image','',345,'2019-05-05 09:38:56','0000-00-00 00:00:00',NULL),(122,'uploads/images/Product/images/FnmOucF1hyLNsHtGPhNDjJWydOzFLLMPCmRlrvBl.jpeg','image','',346,'2019-05-05 09:40:10','0000-00-00 00:00:00',NULL),(123,'uploads/images/Product/images/NDfSZJEYLWKfZwUJIUbb7m8Qm5HoTCmftGm9qRHd.png','image','',349,'2019-05-16 09:29:39','0000-00-00 00:00:00',NULL);
/*!40000 ALTER TABLE `product_images` ENABLE KEYS */;
UNLOCK TABLES;

--
-- Table structure for table `product_materials`
--

DROP TABLE IF EXISTS `product_materials`;
/*!40101 SET @saved_cs_client     = @@character_set_client */;
/*!40101 SET character_set_client = utf8 */;
CREATE TABLE `product_materials` (
  `id` int(11) NOT NULL AUTO_INCREMENT,
  `product_id` int(11) NOT NULL,
  `material_id` int(11) NOT NULL,
  `created_at` timestamp NOT NULL DEFAULT current_timestamp(),
  `updated_at` timestamp NULL DEFAULT NULL,
  `deleted_at` timestamp NULL DEFAULT NULL,
  PRIMARY KEY (`id`)
) ENGINE=MyISAM AUTO_INCREMENT=204 DEFAULT CHARSET=latin1;
/*!40101 SET character_set_client = @saved_cs_client */;

--
-- Dumping data for table `product_materials`
--

LOCK TABLES `product_materials` WRITE;
/*!40000 ALTER TABLE `product_materials` DISABLE KEYS */;
INSERT INTO `product_materials` VALUES (1,29,1,'2018-03-20 11:01:08',NULL,NULL),(2,29,2,'2018-03-20 11:01:08',NULL,NULL),(3,58,1,'2018-03-25 19:38:41','2018-03-25 19:38:41',NULL),(4,58,2,'2018-03-25 19:38:41','2018-03-25 19:38:41',NULL),(5,59,1,'2018-03-25 19:45:33','2018-03-25 19:45:33',NULL),(6,59,2,'2018-03-25 19:45:33','2018-03-25 19:45:33',NULL),(7,60,1,'2018-03-25 19:45:58','2018-03-25 19:45:58',NULL),(8,60,2,'2018-03-25 19:45:58','2018-03-25 19:45:58',NULL),(9,61,2,'2018-03-27 14:02:48','2018-03-27 14:02:48',NULL),(10,62,2,'2018-03-27 14:03:10','2018-03-27 14:03:10',NULL),(11,63,2,'2018-03-27 14:14:35','2018-03-27 14:14:35',NULL),(16,65,1,'2018-03-28 14:51:54','2018-03-28 14:51:54',NULL),(15,64,1,'2018-03-28 12:51:15','2018-03-28 12:51:15',NULL),(17,66,2,'2018-04-01 16:01:41','2018-04-01 16:01:41',NULL),(18,77,1,'2018-04-02 13:58:29','2018-04-02 13:58:29',NULL),(19,78,1,'2018-04-02 13:59:16','2018-04-02 13:59:16',NULL),(20,91,1,'2018-04-02 15:00:56','2018-04-02 15:00:56',NULL),(21,92,1,'2018-04-02 15:01:28','2018-04-02 15:01:28',NULL),(22,95,1,'2018-04-02 15:03:07','2018-04-02 15:03:07',NULL),(23,96,1,'2018-04-02 15:04:56','2018-04-02 15:04:56',NULL),(24,97,1,'2018-04-02 15:05:58','2018-04-02 15:05:58',NULL),(25,98,1,'2018-04-02 15:06:27','2018-04-02 15:06:27',NULL),(26,99,1,'2018-04-02 15:06:57','2018-04-02 15:06:57',NULL),(27,100,1,'2018-04-02 15:08:49','2018-04-02 15:08:49',NULL),(28,101,1,'2018-04-02 15:09:05','2018-04-02 15:09:05',NULL),(29,102,1,'2018-04-02 15:09:22','2018-04-02 15:09:22',NULL),(30,103,1,'2018-04-02 15:11:03','2018-04-02 15:11:03',NULL),(31,104,1,'2018-04-02 15:12:01','2018-04-02 15:12:01',NULL),(32,155,2,'2018-04-03 14:45:29','2018-04-03 14:45:29',NULL),(33,156,2,'2018-04-03 14:46:08','2018-04-03 14:46:08',NULL),(34,157,2,'2018-04-03 16:56:57','2018-04-03 16:56:57',NULL),(49,159,2,'2018-05-09 18:50:20','2018-05-09 18:50:20',NULL),(36,170,2,'2018-04-09 17:02:05','2018-04-09 17:02:05',NULL),(51,171,3,'2018-05-15 14:16:44','2018-05-15 14:16:44',NULL),(50,171,2,'2018-05-15 14:16:44','2018-05-15 14:16:44',NULL),(39,184,3,'2018-04-18 19:17:57','2018-04-18 19:17:57',NULL),(40,184,5,'2018-04-18 19:17:57','2018-04-18 19:17:57',NULL),(45,183,3,'2018-04-19 13:39:30','2018-04-19 13:39:30',NULL),(46,182,2,'2018-04-19 13:39:36','2018-04-19 13:39:36',NULL),(53,205,2,'2018-05-17 16:09:39','2018-05-17 16:09:39',NULL),(57,210,3,'2018-05-22 18:08:15','2018-05-22 18:08:15',NULL),(58,211,3,'2018-05-22 18:09:52','2018-05-22 18:09:52',NULL),(59,214,5,'2018-06-04 18:53:14','2018-06-04 18:53:14',NULL),(60,247,1,'2018-09-02 15:16:18','2018-09-02 15:16:18',NULL),(61,248,2,'2018-12-31 14:17:02','2018-12-31 14:17:02',NULL),(62,249,2,'2018-12-31 14:17:57','2018-12-31 14:17:57',NULL),(63,250,2,'2018-12-31 14:19:41','2018-12-31 14:19:41',NULL),(64,251,2,'2018-12-31 14:20:14','2018-12-31 14:20:14',NULL),(65,252,6,'2018-12-31 14:21:06','2018-12-31 14:21:06',NULL),(66,253,5,'2018-12-31 14:21:57','2018-12-31 14:21:57',NULL),(67,254,6,'2018-12-31 14:22:40','2018-12-31 14:22:40',NULL),(68,255,2,'2018-12-31 14:23:28','2018-12-31 14:23:28',NULL),(69,256,1,'2018-12-31 14:23:56','2018-12-31 14:23:56',NULL),(79,257,7,'2019-01-08 01:07:11','2019-01-08 01:07:11',NULL),(78,257,6,'2019-01-08 01:07:11','2019-01-08 01:07:11',NULL),(77,257,1,'2019-01-08 01:07:11','2019-01-08 01:07:11',NULL),(80,258,1,'2019-01-09 20:49:42','2019-01-09 20:49:42',NULL),(81,258,2,'2019-01-09 20:49:42','2019-01-09 20:49:42',NULL),(82,258,3,'2019-01-09 20:49:42','2019-01-09 20:49:42',NULL),(83,259,1,'2019-02-04 16:25:38','2019-02-04 16:25:38',NULL),(84,260,1,'2019-02-04 16:26:50','2019-02-04 16:26:50',NULL),(85,261,5,'2019-02-04 16:49:59','2019-02-04 16:49:59',NULL),(86,262,2,'2019-02-04 16:51:59','2019-02-04 16:51:59',NULL),(87,263,3,'2019-02-04 16:53:41','2019-02-04 16:53:41',NULL),(98,264,3,'2019-02-07 16:18:54','2019-02-07 16:18:54',NULL),(100,271,7,'2019-02-28 12:02:11','2019-02-28 12:02:11',NULL),(101,272,3,'2019-02-28 12:19:13','2019-02-28 12:19:13',NULL),(102,273,3,'2019-02-28 12:19:40','2019-02-28 12:19:40',NULL),(103,274,3,'2019-02-28 12:26:17','2019-02-28 12:26:17',NULL),(104,275,3,'2019-02-28 12:27:04','2019-02-28 12:27:04',NULL),(105,276,3,'2019-02-28 12:27:49','2019-02-28 12:27:49',NULL),(106,277,3,'2019-02-28 12:28:36','2019-02-28 12:28:36',NULL),(107,278,3,'2019-02-28 12:28:54','2019-02-28 12:28:54',NULL),(108,279,3,'2019-02-28 12:29:33','2019-02-28 12:29:33',NULL),(109,280,3,'2019-02-28 12:30:23','2019-02-28 12:30:23',NULL),(110,283,1,'2019-03-03 20:23:51','2019-03-03 20:23:51',NULL),(111,283,2,'2019-03-03 20:23:51','2019-03-03 20:23:51',NULL),(112,283,3,'2019-03-03 20:23:51','2019-03-03 20:23:51',NULL),(113,284,1,'2019-03-03 20:26:12','2019-03-03 20:26:12',NULL),(114,284,2,'2019-03-03 20:26:12','2019-03-03 20:26:12',NULL),(115,285,1,'2019-03-03 20:30:48','2019-03-03 20:30:48',NULL),(116,285,2,'2019-03-03 20:30:48','2019-03-03 20:30:48',NULL),(117,286,1,'2019-03-03 20:34:36','2019-03-03 20:34:36',NULL),(118,286,2,'2019-03-03 20:34:36','2019-03-03 20:34:36',NULL),(119,287,1,'2019-03-03 20:36:11','2019-03-03 20:36:11',NULL),(120,288,1,'2019-03-03 20:39:54','2019-03-03 20:39:54',NULL),(129,289,1,'2019-03-03 22:09:20','2019-03-03 22:09:20',NULL),(130,290,6,'2019-03-03 22:40:07','2019-03-03 22:40:07',NULL),(133,292,2,'2019-03-05 08:55:03','2019-03-05 08:55:03',NULL),(137,293,2,'2019-03-05 18:59:37','2019-03-05 18:59:37',NULL),(138,300,2,'2019-03-24 22:48:58','2019-03-24 22:48:58',NULL),(139,301,1,'2019-03-24 23:03:37','2019-03-24 23:03:37',NULL),(140,302,1,'2019-03-24 23:03:39','2019-03-24 23:03:39',NULL),(141,303,2,'2019-03-24 23:07:46','2019-03-24 23:07:46',NULL),(142,304,2,'2019-03-24 23:17:23','2019-03-24 23:17:23',NULL),(143,305,2,'2019-03-24 23:42:13','2019-03-24 23:42:13',NULL),(144,306,1,'2019-03-24 23:56:15','2019-03-24 23:56:15',NULL),(145,307,2,'2019-03-25 00:14:23','2019-03-25 00:14:23',NULL),(146,308,1,'2019-03-25 00:20:19','2019-03-25 00:20:19',NULL),(147,309,2,'2019-03-25 06:37:41','2019-03-25 06:37:41',NULL),(148,310,2,'2019-03-25 06:40:28','2019-03-25 06:40:28',NULL),(149,311,1,'2019-03-25 06:44:02','2019-03-25 06:44:02',NULL),(150,312,1,'2019-03-25 06:48:28','2019-03-25 06:48:28',NULL),(151,313,1,'2019-03-25 06:54:46','2019-03-25 06:54:46',NULL),(152,314,1,'2019-03-25 07:03:38','2019-03-25 07:03:38',NULL),(153,315,1,'2019-03-25 07:08:59','2019-03-25 07:08:59',NULL),(154,316,1,'2019-03-25 07:12:44','2019-03-25 07:12:44',NULL),(155,317,1,'2019-03-25 07:16:50','2019-03-25 07:16:50',NULL),(159,318,1,'2019-03-25 14:29:52','2019-03-25 14:29:52',NULL),(157,319,1,'2019-03-25 07:29:24','2019-03-25 07:29:24',NULL),(160,320,1,'2019-03-26 02:06:22','2019-03-26 02:06:22',NULL),(161,321,1,'2019-03-26 02:10:19','2019-03-26 02:10:19',NULL),(162,322,1,'2019-03-26 02:13:10','2019-03-26 02:13:10',NULL),(163,323,1,'2019-03-26 02:26:58','2019-03-26 02:26:58',NULL),(164,324,1,'2019-03-26 02:30:51','2019-03-26 02:30:51',NULL),(165,325,1,'2019-03-26 02:41:23','2019-03-26 02:41:23',NULL),(166,326,1,'2019-03-26 02:45:20','2019-03-26 02:45:20',NULL),(203,331,6,'2019-04-18 18:22:40','2019-04-18 18:22:40',NULL),(201,336,3,'2019-04-11 04:05:45','2019-04-11 04:05:45',NULL);
/*!40000 ALTER TABLE `product_materials` ENABLE KEYS */;
UNLOCK TABLES;

--
-- Table structure for table `product_occasions`
--

DROP TABLE IF EXISTS `product_occasions`;
/*!40101 SET @saved_cs_client     = @@character_set_client */;
/*!40101 SET character_set_client = utf8 */;
CREATE TABLE `product_occasions` (
  `id` int(11) NOT NULL AUTO_INCREMENT,
  `product_id` int(11) NOT NULL,
  `occasion_id` int(11) NOT NULL,
  `created_at` timestamp NOT NULL DEFAULT current_timestamp(),
  `updated_at` timestamp NULL DEFAULT NULL,
  `deleted_at` timestamp NULL DEFAULT NULL,
  PRIMARY KEY (`id`)
) ENGINE=MyISAM AUTO_INCREMENT=3 DEFAULT CHARSET=latin1;
/*!40101 SET character_set_client = @saved_cs_client */;

--
-- Dumping data for table `product_occasions`
--

LOCK TABLES `product_occasions` WRITE;
/*!40000 ALTER TABLE `product_occasions` DISABLE KEYS */;
INSERT INTO `product_occasions` VALUES (1,30,1,'2018-03-25 08:48:38',NULL,NULL),(2,29,2,'2018-03-25 08:48:38',NULL,NULL);
/*!40000 ALTER TABLE `product_occasions` ENABLE KEYS */;
UNLOCK TABLES;

--
-- Table structure for table `product_sizes`
--

DROP TABLE IF EXISTS `product_sizes`;
/*!40101 SET @saved_cs_client     = @@character_set_client */;
/*!40101 SET character_set_client = utf8 */;
CREATE TABLE `product_sizes` (
  `id` int(11) NOT NULL AUTO_INCREMENT,
  `product_id` int(11) NOT NULL,
  `size_id` int(11) NOT NULL,
  `created_at` timestamp NOT NULL DEFAULT current_timestamp(),
  `updated_at` timestamp NULL DEFAULT NULL,
  `deleted_at` timestamp NULL DEFAULT NULL,
  PRIMARY KEY (`id`)
) ENGINE=MyISAM AUTO_INCREMENT=317 DEFAULT CHARSET=latin1;
/*!40101 SET character_set_client = @saved_cs_client */;

--
-- Dumping data for table `product_sizes`
--

LOCK TABLES `product_sizes` WRITE;
/*!40000 ALTER TABLE `product_sizes` DISABLE KEYS */;
INSERT INTO `product_sizes` VALUES (1,31,1,'2018-03-20 10:58:37',NULL,NULL),(2,29,2,'2018-03-20 10:58:37',NULL,NULL),(3,56,2,'2018-03-25 19:36:55','2018-03-25 19:36:55',NULL),(4,56,3,'2018-03-25 19:36:55','2018-03-25 19:36:55',NULL),(5,57,2,'2018-03-25 19:37:27','2018-03-25 19:37:27',NULL),(6,57,3,'2018-03-25 19:37:27','2018-03-25 19:37:27',NULL),(7,58,2,'2018-03-25 19:38:41','2018-03-25 19:38:41',NULL),(8,58,3,'2018-03-25 19:38:41','2018-03-25 19:38:41',NULL),(9,59,1,'2018-03-25 19:45:33','2018-03-25 19:45:33',NULL),(10,59,2,'2018-03-25 19:45:33','2018-03-25 19:45:33',NULL),(11,60,1,'2018-03-25 19:45:58','2018-03-25 19:45:58',NULL),(12,60,2,'2018-03-25 19:45:58','2018-03-25 19:45:58',NULL),(13,61,2,'2018-03-27 14:02:48','2018-03-27 14:02:48',NULL),(14,61,3,'2018-03-27 14:02:48','2018-03-27 14:02:48',NULL),(15,62,2,'2018-03-27 14:03:10','2018-03-27 14:03:10',NULL),(16,62,3,'2018-03-27 14:03:10','2018-03-27 14:03:10',NULL),(17,63,2,'2018-03-27 14:14:35','2018-03-27 14:14:35',NULL),(24,64,3,'2018-03-28 12:51:15','2018-03-28 12:51:15',NULL),(23,64,2,'2018-03-28 12:51:15','2018-03-28 12:51:15',NULL),(22,64,1,'2018-03-28 12:51:15','2018-03-28 12:51:15',NULL),(25,64,4,'2018-03-28 12:51:15','2018-03-28 12:51:15',NULL),(26,64,5,'2018-03-28 12:51:15','2018-03-28 12:51:15',NULL),(27,65,1,'2018-03-28 14:51:54','2018-03-28 14:51:54',NULL),(28,65,2,'2018-03-28 14:51:54','2018-03-28 14:51:54',NULL),(29,65,3,'2018-03-28 14:51:54','2018-03-28 14:51:54',NULL),(30,66,3,'2018-04-01 16:01:41','2018-04-01 16:01:41',NULL),(31,66,4,'2018-04-01 16:01:41','2018-04-01 16:01:41',NULL),(32,66,5,'2018-04-01 16:01:41','2018-04-01 16:01:41',NULL),(33,77,1,'2018-04-02 13:58:29','2018-04-02 13:58:29',NULL),(34,78,2,'2018-04-02 13:59:16','2018-04-02 13:59:16',NULL),(35,91,1,'2018-04-02 15:00:56','2018-04-02 15:00:56',NULL),(36,92,1,'2018-04-02 15:01:28','2018-04-02 15:01:28',NULL),(37,95,1,'2018-04-02 15:03:07','2018-04-02 15:03:07',NULL),(38,96,1,'2018-04-02 15:04:56','2018-04-02 15:04:56',NULL),(39,97,1,'2018-04-02 15:05:58','2018-04-02 15:05:58',NULL),(40,98,1,'2018-04-02 15:06:27','2018-04-02 15:06:27',NULL),(41,99,1,'2018-04-02 15:06:57','2018-04-02 15:06:57',NULL),(42,100,1,'2018-04-02 15:08:49','2018-04-02 15:08:49',NULL),(43,101,1,'2018-04-02 15:09:05','2018-04-02 15:09:05',NULL),(44,102,1,'2018-04-02 15:09:22','2018-04-02 15:09:22',NULL),(45,103,1,'2018-04-02 15:11:03','2018-04-02 15:11:03',NULL),(46,104,1,'2018-04-02 15:12:01','2018-04-02 15:12:01',NULL),(47,155,1,'2018-04-03 14:45:29','2018-04-03 14:45:29',NULL),(48,156,1,'2018-04-03 14:46:08','2018-04-03 14:46:08',NULL),(49,157,1,'2018-04-03 16:56:57','2018-04-03 16:56:57',NULL),(69,159,2,'2018-05-09 18:50:20','2018-05-09 18:50:20',NULL),(51,170,1,'2018-04-09 17:02:05','2018-04-09 17:02:05',NULL),(52,170,2,'2018-04-09 17:02:05','2018-04-09 17:02:05',NULL),(53,170,3,'2018-04-09 17:02:05','2018-04-09 17:02:05',NULL),(54,170,4,'2018-04-09 17:02:05','2018-04-09 17:02:05',NULL),(55,170,5,'2018-04-09 17:02:05','2018-04-09 17:02:05',NULL),(72,171,5,'2018-05-15 14:16:44','2018-05-15 14:16:44',NULL),(71,171,4,'2018-05-15 14:16:44','2018-05-15 14:16:44',NULL),(70,171,1,'2018-05-15 14:16:44','2018-05-15 14:16:44',NULL),(59,184,2,'2018-04-18 19:17:57','2018-04-18 19:17:57',NULL),(60,184,3,'2018-04-18 19:17:57','2018-04-18 19:17:57',NULL),(65,183,2,'2018-04-19 13:39:30','2018-04-19 13:39:30',NULL),(66,182,2,'2018-04-19 13:39:36','2018-04-19 13:39:36',NULL),(76,205,4,'2018-05-17 16:09:39','2018-05-17 16:09:39',NULL),(75,205,2,'2018-05-17 16:09:39','2018-05-17 16:09:39',NULL),(84,210,2,'2018-05-22 18:08:15','2018-05-22 18:08:15',NULL),(83,210,1,'2018-05-22 18:08:15','2018-05-22 18:08:15',NULL),(85,211,5,'2018-05-22 18:09:52','2018-05-22 18:09:52',NULL),(86,214,8,'2018-06-04 18:53:14','2018-06-04 18:53:14',NULL),(87,247,1,'2018-09-02 15:16:18','2018-09-02 15:16:18',NULL),(88,247,2,'2018-09-02 15:16:18','2018-09-02 15:16:18',NULL),(89,247,3,'2018-09-02 15:16:18','2018-09-02 15:16:18',NULL),(90,248,2,'2018-12-31 14:17:02','2018-12-31 14:17:02',NULL),(91,248,3,'2018-12-31 14:17:02','2018-12-31 14:17:02',NULL),(92,248,4,'2018-12-31 14:17:02','2018-12-31 14:17:02',NULL),(93,249,2,'2018-12-31 14:17:57','2018-12-31 14:17:57',NULL),(94,250,2,'2018-12-31 14:19:41','2018-12-31 14:19:41',NULL),(95,251,2,'2018-12-31 14:20:14','2018-12-31 14:20:14',NULL),(96,252,2,'2018-12-31 14:21:06','2018-12-31 14:21:06',NULL),(97,253,8,'2018-12-31 14:21:57','2018-12-31 14:21:57',NULL),(98,254,3,'2018-12-31 14:22:40','2018-12-31 14:22:40',NULL),(99,255,1,'2018-12-31 14:23:28','2018-12-31 14:23:28',NULL),(100,256,1,'2018-12-31 14:23:56','2018-12-31 14:23:56',NULL),(107,257,3,'2019-01-08 01:07:11','2019-01-08 01:07:11',NULL),(106,257,2,'2019-01-08 01:07:11','2019-01-08 01:07:11',NULL),(108,258,1,'2019-01-09 20:49:42','2019-01-09 20:49:42',NULL),(109,258,2,'2019-01-09 20:49:42','2019-01-09 20:49:42',NULL),(110,258,3,'2019-01-09 20:49:42','2019-01-09 20:49:42',NULL),(111,259,1,'2019-02-04 16:25:38','2019-02-04 16:25:38',NULL),(112,259,2,'2019-02-04 16:25:38','2019-02-04 16:25:38',NULL),(113,260,5,'2019-02-04 16:26:50','2019-02-04 16:26:50',NULL),(114,260,8,'2019-02-04 16:26:50','2019-02-04 16:26:50',NULL),(115,261,2,'2019-02-04 16:49:59','2019-02-04 16:49:59',NULL),(116,262,2,'2019-02-04 16:51:59','2019-02-04 16:51:59',NULL),(117,263,1,'2019-02-04 16:53:41','2019-02-04 16:53:41',NULL),(128,264,2,'2019-02-07 16:18:54','2019-02-07 16:18:54',NULL),(130,271,3,'2019-02-28 12:02:11','2019-02-28 12:02:11',NULL),(131,272,2,'2019-02-28 12:19:13','2019-02-28 12:19:13',NULL),(132,273,2,'2019-02-28 12:19:40','2019-02-28 12:19:40',NULL),(133,274,2,'2019-02-28 12:26:17','2019-02-28 12:26:17',NULL),(134,275,2,'2019-02-28 12:27:04','2019-02-28 12:27:04',NULL),(135,276,2,'2019-02-28 12:27:49','2019-02-28 12:27:49',NULL),(136,277,2,'2019-02-28 12:28:36','2019-02-28 12:28:36',NULL),(137,278,2,'2019-02-28 12:28:54','2019-02-28 12:28:54',NULL),(138,279,2,'2019-02-28 12:29:33','2019-02-28 12:29:33',NULL),(139,280,2,'2019-02-28 12:30:23','2019-02-28 12:30:23',NULL),(140,283,2,'2019-03-03 20:23:51','2019-03-03 20:23:51',NULL),(141,283,4,'2019-03-03 20:23:51','2019-03-03 20:23:51',NULL),(142,284,1,'2019-03-03 20:26:12','2019-03-03 20:26:12',NULL),(143,284,2,'2019-03-03 20:26:12','2019-03-03 20:26:12',NULL),(144,284,4,'2019-03-03 20:26:12','2019-03-03 20:26:12',NULL),(145,285,1,'2019-03-03 20:30:48','2019-03-03 20:30:48',NULL),(146,285,2,'2019-03-03 20:30:48','2019-03-03 20:30:48',NULL),(147,285,4,'2019-03-03 20:30:48','2019-03-03 20:30:48',NULL),(148,286,1,'2019-03-03 20:34:36','2019-03-03 20:34:36',NULL),(149,286,2,'2019-03-03 20:34:36','2019-03-03 20:34:36',NULL),(150,286,4,'2019-03-03 20:34:36','2019-03-03 20:34:36',NULL),(151,287,1,'2019-03-03 20:36:11','2019-03-03 20:36:11',NULL),(152,287,2,'2019-03-03 20:36:11','2019-03-03 20:36:11',NULL),(153,288,1,'2019-03-03 20:39:54','2019-03-03 20:39:54',NULL),(154,288,2,'2019-03-03 20:39:54','2019-03-03 20:39:54',NULL),(172,289,2,'2019-03-03 22:09:20','2019-03-03 22:09:20',NULL),(171,289,1,'2019-03-03 22:09:20','2019-03-03 22:09:20',NULL),(173,290,4,'2019-03-03 22:40:07','2019-03-03 22:40:07',NULL),(176,292,2,'2019-03-05 08:55:03','2019-03-05 08:55:03',NULL),(180,293,2,'2019-03-05 18:59:37','2019-03-05 18:59:37',NULL),(181,300,2,'2019-03-24 22:48:58','2019-03-24 22:48:58',NULL),(182,301,2,'2019-03-24 23:03:37','2019-03-24 23:03:37',NULL),(183,302,2,'2019-03-24 23:03:39','2019-03-24 23:03:39',NULL),(184,303,2,'2019-03-24 23:07:46','2019-03-24 23:07:46',NULL),(185,304,2,'2019-03-24 23:17:23','2019-03-24 23:17:23',NULL),(186,305,2,'2019-03-24 23:42:13','2019-03-24 23:42:13',NULL),(187,306,2,'2019-03-24 23:56:15','2019-03-24 23:56:15',NULL),(188,307,2,'2019-03-25 00:14:23','2019-03-25 00:14:23',NULL),(189,308,1,'2019-03-25 00:20:19','2019-03-25 00:20:19',NULL),(190,309,1,'2019-03-25 06:37:41','2019-03-25 06:37:41',NULL),(191,310,1,'2019-03-25 06:40:28','2019-03-25 06:40:28',NULL),(192,311,1,'2019-03-25 06:44:02','2019-03-25 06:44:02',NULL),(193,312,1,'2019-03-25 06:48:28','2019-03-25 06:48:28',NULL),(194,313,1,'2019-03-25 06:54:46','2019-03-25 06:54:46',NULL),(195,314,1,'2019-03-25 07:03:38','2019-03-25 07:03:38',NULL),(196,315,5,'2019-03-25 07:08:59','2019-03-25 07:08:59',NULL),(197,316,5,'2019-03-25 07:12:44','2019-03-25 07:12:44',NULL),(198,317,8,'2019-03-25 07:16:50','2019-03-25 07:16:50',NULL),(202,318,3,'2019-03-25 14:29:52','2019-03-25 14:29:52',NULL),(200,319,1,'2019-03-25 07:29:24','2019-03-25 07:29:24',NULL),(203,320,2,'2019-03-26 02:06:22','2019-03-26 02:06:22',NULL),(204,321,2,'2019-03-26 02:10:19','2019-03-26 02:10:19',NULL),(205,322,2,'2019-03-26 02:13:10','2019-03-26 02:13:10',NULL),(206,323,2,'2019-03-26 02:26:58','2019-03-26 02:26:58',NULL),(207,324,2,'2019-03-26 02:30:51','2019-03-26 02:30:51',NULL),(208,324,3,'2019-03-26 02:30:51','2019-03-26 02:30:51',NULL),(209,325,5,'2019-03-26 02:41:23','2019-03-26 02:41:23',NULL),(210,326,1,'2019-03-26 02:45:20','2019-03-26 02:45:20',NULL),(316,331,8,'2019-04-18 18:22:40','2019-04-18 18:22:40',NULL),(314,336,5,'2019-04-11 04:05:45','2019-04-11 04:05:45',NULL),(313,336,2,'2019-04-11 04:05:45','2019-04-11 04:05:45',NULL),(312,336,1,'2019-04-11 04:05:45','2019-04-11 04:05:45',NULL);
/*!40000 ALTER TABLE `product_sizes` ENABLE KEYS */;
UNLOCK TABLES;

--
-- Table structure for table `product_translations`
--

DROP TABLE IF EXISTS `product_translations`;
/*!40101 SET @saved_cs_client     = @@character_set_client */;
/*!40101 SET character_set_client = utf8 */;
CREATE TABLE `product_translations` (
  `id` int(11) NOT NULL AUTO_INCREMENT,
  `product_id` int(11) NOT NULL,
  `locale` varchar(300) COLLATE utf8_unicode_ci NOT NULL,
  `title` varchar(300) COLLATE utf8_unicode_ci NOT NULL,
  `details` longtext COLLATE utf8_unicode_ci DEFAULT NULL,
  `created_at` timestamp NOT NULL DEFAULT current_timestamp(),
  `updated_at` timestamp NULL DEFAULT NULL,
  `deleted_at` timestamp NULL DEFAULT NULL,
  PRIMARY KEY (`id`)
) ENGINE=InnoDB AUTO_INCREMENT=655 DEFAULT CHARSET=utf8 COLLATE=utf8_unicode_ci;
/*!40101 SET character_set_client = @saved_cs_client */;

--
-- Dumping data for table `product_translations`
--

LOCK TABLES `product_translations` WRITE;
/*!40000 ALTER TABLE `product_translations` DISABLE KEYS */;
INSERT INTO `product_translations` VALUES (9,26,'en','Fdsfdsfsdf','<p>fdsfsd</p>','2018-03-13 05:47:47','2018-03-13 05:47:47',NULL),(10,26,'ar','Fdsfsdfsdf','<p>fdsfsdfsdf</p>','2018-03-13 05:47:47','2018-03-13 05:47:47',NULL),(11,27,'en','Gfdgdfgfdg','<p>gdfgdfg</p>','2018-03-13 06:01:05','2018-03-13 06:01:05',NULL),(12,27,'ar','Gggggggggggg','<p>fdgdfgdfg</p>','2018-03-13 06:01:05','2018-03-13 06:01:05',NULL),(13,28,'en','Tytyrty','<p>tertert</p>','2018-03-13 08:29:29','2018-03-13 08:29:29',NULL),(14,28,'ar','Rtytryrt','<p>terztert</p>','2018-03-13 08:29:29','2018-03-13 08:29:29',NULL),(15,29,'en','P1','<p>tertcert</p>','2018-03-19 19:27:50','2018-03-19 19:27:50',NULL),(16,29,'ar','P1','<p>terwtert</p>','2018-03-19 19:27:50','2018-03-19 19:27:50',NULL),(17,30,'en','P2','<p>tertsert</p>','2018-03-19 19:27:50','2018-03-19 19:27:50',NULL),(18,30,'ar','P2','<p>terterdt</p>','2018-03-19 19:27:50','2018-03-19 19:27:50',NULL),(19,31,'en','P1','<p>terterdt</p>','2018-03-21 17:45:17','2018-03-21 17:45:17',NULL),(20,31,'ar','P1','<p>terterdt</p>','2018-03-21 17:45:17','2018-03-21 17:45:17',NULL),(21,32,'en','P2','<p>terterdt</p>','2018-03-21 17:45:17','2018-03-21 17:45:17',NULL),(22,32,'ar','P2','<p>terterdt</p>','2018-03-21 17:45:17','2018-03-21 17:45:17',NULL),(23,33,'en','P1','<p>terterdt</p>','2018-03-21 18:04:49','2018-03-21 18:04:49',NULL),(24,33,'ar','P1','<p>terterdt</p>','2018-03-21 18:04:49','2018-03-21 18:04:49',NULL),(25,34,'en','P2','<p>terterdt</p>','2018-03-21 18:04:49','2018-03-21 18:04:49',NULL),(26,34,'ar','P2','<p>terterdt</p>','2018-03-21 18:04:49','2018-03-21 18:04:49',NULL),(27,35,'en','Test Prod 1',NULL,'2018-03-21 19:19:52','2018-03-21 19:19:52',NULL),(28,35,'ar','Test Prod 1',NULL,'2018-03-21 19:19:52','2018-03-21 19:19:52',NULL),(29,36,'en','Test Prod 2',NULL,'2018-03-21 19:19:52','2018-03-21 19:19:52',NULL),(30,36,'ar','Test Prod 2',NULL,'2018-03-21 19:19:52','2018-03-21 19:19:52',NULL),(31,37,'en','P1',NULL,'2018-03-22 14:13:07','2018-03-22 14:13:07',NULL),(32,37,'ar','P1',NULL,'2018-03-22 14:13:07','2018-03-22 14:13:07',NULL),(33,38,'en','P2',NULL,'2018-03-22 14:13:07','2018-03-22 14:13:07',NULL),(34,38,'ar','P2',NULL,'2018-03-22 14:13:07','2018-03-22 14:13:07',NULL),(35,39,'en','Ims',NULL,'2018-03-22 14:17:14','2018-03-22 14:17:14',NULL),(36,39,'ar','Ims',NULL,'2018-03-22 14:17:14','2018-03-22 14:17:14',NULL),(37,40,'en','Ims2',NULL,'2018-03-22 14:17:14','2018-03-22 14:17:14',NULL),(38,40,'ar','Ims2',NULL,'2018-03-22 14:17:14','2018-03-22 14:17:14',NULL),(39,41,'en','Test Product',NULL,'2018-03-22 14:28:45','2018-03-22 14:28:45',NULL),(40,41,'ar','Test Product',NULL,'2018-03-22 14:28:45','2018-03-22 14:28:45',NULL),(41,42,'en','Test Product 2',NULL,'2018-03-22 14:28:45','2018-03-22 14:28:45',NULL),(42,42,'ar','Test Product 2',NULL,'2018-03-22 14:28:45','2018-03-22 14:28:45',NULL),(43,43,'en','Prod 1',NULL,'2018-03-22 14:46:16','2018-03-22 14:46:16',NULL),(44,43,'ar','Prod 1',NULL,'2018-03-22 14:46:16','2018-03-22 14:46:16',NULL),(45,44,'en','Prod2',NULL,'2018-03-22 14:46:16','2018-03-22 14:46:16',NULL),(46,44,'ar','Prod2',NULL,'2018-03-22 14:46:16','2018-03-22 14:46:16',NULL),(47,45,'en','Chicken Pizza',NULL,'2018-03-22 17:21:26','2018-03-22 17:21:26',NULL),(48,45,'ar','Chicken Pizza',NULL,'2018-03-22 17:21:26','2018-03-22 17:21:26',NULL),(49,46,'en','Jampari',NULL,'2018-03-22 17:21:26','2018-03-22 17:21:26',NULL),(50,46,'ar','Jampari',NULL,'2018-03-22 17:21:26','2018-03-22 17:21:26',NULL),(51,47,'en','Burgar',NULL,'2018-03-22 17:40:57','2018-03-22 17:40:57',NULL),(52,47,'ar','Burgar',NULL,'2018-03-22 17:40:57','2018-03-22 17:40:57',NULL),(53,48,'en','Nannana',NULL,'2018-03-22 17:40:57','2018-03-22 17:40:57',NULL),(54,48,'ar','Nannana',NULL,'2018-03-22 17:40:57','2018-03-22 17:40:57',NULL),(55,49,'en','Nothing',NULL,'2018-03-25 17:02:41','2018-03-25 17:02:41',NULL),(56,49,'ar','Nothing',NULL,'2018-03-25 17:02:41','2018-03-25 17:02:41',NULL),(57,50,'en','Nothing 2',NULL,'2018-03-25 17:02:41','2018-03-25 17:02:41',NULL),(58,50,'ar','Nothing 2',NULL,'2018-03-25 17:02:41','2018-03-25 17:02:41',NULL),(59,51,'en','Rtyrty','<p>dfffffffffffffffffffffffffffffff</p>','2018-03-25 19:00:24','2018-03-25 19:00:24',NULL),(60,51,'ar','Rtytryrty','<p>ffffffffffffffff</p>','2018-03-25 19:00:24','2018-03-25 19:00:24',NULL),(61,52,'en','Fsdfdsf','<p>dsadadsad</p>','2018-03-25 19:13:44','2018-03-25 19:13:44',NULL),(62,52,'ar','Dsfsdfsdfsdf','<p>dsadsadasd</p>','2018-03-25 19:13:44','2018-03-25 19:13:44',NULL),(63,53,'en','Fggdfgdfgdfg','<p>ffffffffffffffff</p>','2018-03-25 19:15:57','2018-03-25 19:15:57',NULL),(64,53,'ar','Gdfgdfgdfg','<p>dddddddddddddd</p>','2018-03-25 19:15:57','2018-03-25 19:15:57',NULL),(65,54,'en','Fdsfsdfsdf','<p>ddddddddddddd</p>','2018-03-25 19:17:11','2018-03-25 19:17:11',NULL),(66,54,'ar','Dsffsdfsdf','<p>sssssssssssss</p>','2018-03-25 19:17:11','2018-03-25 19:17:11',NULL),(67,55,'en','Fdsfsdfsdf','<p>ddddddddddddddd</p>','2018-03-25 19:17:53','2018-03-25 19:17:53',NULL),(68,55,'ar','Dsffsdfsdf','<p>sssssssssssss</p>','2018-03-25 19:17:53','2018-03-25 19:17:53',NULL),(69,56,'en','Dsfsdf','<p>dddddddddssssssss</p>','2018-03-25 19:36:55','2018-03-25 19:36:55',NULL),(70,56,'ar','Dsfsdfsdf1111','<p>ssssssssss</p>','2018-03-25 19:36:55','2018-03-25 19:36:55',NULL),(71,57,'en','Dsfsdf','<p>dddddddddssssssss</p>','2018-03-25 19:37:27','2018-03-25 19:37:27',NULL),(72,57,'ar','Dsfsdfsdf1111','<p>ssssssssss</p>','2018-03-25 19:37:27','2018-03-25 19:37:27',NULL),(73,58,'en','Dsfsdf','<p>dddddddddssssssss</p>','2018-03-25 19:38:41','2018-03-25 19:38:41',NULL),(74,58,'ar','Dsfsdfsdf1111','<p>ssssssssss</p>','2018-03-25 19:38:41','2018-03-25 19:38:41',NULL),(75,59,'en','Zzz','<p>sssssssss</p>','2018-03-25 19:45:33','2018-03-25 19:45:33',NULL),(76,59,'ar','Zzzz','<p>ddddddddddddd</p>','2018-03-25 19:45:33','2018-03-25 19:45:33',NULL),(77,60,'en','Zzz','<p>sssssssss</p>','2018-03-25 19:45:58','2018-03-25 19:45:58',NULL),(78,60,'ar','Zzzz','<p>ddddddddddddd</p>','2018-03-25 19:45:58','2018-03-25 19:45:58',NULL),(79,61,'en','Zzzzzz','<p>ddddddddd</p>','2018-03-27 14:02:48','2018-03-27 14:02:48',NULL),(80,61,'ar','Aaaaaaaaaa','<p>hhhhhhhh</p>','2018-03-27 14:02:48','2018-03-27 14:02:48',NULL),(81,62,'en','Zzzzzz','<p>ddddddddd</p>','2018-03-27 14:03:10','2018-03-27 14:03:10',NULL),(82,62,'ar','Aaaaaaaaaa','<p>hhhhhhhh</p>','2018-03-27 14:03:10','2018-03-27 14:03:10',NULL),(83,63,'en','Fdsfsdfsdf','<p>22222222222</p>','2018-03-27 14:14:35','2018-03-27 14:14:35',NULL),(84,63,'ar','Rrrr','<p>222222222222222</p>','2018-03-27 14:14:35','2018-03-27 14:14:35',NULL),(85,64,'en','Fff','<p>ddddddddddddd</p>','2018-03-27 14:20:46','2018-03-27 14:20:46',NULL),(86,64,'ar','Ee','<p>dddddssssssssss</p>','2018-03-27 14:20:46','2018-03-27 14:20:46',NULL),(87,65,'en','Dfddd','<p>eeeeeeeeeeeeeeer</p>','2018-03-28 14:51:54','2018-03-28 14:51:54',NULL),(88,65,'ar','Vvvvv','<p>rrrrrrrrrrrr</p>','2018-03-28 14:51:54','2018-03-28 14:51:54',NULL),(89,66,'en','P1','<p>vvvvvvvvvv</p>','2018-03-28 15:59:41','2018-04-01 16:01:41',NULL),(90,66,'ar','P1','<p>fffffffffffffff</p>','2018-03-28 15:59:41','2018-04-01 16:01:41',NULL),(91,67,'en','P2',NULL,'2018-03-28 15:59:41','2018-03-28 15:59:41',NULL),(92,67,'ar','P2',NULL,'2018-03-28 15:59:41','2018-03-28 15:59:41',NULL),(93,68,'en','Prod 1',NULL,'2018-03-28 18:58:50','2018-03-28 18:58:50',NULL),(94,68,'ar','Prod 1',NULL,'2018-03-28 18:58:50','2018-03-28 18:58:50',NULL),(95,69,'en','P1',NULL,'2018-03-28 19:53:09','2018-03-28 19:53:09',NULL),(96,69,'ar','P1',NULL,'2018-03-28 19:53:09','2018-03-28 19:53:09',NULL),(97,70,'en','P2',NULL,'2018-03-28 19:53:09','2018-03-28 19:53:09',NULL),(98,70,'ar','P2',NULL,'2018-03-28 19:53:09','2018-03-28 19:53:09',NULL),(99,71,'en','Prod One',NULL,'2018-03-29 19:15:46','2018-03-29 19:15:46',NULL),(100,71,'ar','Prod One',NULL,'2018-03-29 19:15:46','2018-03-29 19:15:46',NULL),(101,72,'en','Iphone X',NULL,'2018-03-29 19:15:46','2018-03-29 19:15:46',NULL),(102,72,'ar','Iphone X',NULL,'2018-03-29 19:15:46','2018-03-29 19:15:46',NULL),(103,73,'en','P1',NULL,'2018-04-02 13:43:36','2018-04-02 13:43:36',NULL),(104,73,'ar','P1',NULL,'2018-04-02 13:43:36','2018-04-02 13:43:36',NULL),(105,74,'en','P2',NULL,'2018-04-02 13:43:36','2018-04-02 13:43:36',NULL),(106,74,'ar','P2',NULL,'2018-04-02 13:43:36','2018-04-02 13:43:36',NULL),(107,75,'en','P1',NULL,'2018-04-02 13:43:45','2018-04-02 13:43:45',NULL),(108,75,'ar','P1',NULL,'2018-04-02 13:43:45','2018-04-02 13:43:45',NULL),(109,76,'en','P2',NULL,'2018-04-02 13:43:45','2018-04-02 13:43:45',NULL),(110,76,'ar','P2',NULL,'2018-04-02 13:43:45','2018-04-02 13:43:45',NULL),(111,77,'en','Vvvvvvv','<p>111111111111111</p>','2018-04-02 13:58:29','2018-04-02 13:58:29',NULL),(112,77,'ar','Dddddddd','<p>eeeeeeeeeeeee</p>','2018-04-02 13:58:29','2018-04-02 13:58:29',NULL),(113,78,'en','Cccccccccccccccc','<p>ddddddddddd</p>','2018-04-02 13:59:16','2018-04-02 13:59:16',NULL),(114,78,'ar','Cccccccccccccccccc','<p>fffffffff</p>','2018-04-02 13:59:16','2018-04-02 13:59:16',NULL),(115,79,'en','P1',NULL,'2018-04-02 14:15:11','2018-04-02 14:15:11',NULL),(116,79,'ar','P1',NULL,'2018-04-02 14:15:11','2018-04-02 14:15:11',NULL),(117,80,'en','P2',NULL,'2018-04-02 14:15:11','2018-04-02 14:15:11',NULL),(118,80,'ar','P2',NULL,'2018-04-02 14:15:11','2018-04-02 14:15:11',NULL),(119,81,'en','Qqq1',NULL,'2018-04-02 14:41:55','2018-04-02 14:41:55',NULL),(120,81,'ar','Qqq1',NULL,'2018-04-02 14:41:55','2018-04-02 14:41:55',NULL),(121,82,'en','Qqq2',NULL,'2018-04-02 14:41:55','2018-04-02 14:41:55',NULL),(122,82,'ar','Qqq2',NULL,'2018-04-02 14:41:55','2018-04-02 14:41:55',NULL),(123,83,'en','Jfjfhf',NULL,'2018-04-02 14:45:19','2018-04-02 14:45:19',NULL),(124,83,'ar','Jfjfhf',NULL,'2018-04-02 14:45:19','2018-04-02 14:45:19',NULL),(125,84,'en','Hmcjf',NULL,'2018-04-02 14:45:19','2018-04-02 14:45:19',NULL),(126,84,'ar','Hmcjf',NULL,'2018-04-02 14:45:19','2018-04-02 14:45:19',NULL),(127,85,'en','Ffff',NULL,'2018-04-02 14:48:50','2018-04-02 14:48:50',NULL),(128,85,'ar','Ffff',NULL,'2018-04-02 14:48:50','2018-04-02 14:48:50',NULL),(129,86,'en','Dghh2',NULL,'2018-04-02 14:48:50','2018-04-02 14:48:50',NULL),(130,86,'ar','Dghh2',NULL,'2018-04-02 14:48:50','2018-04-02 14:48:50',NULL),(131,87,'en','Chchcy',NULL,'2018-04-02 14:51:18','2018-04-02 14:51:18',NULL),(132,87,'ar','Chchcy',NULL,'2018-04-02 14:51:18','2018-04-02 14:51:18',NULL),(133,88,'en','Udyxyf',NULL,'2018-04-02 14:51:18','2018-04-02 14:51:18',NULL),(134,88,'ar','Udyxyf',NULL,'2018-04-02 14:51:18','2018-04-02 14:51:18',NULL),(135,89,'en','Xyxyc',NULL,'2018-04-02 14:58:48','2018-04-02 14:58:48',NULL),(136,89,'ar','Xyxyc',NULL,'2018-04-02 14:58:48','2018-04-02 14:58:48',NULL),(137,90,'en','Cctxy',NULL,'2018-04-02 14:58:48','2018-04-02 14:58:48',NULL),(138,90,'ar','Cctxy',NULL,'2018-04-02 14:58:48','2018-04-02 14:58:48',NULL),(139,91,'en','بسيبيسب','<p>ثثثثثثثثثثثثث</p>','2018-04-02 15:00:56','2018-04-02 15:00:56',NULL),(140,91,'ar','بيسبسيب','<p>بببببببببببببب</p>','2018-04-02 15:00:56','2018-04-02 15:00:56',NULL),(141,92,'en','بسيبيسب','<p>ثثثثثثثثثثثثث</p>','2018-04-02 15:01:28','2018-04-02 15:01:28',NULL),(142,92,'ar','بيسبسيب','<p>بببببببببببببب</p>','2018-04-02 15:01:28','2018-04-02 15:01:28',NULL),(143,93,'en','P1',NULL,'2018-04-02 15:01:57','2018-04-02 15:01:57',NULL),(144,93,'ar','P1',NULL,'2018-04-02 15:01:57','2018-04-02 15:01:57',NULL),(145,94,'en','P2',NULL,'2018-04-02 15:01:57','2018-04-02 15:01:57',NULL),(146,94,'ar','P2',NULL,'2018-04-02 15:01:57','2018-04-02 15:01:57',NULL),(147,95,'en','بسيبيسب','<p>ثثثثثثثثثثثثث</p>','2018-04-02 15:03:07','2018-04-02 15:03:07',NULL),(148,95,'ar','بيسبسيب','<p>بببببببببببببب</p>','2018-04-02 15:03:07','2018-04-02 15:03:07',NULL),(149,96,'en','Rerwer','<p>222222222222222</p>','2018-04-02 15:04:56','2018-04-02 15:04:56',NULL),(150,96,'ar','Ewrwerwer','<p>2222222222222222</p>','2018-04-02 15:04:56','2018-04-02 15:04:56',NULL),(151,97,'en','Rerwer','<p>222222222222222</p>','2018-04-02 15:05:58','2018-04-02 15:05:58',NULL),(152,97,'ar','Ewrwerwer','<p>2222222222222222</p>','2018-04-02 15:05:58','2018-04-02 15:05:58',NULL),(153,98,'en','Rerwer','<p>222222222222222</p>','2018-04-02 15:06:27','2018-04-02 15:06:27',NULL),(154,98,'ar','Ewrwerwer','<p>2222222222222222</p>','2018-04-02 15:06:27','2018-04-02 15:06:27',NULL),(155,99,'en','Rerwer','<p>222222222222222</p>','2018-04-02 15:06:57','2018-04-02 15:06:57',NULL),(156,99,'ar','Ewrwerwer','<p>2222222222222222</p>','2018-04-02 15:06:57','2018-04-02 15:06:57',NULL),(157,100,'en','Rerwer','<p>222222222222222</p>','2018-04-02 15:08:49','2018-04-02 15:08:49',NULL),(158,100,'ar','Ewrwerwer','<p>2222222222222222</p>','2018-04-02 15:08:49','2018-04-02 15:08:49',NULL),(159,101,'en','Rerwer','<p>222222222222222</p>','2018-04-02 15:09:05','2018-04-02 15:09:05',NULL),(160,101,'ar','Ewrwerwer','<p>2222222222222222</p>','2018-04-02 15:09:05','2018-04-02 15:09:05',NULL),(161,102,'en','Rerwer','<p>222222222222222</p>','2018-04-02 15:09:22','2018-04-02 15:09:22',NULL),(162,102,'ar','Ewrwerwer','<p>2222222222222222</p>','2018-04-02 15:09:22','2018-04-02 15:09:22',NULL),(163,103,'en','3333333333','<p>33333333333</p>','2018-04-02 15:11:03','2018-04-02 15:11:03',NULL),(164,103,'ar','33333333333333333','<p>33333333333</p>','2018-04-02 15:11:03','2018-04-02 15:11:03',NULL),(165,104,'en','444234','<p>444444444444444444</p>','2018-04-02 15:12:01','2018-04-02 15:12:01',NULL),(166,104,'ar','324234234','<p>2222222222222</p>','2018-04-02 15:12:01','2018-04-02 15:12:01',NULL),(167,105,'en','Qqehv',NULL,'2018-04-02 15:15:01','2018-04-02 15:15:01',NULL),(168,105,'ar','Qqehv',NULL,'2018-04-02 15:15:01','2018-04-02 15:15:01',NULL),(169,106,'en','Ghost',NULL,'2018-04-02 15:15:01','2018-04-02 15:15:01',NULL),(170,106,'ar','Ghost',NULL,'2018-04-02 15:15:01','2018-04-02 15:15:01',NULL),(171,107,'en','P1',NULL,'2018-04-02 15:20:10','2018-04-02 15:20:10',NULL),(172,107,'ar','P1',NULL,'2018-04-02 15:20:10','2018-04-02 15:20:10',NULL),(173,108,'en','P2',NULL,'2018-04-02 15:20:10','2018-04-02 15:20:10',NULL),(174,108,'ar','P2',NULL,'2018-04-02 15:20:10','2018-04-02 15:20:10',NULL),(175,109,'en','Fuff',NULL,'2018-04-02 15:23:31','2018-04-02 15:23:31',NULL),(176,109,'ar','Fuff',NULL,'2018-04-02 15:23:31','2018-04-02 15:23:31',NULL),(177,110,'en','Jfjfjf',NULL,'2018-04-02 15:23:31','2018-04-02 15:23:31',NULL),(178,110,'ar','Jfjfjf',NULL,'2018-04-02 15:23:31','2018-04-02 15:23:31',NULL),(179,111,'en','Ggff',NULL,'2018-04-02 15:36:36','2018-04-02 15:36:36',NULL),(180,111,'ar','Ggff',NULL,'2018-04-02 15:36:36','2018-04-02 15:36:36',NULL),(181,112,'en','Hello I',NULL,'2018-04-02 15:36:36','2018-04-02 15:36:36',NULL),(182,112,'ar','Hello I',NULL,'2018-04-02 15:36:36','2018-04-02 15:36:36',NULL),(183,113,'en','Hfyf',NULL,'2018-04-02 15:44:10','2018-04-02 15:44:10',NULL),(184,113,'ar','Hfyf',NULL,'2018-04-02 15:44:10','2018-04-02 15:44:10',NULL),(185,114,'en','Ufufulk',NULL,'2018-04-02 15:44:10','2018-04-02 15:44:10',NULL),(186,114,'ar','Ufufulk',NULL,'2018-04-02 15:44:10','2018-04-02 15:44:10',NULL),(187,115,'en','Cchcgcgcgcg',NULL,'2018-04-02 15:53:01','2018-04-02 15:53:01',NULL),(188,115,'ar','Cchcgcgcgcg',NULL,'2018-04-02 15:53:01','2018-04-02 15:53:01',NULL),(189,116,'en','Ufhchcycycycycych',NULL,'2018-04-02 15:53:01','2018-04-02 15:53:01',NULL),(190,116,'ar','Ufhchcycycycycych',NULL,'2018-04-02 15:53:01','2018-04-02 15:53:01',NULL),(191,117,'en','Ufjfhcu',NULL,'2018-04-02 16:24:32','2018-04-02 16:24:32',NULL),(192,117,'ar','Ufjfhcu',NULL,'2018-04-02 16:24:32','2018-04-02 16:24:32',NULL),(193,118,'en','Chcxhxgxhxh',NULL,'2018-04-02 16:24:32','2018-04-02 16:24:32',NULL),(194,118,'ar','Chcxhxgxhxh',NULL,'2018-04-02 16:24:32','2018-04-02 16:24:32',NULL),(195,119,'en','Gxfxfzfxfx',NULL,'2018-04-02 17:09:57','2018-04-02 17:09:57',NULL),(196,119,'ar','Gxfxfzfxfx',NULL,'2018-04-02 17:09:57','2018-04-02 17:09:57',NULL),(197,120,'en','Yfychcyc',NULL,'2018-04-02 17:09:57','2018-04-02 17:09:57',NULL),(198,120,'ar','Yfychcyc',NULL,'2018-04-02 17:09:57','2018-04-02 17:09:57',NULL),(199,121,'en','P1',NULL,'2018-04-02 17:34:57','2018-04-02 17:34:57',NULL),(200,121,'ar','P1',NULL,'2018-04-02 17:34:57','2018-04-02 17:34:57',NULL),(201,122,'en','P2',NULL,'2018-04-02 17:34:57','2018-04-02 17:34:57',NULL),(202,122,'ar','P2',NULL,'2018-04-02 17:34:57','2018-04-02 17:34:57',NULL),(203,123,'en','Vhchc',NULL,'2018-04-02 17:40:41','2018-04-02 17:40:41',NULL),(204,123,'ar','Vhchc',NULL,'2018-04-02 17:40:41','2018-04-02 17:40:41',NULL),(205,124,'en','Chchcg',NULL,'2018-04-02 17:40:41','2018-04-02 17:40:41',NULL),(206,124,'ar','Chchcg',NULL,'2018-04-02 17:40:41','2018-04-02 17:40:41',NULL),(207,125,'en','Jbjvjvhc',NULL,'2018-04-02 17:45:57','2018-04-02 17:45:57',NULL),(208,125,'ar','Jbjvjvhc',NULL,'2018-04-02 17:45:57','2018-04-02 17:45:57',NULL),(209,126,'en','Vivuvj',NULL,'2018-04-02 17:45:57','2018-04-02 17:45:57',NULL),(210,126,'ar','Vivuvj',NULL,'2018-04-02 17:45:57','2018-04-02 17:45:57',NULL),(211,127,'en','Hdhdhdhd',NULL,'2018-04-02 17:52:54','2018-04-02 17:52:54',NULL),(212,127,'ar','Hdhdhdhd',NULL,'2018-04-02 17:52:54','2018-04-02 17:52:54',NULL),(213,128,'en','Cjjcjfjc',NULL,'2018-04-02 17:52:54','2018-04-02 17:52:54',NULL),(214,128,'ar','Cjjcjfjc',NULL,'2018-04-02 17:52:54','2018-04-02 17:52:54',NULL),(215,129,'en','Hcycy',NULL,'2018-04-02 18:02:03','2018-04-02 18:02:03',NULL),(216,129,'ar','Hcycy',NULL,'2018-04-02 18:02:03','2018-04-02 18:02:03',NULL),(217,130,'en','Guchchc',NULL,'2018-04-02 18:02:03','2018-04-02 18:02:03',NULL),(218,130,'ar','Guchchc',NULL,'2018-04-02 18:02:03','2018-04-02 18:02:03',NULL),(219,131,'en','Chhcchch',NULL,'2018-04-02 18:26:25','2018-04-02 18:26:25',NULL),(220,131,'ar','Chhcchch',NULL,'2018-04-02 18:26:25','2018-04-02 18:26:25',NULL),(221,132,'en','Uvuchchch',NULL,'2018-04-02 18:26:25','2018-04-02 18:26:25',NULL),(222,132,'ar','Uvuchchch',NULL,'2018-04-02 18:26:25','2018-04-02 18:26:25',NULL),(223,133,'en','Vhhchchc',NULL,'2018-04-02 18:33:20','2018-04-02 18:33:20',NULL),(224,133,'ar','Vhhchchc',NULL,'2018-04-02 18:33:20','2018-04-02 18:33:20',NULL),(225,134,'en','Uvuvhvv',NULL,'2018-04-02 18:33:20','2018-04-02 18:33:20',NULL),(226,134,'ar','Uvuvhvv',NULL,'2018-04-02 18:33:20','2018-04-02 18:33:20',NULL),(227,135,'en','Hcycgxgxg',NULL,'2018-04-02 18:45:41','2018-04-02 18:45:41',NULL),(228,135,'ar','Hcycgxgxg',NULL,'2018-04-02 18:45:41','2018-04-02 18:45:41',NULL),(229,136,'en','Vggfghh',NULL,'2018-04-02 18:45:41','2018-04-02 18:45:41',NULL),(230,136,'ar','Vggfghh',NULL,'2018-04-02 18:45:41','2018-04-02 18:45:41',NULL),(231,137,'en','Ccgfg',NULL,'2018-04-02 18:51:48','2018-04-02 18:51:48',NULL),(232,137,'ar','Ccgfg',NULL,'2018-04-02 18:51:48','2018-04-02 18:51:48',NULL),(233,138,'en','Thffv',NULL,'2018-04-02 18:51:48','2018-04-02 18:51:48',NULL),(234,138,'ar','Thffv',NULL,'2018-04-02 18:51:48','2018-04-02 18:51:48',NULL),(235,139,'en','Hcgcgxg',NULL,'2018-04-02 18:59:41','2018-04-02 18:59:41',NULL),(236,139,'ar','Hcgcgxg',NULL,'2018-04-02 18:59:41','2018-04-02 18:59:41',NULL),(237,140,'en','Vuvuvuchc',NULL,'2018-04-02 18:59:41','2018-04-02 18:59:41',NULL),(238,140,'ar','Vuvuvuchc',NULL,'2018-04-02 18:59:41','2018-04-02 18:59:41',NULL),(239,141,'en','P1',NULL,'2018-04-02 19:05:55','2018-04-02 19:05:55',NULL),(240,141,'ar','P1',NULL,'2018-04-02 19:05:55','2018-04-02 19:05:55',NULL),(241,142,'en','P2',NULL,'2018-04-02 19:05:55','2018-04-02 19:05:55',NULL),(242,142,'ar','P2',NULL,'2018-04-02 19:05:55','2018-04-02 19:05:55',NULL),(243,143,'en','Yccg',NULL,'2018-04-02 19:16:35','2018-04-02 19:16:35',NULL),(244,143,'ar','Yccg',NULL,'2018-04-02 19:16:35','2018-04-02 19:16:35',NULL),(245,144,'en','Yvhcycycg',NULL,'2018-04-02 19:16:35','2018-04-02 19:16:35',NULL),(246,144,'ar','Yvhcycycg',NULL,'2018-04-02 19:16:35','2018-04-02 19:16:35',NULL),(247,145,'en','Hcyccgcgx',NULL,'2018-04-02 19:20:39','2018-04-02 19:20:39',NULL),(248,145,'ar','Hcyccgcgx',NULL,'2018-04-02 19:20:39','2018-04-02 19:20:39',NULL),(249,146,'en','Vuvycyctxf',NULL,'2018-04-02 19:20:39','2018-04-02 19:20:39',NULL),(250,146,'ar','Vuvycyctxf',NULL,'2018-04-02 19:20:39','2018-04-02 19:20:39',NULL),(251,147,'en','Chccycgx',NULL,'2018-04-02 19:28:49','2018-04-02 19:28:49',NULL),(252,147,'ar','Chccycgx',NULL,'2018-04-02 19:28:49','2018-04-02 19:28:49',NULL),(253,148,'en','Vhcucucyfyc',NULL,'2018-04-02 19:28:49','2018-04-02 19:28:49',NULL),(254,148,'ar','Vhcucucyfyc',NULL,'2018-04-02 19:28:49','2018-04-02 19:28:49',NULL),(255,149,'en','Nvjchc',NULL,'2018-04-02 20:04:53','2018-04-02 20:04:53',NULL),(256,149,'ar','Nvjchc',NULL,'2018-04-02 20:04:53','2018-04-02 20:04:53',NULL),(257,150,'en','Jfhfhchc',NULL,'2018-04-02 20:04:53','2018-04-02 20:04:53',NULL),(258,150,'ar','Jfhfhchc',NULL,'2018-04-02 20:04:53','2018-04-02 20:04:53',NULL),(259,151,'en','Hchchch',NULL,'2018-04-02 20:14:08','2018-04-02 20:14:08',NULL),(260,151,'ar','Hchchch',NULL,'2018-04-02 20:14:08','2018-04-02 20:14:08',NULL),(261,152,'en','Tigufufu',NULL,'2018-04-02 20:14:08','2018-04-02 20:14:08',NULL),(262,152,'ar','Tigufufu',NULL,'2018-04-02 20:14:08','2018-04-02 20:14:08',NULL),(263,153,'en','Dddddddddddd','<p>dddddddddddddd</p>','2018-04-03 14:42:41','2018-04-03 14:42:41',NULL),(264,153,'ar','Sssssssssssss','<p>fffffffffffff</p>','2018-04-03 14:42:41','2018-04-03 14:42:41',NULL),(265,154,'en','Dddddddddddd','<p>dddddddddddddd</p>','2018-04-03 14:43:12','2018-04-03 14:43:12',NULL),(266,154,'ar','Sssssssssssss','<p>fffffffffffff</p>','2018-04-03 14:43:12','2018-04-03 14:43:12',NULL),(267,155,'en','Dddddddddddd','<p>dddddddddddddd</p>','2018-04-03 14:45:29','2018-04-03 14:45:29',NULL),(268,155,'ar','Sssssssssssss','<p>fffffffffffff</p>','2018-04-03 14:45:29','2018-04-03 14:45:29',NULL),(269,156,'en','Ddddddd','<p>2222222222</p>','2018-04-03 14:46:08','2018-04-03 14:46:08',NULL),(270,156,'ar','Sssssss','<p>22222222</p>','2018-04-03 14:46:08','2018-04-03 14:46:08',NULL),(271,157,'en','Eqweq','<p>111111</p>','2018-04-03 16:56:57','2018-04-03 16:56:57',NULL),(272,157,'ar','Weqweqwe','<p>1111111</p>','2018-04-03 16:56:57','2018-04-03 16:56:57',NULL),(273,159,'en','Makeup New','<p><span style=\"color:#FF0000\">Details English *</span></p>','2018-04-05 17:17:45','2018-05-09 18:50:20',NULL),(274,159,'ar','مكياج جديد','<p>Details Arabic *</p>','2018-04-05 17:17:45','2018-04-05 17:17:45',NULL),(275,160,'en','Nike Air Max',NULL,'2018-04-08 19:15:50','2018-04-08 19:15:50',NULL),(276,160,'ar','Nike Air Max',NULL,'2018-04-08 19:15:50','2018-04-08 19:15:50',NULL),(277,161,'en','Nike Air Max 2',NULL,'2018-04-08 19:15:50','2018-04-08 19:15:50',NULL),(278,161,'ar','Nike Air Max 2',NULL,'2018-04-08 19:15:50','2018-04-08 19:15:50',NULL),(279,162,'en','P1',NULL,'2018-04-09 13:55:08','2018-04-09 13:55:08',NULL),(280,162,'ar','P1',NULL,'2018-04-09 13:55:08','2018-04-09 13:55:08',NULL),(281,163,'en','P2',NULL,'2018-04-09 13:55:08','2018-04-09 13:55:08',NULL),(282,163,'ar','P2',NULL,'2018-04-09 13:55:08','2018-04-09 13:55:08',NULL),(283,164,'en','Qqq',NULL,'2018-04-09 14:18:03','2018-04-09 14:18:03',NULL),(284,164,'ar','Qqq',NULL,'2018-04-09 14:18:03','2018-04-09 14:18:03',NULL),(285,165,'en','Uuu',NULL,'2018-04-09 14:18:03','2018-04-09 14:18:03',NULL),(286,165,'ar','Uuu',NULL,'2018-04-09 14:18:03','2018-04-09 14:18:03',NULL),(287,166,'en','P1',NULL,'2018-04-09 14:20:08','2018-04-09 14:20:08',NULL),(288,166,'ar','P1',NULL,'2018-04-09 14:20:08','2018-04-09 14:20:08',NULL),(289,167,'en','P2',NULL,'2018-04-09 14:20:08','2018-04-09 14:20:08',NULL),(290,167,'ar','P2',NULL,'2018-04-09 14:20:08','2018-04-09 14:20:08',NULL),(291,168,'en','Tggu',NULL,'2018-04-09 14:26:13','2018-04-09 14:26:13',NULL),(292,168,'ar','Tggu',NULL,'2018-04-09 14:26:13','2018-04-09 14:26:13',NULL),(293,169,'en','Yvj',NULL,'2018-04-09 14:26:13','2018-04-09 14:26:13',NULL),(294,169,'ar','Yvj',NULL,'2018-04-09 14:26:13','2018-04-09 14:26:13',NULL),(295,170,'en','Men Shirt Long','<p>aSDFGHJ</p>','2018-04-09 17:02:05','2018-04-09 17:02:05',NULL),(296,170,'ar','قميص طويل','<p>ASDFGV</p>','2018-04-09 17:02:05','2018-04-09 17:02:05',NULL),(297,171,'en','Polyvore','<p>شسبير شب شث ب</p>','2018-04-09 17:10:01','2018-04-09 17:10:01',NULL),(298,171,'ar','بلوفر','<p>&nbsp;شبثس ب سثب سيب</p>','2018-04-09 17:10:01','2018-04-09 17:10:01',NULL),(299,172,'en','Hxhx',NULL,'2018-04-11 22:01:20','2018-04-11 22:01:20',NULL),(300,172,'ar','Hxhx',NULL,'2018-04-11 22:01:20','2018-04-11 22:01:20',NULL),(301,173,'en','Hfhchx',NULL,'2018-04-11 22:01:24','2018-04-11 22:01:24',NULL),(302,173,'ar','Hfhchx',NULL,'2018-04-11 22:01:24','2018-04-11 22:01:24',NULL),(303,174,'en','Vtvtc',NULL,'2018-04-11 22:09:25','2018-04-11 22:09:25',NULL),(304,174,'ar','Vtvtc',NULL,'2018-04-11 22:09:25','2018-04-11 22:09:25',NULL),(305,175,'en','Hcgcyc',NULL,'2018-04-11 22:09:25','2018-04-11 22:09:25',NULL),(306,175,'ar','Hcgcyc',NULL,'2018-04-11 22:09:25','2018-04-11 22:09:25',NULL),(307,176,'en','Happy',NULL,'2018-04-12 12:50:17','2018-04-12 12:50:17',NULL),(308,176,'ar','Happy',NULL,'2018-04-12 12:50:17','2018-04-12 12:50:17',NULL),(309,177,'en','Rose','<p>Rose red</p>','2018-04-12 12:50:17','2018-04-12 13:22:54',NULL),(310,177,'ar','Rose','<p>red rose</p>','2018-04-12 12:50:17','2018-04-12 13:22:54',NULL),(311,178,'en','Dhhdhss',NULL,'2018-04-12 16:43:05','2018-04-12 16:43:05',NULL),(312,178,'ar','Dhhdhss',NULL,'2018-04-12 16:43:05','2018-04-12 16:43:05',NULL),(313,179,'en','Hdhsja',NULL,'2018-04-12 16:43:05','2018-04-12 16:43:05',NULL),(314,179,'ar','Hdhsja',NULL,'2018-04-12 16:43:05','2018-04-12 16:43:05',NULL),(315,180,'en','Test Ios',NULL,'2018-04-18 16:42:55','2018-04-18 16:42:55',NULL),(316,180,'ar','Test Ios',NULL,'2018-04-18 16:42:55','2018-04-18 16:42:55',NULL),(317,181,'en','Test Two Ios',NULL,'2018-04-18 16:42:55','2018-04-18 16:42:55',NULL),(318,181,'ar','Test Two Ios',NULL,'2018-04-18 16:42:55','2018-04-18 16:42:55',NULL),(319,182,'en','ZTest Android','<p>ff</p>','2018-04-18 16:43:37','2018-04-19 13:39:36',NULL),(320,182,'ar','Test Android','<p>fg</p>','2018-04-18 16:43:37','2018-04-19 13:26:13',NULL),(321,183,'en','ATest 2 Android','<p>sfs</p>','2018-04-18 16:43:37','2018-04-19 13:39:30',NULL),(322,183,'ar','Test 2 Android','<p>fgvdf</p>','2018-04-18 16:43:37','2018-04-19 13:21:16',NULL),(323,184,'en','Shirts','<p>KL</p>','2018-04-18 19:17:57','2018-04-18 19:17:57',NULL),(324,184,'ar','Shirts','<p>awrhdjl</p>','2018-04-18 19:17:57','2018-04-18 19:17:57',NULL),(325,185,'en','Hchchc',NULL,'2018-04-18 21:02:29','2018-04-18 21:02:29',NULL),(326,185,'ar','Hchchc',NULL,'2018-04-18 21:02:29','2018-04-18 21:02:29',NULL),(327,186,'en','Chchc',NULL,'2018-04-18 21:02:29','2018-04-18 21:02:29',NULL),(328,186,'ar','Chchc',NULL,'2018-04-18 21:02:29','2018-04-18 21:02:29',NULL),(329,187,'en','T',NULL,'2018-04-19 17:19:46','2018-04-19 17:19:46',NULL),(330,187,'ar','T',NULL,'2018-04-19 17:19:46','2018-04-19 17:19:46',NULL),(331,188,'en','F',NULL,'2018-04-19 17:19:46','2018-04-19 17:19:46',NULL),(332,188,'ar','F',NULL,'2018-04-19 17:19:46','2018-04-19 17:19:46',NULL),(333,189,'en','A',NULL,'2018-04-19 19:11:04','2018-04-19 19:11:04',NULL),(334,189,'ar','A',NULL,'2018-04-19 19:11:04','2018-04-19 19:11:04',NULL),(335,190,'en','Q',NULL,'2018-04-19 19:11:04','2018-04-19 19:11:04',NULL),(336,190,'ar','Q',NULL,'2018-04-19 19:11:04','2018-04-19 19:11:04',NULL),(337,191,'en','T',NULL,'2018-04-19 19:22:30','2018-04-19 19:22:30',NULL),(338,191,'ar','T',NULL,'2018-04-19 19:22:30','2018-04-19 19:22:30',NULL),(339,192,'en','J',NULL,'2018-04-19 19:22:30','2018-04-19 19:22:30',NULL),(340,192,'ar','J',NULL,'2018-04-19 19:22:30','2018-04-19 19:22:30',NULL),(341,193,'en','Ffgghgb',NULL,'2018-04-22 05:30:05','2018-04-22 05:30:05',NULL),(342,193,'ar','Ffgghgb',NULL,'2018-04-22 05:30:05','2018-04-22 05:30:05',NULL),(343,194,'en','Jvuvuv',NULL,'2018-04-22 05:30:05','2018-04-22 05:30:05',NULL),(344,194,'ar','Jvuvuv',NULL,'2018-04-22 05:30:05','2018-04-22 05:30:05',NULL),(345,195,'en','A',NULL,'2018-04-23 14:56:31','2018-04-23 14:56:31',NULL),(346,195,'ar','A',NULL,'2018-04-23 14:56:31','2018-04-23 14:56:31',NULL),(347,196,'en','Dd',NULL,'2018-04-23 14:56:31','2018-04-23 14:56:31',NULL),(348,196,'ar','Dd',NULL,'2018-04-23 14:56:31','2018-04-23 14:56:31',NULL),(349,197,'en','P1',NULL,'2018-04-23 15:06:31','2018-04-23 15:06:31',NULL),(350,197,'ar','P1',NULL,'2018-04-23 15:06:31','2018-04-23 15:06:31',NULL),(351,198,'en','P2',NULL,'2018-04-23 15:06:31','2018-04-23 15:06:31',NULL),(352,198,'ar','P2',NULL,'2018-04-23 15:06:31','2018-04-23 15:06:31',NULL),(353,199,'en','Hdfhj',NULL,'2018-04-23 15:15:37','2018-04-23 15:15:37',NULL),(354,199,'ar','Hdfhj',NULL,'2018-04-23 15:15:37','2018-04-23 15:15:37',NULL),(355,200,'en','Hjdjo',NULL,'2018-04-23 15:15:37','2018-04-23 15:15:37',NULL),(356,200,'ar','Hjdjo',NULL,'2018-04-23 15:15:37','2018-04-23 15:15:37',NULL),(357,201,'en','Deress',NULL,'2018-05-09 15:43:26','2018-05-09 15:43:26',NULL),(358,201,'ar','Deress',NULL,'2018-05-09 15:43:26','2018-05-09 15:43:26',NULL),(359,202,'en','Sute',NULL,'2018-05-09 15:43:26','2018-05-09 15:43:26',NULL),(360,202,'ar','Sute',NULL,'2018-05-09 15:43:26','2018-05-09 15:43:26',NULL),(361,203,'en','Shoos',NULL,'2018-05-09 15:48:25','2018-05-09 15:48:25',NULL),(362,203,'ar','Shoos',NULL,'2018-05-09 15:48:25','2018-05-09 15:48:25',NULL),(363,204,'en','Shoose',NULL,'2018-05-09 15:48:25','2018-05-09 15:48:25',NULL),(364,204,'ar','Shoose',NULL,'2018-05-09 15:48:25','2018-05-09 15:48:25',NULL),(365,205,'en','Est Doloremque Et Laboris Qui Odio Architecto Proident','<p>QASHK</p>','2018-05-15 14:20:05','2018-05-15 14:20:05',NULL),(366,205,'ar','Commodo Eos Ut Voluptas Ut In Ducimus Possimus Esse Consequatur Animi Adipisci Nostrud Et','<p>ASDFGH</p>','2018-05-15 14:20:05','2018-05-15 14:20:05',NULL),(367,206,'en','Food',NULL,'2018-05-17 19:55:06','2018-05-17 19:55:06',NULL),(368,206,'ar','Food',NULL,'2018-05-17 19:55:06','2018-05-17 19:55:06',NULL),(369,207,'en','Iftar',NULL,'2018-05-17 19:55:06','2018-05-17 19:55:06',NULL),(370,207,'ar','Iftar',NULL,'2018-05-17 19:55:06','2018-05-17 19:55:06',NULL),(371,208,'en','Ramadan Mubarak',NULL,'2018-05-17 19:55:06','2018-05-17 19:55:06',NULL),(372,208,'ar','Ramadan Mubarak',NULL,'2018-05-17 19:55:06','2018-05-17 19:55:06',NULL),(373,209,'en','Ramadan Activity','<p>Hello</p>','2018-05-17 19:55:06','2018-05-20 05:51:26',NULL),(374,209,'ar','Ramadan Activity','<p>Hi</p>','2018-05-17 19:55:06','2018-05-20 05:51:26',NULL),(375,210,'en','En','<p>ss</p>','2018-05-20 21:36:44','2018-05-20 21:36:44',NULL),(376,210,'ar','Ar','<p>d</p>','2018-05-20 21:36:44','2018-05-20 21:36:44',NULL),(377,211,'en','Healty Food','<p>it&#39;s good.</p>','2018-05-22 18:09:52','2018-05-22 18:09:52',NULL),(378,211,'ar','طعام صحي','<p>انه جيد</p>','2018-05-22 18:09:52','2018-05-22 18:09:52',NULL),(379,212,'en','Gift',NULL,'2018-05-26 19:10:54','2018-05-26 19:10:54',NULL),(380,212,'ar','Gift',NULL,'2018-05-26 19:10:54','2018-05-26 19:10:54',NULL),(381,213,'en','Product 2',NULL,'2018-05-26 19:10:54','2018-05-26 19:10:54',NULL),(382,213,'ar','Product 2',NULL,'2018-05-26 19:10:54','2018-05-26 19:10:54',NULL),(383,214,'en','Clock','<p>sadfghjkl</p>','2018-06-04 18:53:14','2018-06-04 18:53:14',NULL),(384,214,'ar','ساعة','<p>aesdrfghjkl;</p>','2018-06-04 18:53:14','2018-06-04 18:53:14',NULL),(385,215,'en','Natural Products',NULL,'2018-06-27 13:49:29','2018-06-27 13:49:29',NULL),(386,215,'ar','Natural Products',NULL,'2018-06-27 13:49:29','2018-06-27 13:49:29',NULL),(387,216,'en','Women Products',NULL,'2018-06-27 13:49:32','2018-06-27 13:49:32',NULL),(388,216,'ar','Women Products',NULL,'2018-06-27 13:49:32','2018-06-27 13:49:32',NULL),(389,217,'en','Ghghh',NULL,'2018-06-27 14:12:02','2018-06-27 14:12:02',NULL),(390,217,'ar','Ghghh',NULL,'2018-06-27 14:12:02','2018-06-27 14:12:02',NULL),(391,218,'en','Ghghh',NULL,'2018-06-27 14:12:02','2018-06-27 14:12:02',NULL),(392,218,'ar','Ghghh',NULL,'2018-06-27 14:12:02','2018-06-27 14:12:02',NULL),(393,219,'en','Deema',NULL,'2018-07-31 14:15:17','2018-07-31 14:15:17',NULL),(394,219,'ar','Deema',NULL,'2018-07-31 14:15:17','2018-07-31 14:15:17',NULL),(395,220,'en','Deema2',NULL,'2018-07-31 14:15:17','2018-07-31 14:15:17',NULL),(396,220,'ar','Deema2',NULL,'2018-07-31 14:15:17','2018-07-31 14:15:17',NULL),(397,221,'en','Hjjggg',NULL,'2018-08-02 16:05:05','2018-08-02 16:05:05',NULL),(398,221,'ar','Hjjggg',NULL,'2018-08-02 16:05:05','2018-08-02 16:05:05',NULL),(399,222,'en','Gikjgg',NULL,'2018-08-02 16:05:05','2018-08-02 16:05:05',NULL),(400,222,'ar','Gikjgg',NULL,'2018-08-02 16:05:05','2018-08-02 16:05:05',NULL),(401,223,'en','Hdhsj',NULL,'2018-08-15 19:10:35','2018-08-15 19:10:35',NULL),(402,223,'ar','Hdhsj',NULL,'2018-08-15 19:10:35','2018-08-15 19:10:35',NULL),(403,224,'en','Bydjs',NULL,'2018-08-15 19:10:35','2018-08-15 19:10:35',NULL),(404,224,'ar','Bydjs',NULL,'2018-08-15 19:10:35','2018-08-15 19:10:35',NULL),(405,225,'en','Line',NULL,'2018-08-16 18:33:45','2018-08-16 18:33:45',NULL),(406,225,'ar','Line',NULL,'2018-08-16 18:33:45','2018-08-16 18:33:45',NULL),(407,226,'en','Hi',NULL,'2018-08-16 18:33:45','2018-08-16 18:33:45',NULL),(408,226,'ar','Hi',NULL,'2018-08-16 18:33:45','2018-08-16 18:33:45',NULL),(409,227,'en','Line Product',NULL,'2018-08-28 20:56:27','2018-08-28 20:56:27',NULL),(410,227,'ar','Line Product',NULL,'2018-08-28 20:56:27','2018-08-28 20:56:27',NULL),(411,228,'en','Line Designs',NULL,'2018-08-28 20:56:27','2018-08-28 20:56:27',NULL),(412,228,'ar','Line Designs',NULL,'2018-08-28 20:56:27','2018-08-28 20:56:27',NULL),(413,229,'en','Line Product',NULL,'2018-08-28 20:59:11','2018-08-28 20:59:11',NULL),(414,229,'ar','Line Product',NULL,'2018-08-28 20:59:11','2018-08-28 20:59:11',NULL),(415,230,'en','Line Designs',NULL,'2018-08-28 20:59:11','2018-08-28 20:59:11',NULL),(416,230,'ar','Line Designs',NULL,'2018-08-28 20:59:11','2018-08-28 20:59:11',NULL),(417,231,'en','Line’s Product',NULL,'2018-08-29 14:43:51','2018-08-29 14:43:51',NULL),(418,231,'ar','Line’s Product',NULL,'2018-08-29 14:43:51','2018-08-29 14:43:51',NULL),(419,232,'en','Line’s Product',NULL,'2018-08-29 14:43:51','2018-08-29 14:43:51',NULL),(420,232,'ar','Line’s Product',NULL,'2018-08-29 14:43:51','2018-08-29 14:43:51',NULL),(421,233,'en','Line’s Product',NULL,'2018-08-29 14:53:08','2018-08-29 14:53:08',NULL),(422,233,'ar','Line’s Product',NULL,'2018-08-29 14:53:08','2018-08-29 14:53:08',NULL),(423,234,'en','Line’s Product',NULL,'2018-08-29 14:53:08','2018-08-29 14:53:08',NULL),(424,234,'ar','Line’s Product',NULL,'2018-08-29 14:53:08','2018-08-29 14:53:08',NULL),(425,235,'en','Baha’a’s',NULL,'2018-08-30 17:05:12','2018-08-30 17:05:12',NULL),(426,235,'ar','Baha’a’s',NULL,'2018-08-30 17:05:12','2018-08-30 17:05:12',NULL),(427,236,'en','Haisjsjs',NULL,'2018-08-30 17:05:12','2018-08-30 17:05:12',NULL),(428,236,'ar','Haisjsjs',NULL,'2018-08-30 17:05:12','2018-08-30 17:05:12',NULL),(429,237,'en','Yuyy',NULL,'2018-09-01 17:09:00','2018-09-01 17:09:00',NULL),(430,237,'ar','Yuyy',NULL,'2018-09-01 17:09:00','2018-09-01 17:09:00',NULL),(431,238,'en','Yuyy',NULL,'2018-09-01 17:09:00','2018-09-01 17:09:00',NULL),(432,238,'ar','Yuyy',NULL,'2018-09-01 17:09:00','2018-09-01 17:09:00',NULL),(433,239,'en','Gjhhhg',NULL,'2018-09-02 14:16:20','2018-09-02 14:16:20',NULL),(434,239,'ar','Gjhhhg',NULL,'2018-09-02 14:16:20','2018-09-02 14:16:20',NULL),(435,240,'en','Fhggg',NULL,'2018-09-02 14:16:20','2018-09-02 14:16:20',NULL),(436,240,'ar','Fhggg',NULL,'2018-09-02 14:16:20','2018-09-02 14:16:20',NULL),(437,241,'en','Shush',NULL,'2018-09-02 14:18:29','2018-09-02 14:18:29',NULL),(438,241,'ar','Shush',NULL,'2018-09-02 14:18:29','2018-09-02 14:18:29',NULL),(439,242,'en','Guilherme',NULL,'2018-09-02 14:18:29','2018-09-02 14:18:29',NULL),(440,242,'ar','Guilherme',NULL,'2018-09-02 14:18:29','2018-09-02 14:18:29',NULL),(441,243,'en','Guanajuato',NULL,'2018-09-02 14:20:35','2018-09-02 14:20:35',NULL),(442,243,'ar','Guanajuato',NULL,'2018-09-02 14:20:35','2018-09-02 14:20:35',NULL),(443,244,'en','Gifthgf',NULL,'2018-09-02 14:20:35','2018-09-02 14:20:35',NULL),(444,244,'ar','Gifthgf',NULL,'2018-09-02 14:20:35','2018-09-02 14:20:35',NULL),(445,245,'en','Gwhajaj',NULL,'2018-09-02 14:33:10','2018-09-02 14:33:10',NULL),(446,245,'ar','Gwhajaj',NULL,'2018-09-02 14:33:10','2018-09-02 14:33:10',NULL),(447,246,'en','Gwuwuwuwj',NULL,'2018-09-02 14:33:10','2018-09-02 14:33:10',NULL),(448,246,'ar','Gwuwuwuwj',NULL,'2018-09-02 14:33:10','2018-09-02 14:33:10',NULL),(449,247,'en','New Fashion Items','<p>Hi</p>','2018-09-02 15:16:18','2018-09-02 15:16:18',NULL),(450,247,'ar','New Fashion Items','<p>Hi</p>','2018-09-02 15:16:18','2018-09-02 15:16:18',NULL),(451,248,'en','Error','<p>qawsjk</p>','2018-12-31 14:17:02','2018-12-31 14:17:02',NULL),(452,248,'ar','Cillum','<p>waesrgfh</p>','2018-12-31 14:17:02','2018-12-31 14:17:02',NULL),(453,249,'en','Wf','<p>SCz</p>','2018-12-31 14:17:56','2018-12-31 14:17:56',NULL),(454,249,'ar','Asfs','<p>SCDv</p>','2018-12-31 14:17:56','2018-12-31 14:17:56',NULL),(455,250,'en','Asfd','<p>dzvsbf</p>','2018-12-31 14:19:41','2018-12-31 14:19:41',NULL),(456,250,'ar','Asfdas','<p>asdvsf</p>','2018-12-31 14:19:41','2018-12-31 14:19:41',NULL),(457,251,'en','Safda','<p>asdsvf</p>','2018-12-31 14:20:14','2018-12-31 14:20:14',NULL),(458,251,'ar','Asfds','<p>advsf</p>','2018-12-31 14:20:14','2018-12-31 14:20:14',NULL),(459,252,'en','Qwdqew','<p>sadvf</p>','2018-12-31 14:21:06','2018-12-31 14:21:06',NULL),(460,252,'ar','Qwdq','<p>asdvf</p>','2018-12-31 14:21:06','2018-12-31 14:21:06',NULL),(461,253,'en','Awfe','<p>sdvs</p>','2018-12-31 14:21:57','2018-12-31 14:21:57',NULL),(462,253,'ar','Awfd','<p>awfsdvsd</p>','2018-12-31 14:21:57','2018-12-31 14:21:57',NULL),(463,254,'en','Asefds','adsv','2018-12-31 14:22:40','2018-12-31 14:22:40',NULL),(464,254,'ar','Asfds','asfdvsf','2018-12-31 14:22:40','2018-12-31 14:22:40',NULL),(465,255,'en','Wafewgr','<p>asfdvf</p>','2018-12-31 14:23:28','2018-12-31 14:23:28',NULL),(466,255,'ar','Awesgrbdtgf','<p>asfvdsbfr</p>','2018-12-31 14:23:28','2018-12-31 14:23:28',NULL),(467,256,'en','Adfs','<p>asdvf</p>','2018-12-31 14:23:56','2018-12-31 14:23:56',NULL),(468,256,'ar','Advsf D','<p>asdvf v</p>','2018-12-31 14:23:56','2018-12-31 14:23:56',NULL),(469,257,'en','Jacket','<p>newwwwwwwwwwww 3 jan</p>','2018-12-31 14:26:33','2019-01-03 16:10:14',NULL),(470,257,'ar','جاكيت','<p>وصف جديد</p>','2018-12-31 14:26:33','2019-01-03 16:10:14',NULL),(471,258,'en','Flower','<p>emad</p>','2019-01-09 20:49:42','2019-01-09 20:49:42',NULL),(472,258,'ar','أزهار','<p>عماد</p>','2019-01-09 20:49:42','2019-01-09 20:49:42',NULL),(473,259,'en','Striped Hoodie With Long Sleeves','<p>Striped Hoodie with Long Sleeves</p>','2019-02-04 16:25:38','2019-02-04 16:25:38',NULL),(474,259,'ar','Striped Hoodie With Long Sleeves','<p>Striped Hoodie with Long Sleeves</p>','2019-02-04 16:25:38','2019-02-04 16:25:38',NULL),(475,260,'en','Pocket Detail Jog Pants With Drawstring','<p>Pocket Detail Jog Pants with Drawstring</p>','2019-02-04 16:26:50','2019-02-04 16:26:50',NULL),(476,260,'ar','Pocket Detail Jog Pants With Drawstring','<p>Pocket Detail Jog Pants with Drawstring</p>','2019-02-04 16:26:50','2019-02-04 16:26:50',NULL),(477,261,'en','Metallic Detail Mules','<p><a class=\"scrollerProduct product-link\" href=\"https://www.maxfashion.com/ae/en/Shoes/Women/Casual-Shoes/MAX-Metallic-Detail-Mules/p/C572147BLACKDARK\">Metallic Detail Mules </a></p>','2019-02-04 16:49:59','2019-02-04 16:49:59',NULL),(478,261,'ar','Metallic Detail Mules','<p><a class=\"scrollerProduct product-link\" href=\"https://www.maxfashion.com/ae/en/Shoes/Women/Casual-Shoes/MAX-Metallic-Detail-Mules/p/C572147BLACKDARK\">Metallic Detail Mules </a></p>','2019-02-04 16:49:59','2019-02-04 16:49:59',NULL),(479,262,'en','Stitch Detail Handbag','<h1>Stitch Detail Handbag</h1>','2019-02-04 16:51:59','2019-02-04 16:51:59',NULL),(480,262,'ar','Stitch Detail Handbag','<h1>Stitch Detail Handbag</h1>','2019-02-04 16:51:59','2019-02-04 16:51:59',NULL),(481,263,'en','Batman Printed Zip Detail Sweatshirt','<p><a class=\"scrollerProduct product-link\" href=\"https://www.maxfashion.com/ae/en/Boys/Clothing/Tees-and-Shirts/MAX-Batman-Printed-Zip-Detail-Sweatshirt/p/SS19BMJ4TBBLACKDARK\">Batman Printed Zip Detail Sweatshirt</a></p>','2019-02-04 16:53:41','2019-02-04 16:53:41',NULL),(482,263,'ar','Batman Printed Zip Detail Sweatshirt','<p><a class=\"scrollerProduct product-link\" href=\"https://www.maxfashion.com/ae/en/Boys/Clothing/Tees-and-Shirts/MAX-Batman-Printed-Zip-Detail-Sweatshirt/p/SS19BMJ4TBBLACKDARK\">Batman Printed Zip Detail Sweatshirt</a></p>','2019-02-04 16:53:41','2019-02-04 16:53:41',NULL),(483,264,'en','Embroidered Applique Long Sleeves Jacket','<p>Embroidered Applique Long Sleeves Jacket</p>','2019-02-04 16:54:36','2019-02-07 16:18:54',NULL),(484,264,'ar','Embroidered Applique Long Sleeves Jacket','<p>Embroidered Applique Long Sleeves Jacket</p>','2019-02-04 16:54:36','2019-02-07 16:18:54',NULL),(485,265,'en','Product One',NULL,'2019-02-21 14:40:29','2019-02-21 14:40:29',NULL),(486,265,'ar','Product One',NULL,'2019-02-21 14:40:29','2019-02-21 14:40:29',NULL),(487,266,'en','Product Two',NULL,'2019-02-21 14:40:29','2019-02-21 14:40:29',NULL),(488,266,'ar','Product Two',NULL,'2019-02-21 14:40:29','2019-02-21 14:40:29',NULL),(489,267,'en','ترامب',NULL,'2019-02-28 07:02:01','2019-02-28 07:02:01',NULL),(490,267,'ar','ترامب',NULL,'2019-02-28 07:02:01','2019-02-28 07:02:01',NULL),(491,268,'en','ميلانو',NULL,'2019-02-28 07:02:01','2019-02-28 07:02:01',NULL),(492,268,'ar','ميلانو',NULL,'2019-02-28 07:02:01','2019-02-28 07:02:01',NULL),(493,269,'en','بي',NULL,'2019-02-28 07:21:11','2019-02-28 07:21:11',NULL),(494,269,'ar','بي',NULL,'2019-02-28 07:21:11','2019-02-28 07:21:11',NULL),(495,270,'en','تو',NULL,'2019-02-28 07:21:11','2019-02-28 07:21:11',NULL),(496,270,'ar','تو',NULL,'2019-02-28 07:21:11','2019-02-28 07:21:11',NULL),(497,271,'en','Kuwaiy','<p>test teest&nbsp;</p>','2019-02-28 07:33:01','2019-02-28 07:33:01',NULL),(498,271,'ar','الكويت','<p>تجربه فقط</p>','2019-02-28 07:33:01','2019-02-28 07:33:01',NULL),(499,272,'en','Ffjj','<p>weewrfwerwer</p>','2019-02-28 12:19:13','2019-02-28 12:19:13',NULL),(500,272,'ar','الحين','<p>reewrwerewr</p>','2019-02-28 12:19:13','2019-02-28 12:19:13',NULL),(501,273,'en','Ffjj','<p>weewrfwerwer</p>','2019-02-28 12:19:40','2019-02-28 12:19:40',NULL),(502,273,'ar','الحين','<p>reewrwerewr</p>','2019-02-28 12:19:40','2019-02-28 12:19:40',NULL),(503,274,'en','Ffjj','<p>weewrfwerwer</p>','2019-02-28 12:26:17','2019-02-28 12:26:17',NULL),(504,274,'ar','الحين','<p>reewrwerewr</p>','2019-02-28 12:26:17','2019-02-28 12:26:17',NULL),(505,275,'en','Ffjj','<p>weewrfwerwer</p>','2019-02-28 12:27:04','2019-02-28 12:27:04',NULL),(506,275,'ar','الحين','<p>reewrwerewr</p>','2019-02-28 12:27:04','2019-02-28 12:27:04',NULL),(507,276,'en','Ffjj','<p>weewrfwerwer</p>','2019-02-28 12:27:49','2019-02-28 12:27:49',NULL),(508,276,'ar','الحين','<p>reewrwerewr</p>','2019-02-28 12:27:49','2019-02-28 12:27:49',NULL),(509,277,'en','Ffjj','<p>weewrfwerwer</p>','2019-02-28 12:28:36','2019-02-28 12:28:36',NULL),(510,277,'ar','الحين','<p>reewrwerewr</p>','2019-02-28 12:28:36','2019-02-28 12:28:36',NULL),(511,278,'en','Ffjj','<p>weewrfwerwer</p>','2019-02-28 12:28:54','2019-02-28 12:28:54',NULL),(512,278,'ar','الحين','<p>reewrwerewr</p>','2019-02-28 12:28:54','2019-02-28 12:28:54',NULL),(513,279,'en','Ffjj','<p>weewrfwerwer</p>','2019-02-28 12:29:33','2019-02-28 12:29:33',NULL),(514,279,'ar','الحين','<p>reewrwerewr</p>','2019-02-28 12:29:33','2019-02-28 12:29:33',NULL),(515,280,'en','Ffjj','<p>weewrfwerwer</p>','2019-02-28 12:30:23','2019-02-28 12:30:23',NULL),(516,280,'ar','الحين','<p>reewrwerewr</p>','2019-02-28 12:30:23','2019-02-28 12:30:23',NULL),(517,281,'en','عطر',NULL,'2019-02-28 12:40:27','2019-02-28 12:40:27',NULL),(518,281,'ar','عطر',NULL,'2019-02-28 12:40:27','2019-02-28 12:40:27',NULL),(519,282,'en','جارت',NULL,'2019-02-28 12:40:27','2019-02-28 12:40:27',NULL),(520,282,'ar','جارت',NULL,'2019-02-28 12:40:27','2019-02-28 12:40:27',NULL),(521,283,'en','New Product','<p>english details</p>','2019-03-03 20:23:51','2019-03-03 20:23:51',NULL),(522,283,'ar','منتج جديد','<p>arabic details</p>','2019-03-03 20:23:51','2019-03-03 20:23:51',NULL),(523,284,'en','New Product','<p>english desc.</p>','2019-03-03 20:26:12','2019-03-03 20:26:12',NULL),(524,284,'ar','منتج جديد','<p>وصف عربي</p>','2019-03-03 20:26:12','2019-03-03 20:26:12',NULL),(525,285,'en','New Product','<p>english desc.</p>','2019-03-03 20:30:48','2019-03-03 20:30:48',NULL),(526,285,'ar','منتج جديد','<p>وصف عربي</p>','2019-03-03 20:30:48','2019-03-03 20:30:48',NULL),(527,286,'en','New Product','<p>english desc.</p>','2019-03-03 20:34:36','2019-03-03 20:34:36',NULL),(528,286,'ar','منتج جديد','<p>وصف عربي</p>','2019-03-03 20:34:36','2019-03-03 20:34:36',NULL),(529,287,'en','New Product','<p>en</p>','2019-03-03 20:36:11','2019-03-03 20:36:11',NULL),(530,287,'ar','منتج جديد','<p>ar</p>','2019-03-03 20:36:11','2019-03-03 20:36:11',NULL),(531,288,'en','New Product','<p>en</p>','2019-03-03 20:39:54','2019-03-03 20:39:54',NULL),(532,288,'ar','منتج جديد','<p>ar</p>','2019-03-03 20:39:54','2019-03-03 20:39:54',NULL),(533,289,'en','New Product','<p>en</p>','2019-03-03 20:41:21','2019-03-03 20:41:21',NULL),(534,289,'ar','منتج جديد','<p>ar</p>','2019-03-03 20:41:21','2019-03-03 20:41:21',NULL),(535,290,'en','Nayomi Product','<p>en</p>','2019-03-03 22:40:07','2019-03-03 22:40:07',NULL),(536,290,'ar','منتج جديد','<p>ar</p>','2019-03-03 22:40:07','2019-03-03 22:40:07',NULL),(537,291,'en','رقيه',NULL,'2019-03-05 08:41:35','2019-03-05 08:41:35',NULL),(538,291,'ar','رقيه',NULL,'2019-03-05 08:41:35','2019-03-05 08:41:35',NULL),(539,292,'en','Bloza','<p>asasasa</p>','2019-03-05 08:41:35','2019-03-05 08:51:31',NULL),(540,292,'ar','بلوزه','<p>سنيرسنرينسي</p>','2019-03-05 08:41:35','2019-03-05 08:51:31',NULL),(541,293,'en','Test','<p>test&nbsp;test&nbsp;test&nbsp;test</p>','2019-03-05 18:57:08','2019-03-05 18:58:38',NULL),(542,293,'ar','Test','<p>test&nbsp;test&nbsp;test&nbsp;test</p>','2019-03-05 18:57:08','2019-03-05 18:58:38',NULL),(543,294,'en','Camaro',NULL,'2019-03-22 21:38:09','2019-03-22 21:38:09',NULL),(544,294,'ar','Camaro',NULL,'2019-03-22 21:38:09','2019-03-22 21:38:09',NULL),(545,295,'en','Camaro Ss',NULL,'2019-03-22 21:38:09','2019-03-22 21:38:09',NULL),(546,295,'ar','Camaro Ss',NULL,'2019-03-22 21:38:09','2019-03-22 21:38:09',NULL),(547,296,'en','Sweet',NULL,'2019-03-22 23:57:22','2019-03-22 23:57:22',NULL),(548,296,'ar','Sweet',NULL,'2019-03-22 23:57:22','2019-03-22 23:57:22',NULL),(549,297,'en','Sweet',NULL,'2019-03-22 23:57:22','2019-03-22 23:57:22',NULL),(550,297,'ar','Sweet',NULL,'2019-03-22 23:57:22','2019-03-22 23:57:22',NULL),(551,298,'en','طبخ البيت',NULL,'2019-03-23 00:22:28','2019-03-23 00:22:28',NULL),(552,298,'ar','طبخ البيت',NULL,'2019-03-23 00:22:28','2019-03-23 00:22:28',NULL),(553,299,'en','طبخ البيت',NULL,'2019-03-23 00:22:28','2019-03-23 00:22:28',NULL),(554,299,'ar','طبخ البيت',NULL,'2019-03-23 00:22:28','2019-03-23 00:22:28',NULL),(555,300,'en','حمسه دجاج  بالخلطه خاصه','حمسه دجاج بالخلطه خاصه ودجاج المستخدم المتحده  عباره حامض حلو ?','2019-03-24 22:48:58','2019-03-24 22:48:58',NULL),(556,300,'ar','حمسه دجاج بالخلطه خاصه','حمسه دجاج بالخلطه خاصه ودجاج المستخدم المتحده  عباره حامض حلو ?','2019-03-24 22:48:58','2019-03-24 22:48:58',NULL),(557,301,'en','حمسه حلوم بالزعتر','حمسه حلوم بالزعتر لذيذه','2019-03-24 23:03:37','2019-03-24 23:03:37',NULL),(558,301,'ar','حمسه حلوم بالزعتر','حمسه حلوم لذيذه','2019-03-24 23:03:37','2019-03-24 23:03:37',NULL),(559,302,'en','حمسه حلوم بالزعتر','حمسه حلوم بالزعتر لذيذه','2019-03-24 23:03:39','2019-03-24 23:03:39',NULL),(560,302,'ar','حمسه حلوم بالزعتر','حمسه حلوم لذيذه','2019-03-24 23:03:39','2019-03-24 23:03:39',NULL),(561,303,'en','حمسه بطاط باذنجان','حمسه بطاط باذنجان  بالمكسرات','2019-03-24 23:07:46','2019-03-24 23:07:46',NULL),(562,303,'ar','حمسه بطاط باذنجان','حمسه بطاط باذنجان  بالمكسرات','2019-03-24 23:07:46','2019-03-24 23:07:46',NULL),(563,304,'en','حمسه بطاط باذنجان','حمسه بطاط باذنجان  بالمكسرات','2019-03-24 23:17:23','2019-03-24 23:17:23',NULL),(564,304,'ar','حمسه بطاط باذنجان','حمسه بطاط باذنجان  بالمكسرات','2019-03-24 23:17:23','2019-03-24 23:17:23',NULL),(565,305,'en','حمسه بيض بالخلطه الخاصه','حمسه بيض بالخلطه الخاصه','2019-03-24 23:42:13','2019-03-24 23:42:13',NULL),(566,305,'ar','حمسه بيض بالخلطه الخاصه','حمسه بيض بالخلطه الخاصه','2019-03-24 23:42:13','2019-03-24 23:42:13',NULL),(567,306,'en','حمسه الزهره بالذره','حمسه لذيذه بالزهره وذره','2019-03-24 23:56:15','2019-03-24 23:56:15',NULL),(568,306,'ar','حمسه الزهره بالذره','حمسه لذيذه بالزهره وذره','2019-03-24 23:56:15','2019-03-24 23:56:15',NULL),(569,307,'en','رول بيض محشي','رول بيض محشي بالجبان وزعتر والجزر','2019-03-25 00:14:23','2019-03-25 00:14:23',NULL),(570,307,'ar','رول بيض محشي','رول بيض محشي بالجبان وزعتر والجزر','2019-03-25 00:14:23','2019-03-25 00:14:23',NULL),(571,308,'en','زهره مقليه مع صوص خاص','زهره مقليه بصوص خاص','2019-03-25 00:20:19','2019-03-25 00:20:19',NULL),(572,308,'ar','زهره مقليه مع صوص خاص','زهره مقليه مع صوص خاص','2019-03-25 00:20:19','2019-03-25 00:20:19',NULL),(573,309,'en','فول عدني','فول عدني بالخلطة الخاصة','2019-03-25 06:37:41','2019-03-25 06:37:41',NULL),(574,309,'ar','فول عدني','فول عدني بالخلطة الخاصة','2019-03-25 06:37:41','2019-03-25 06:37:41',NULL),(575,310,'en','متبل بالروب','متبل بالطحينية والروب لذيذه','2019-03-25 06:40:28','2019-03-25 06:40:28',NULL),(576,310,'ar','متبل بالروب','متبل بالطحينية والروب لذيذه','2019-03-25 06:40:28','2019-03-25 06:40:28',NULL),(577,311,'en','حمص بالشمندر','حمص بالشمندر','2019-03-25 06:44:02','2019-03-25 06:44:02',NULL),(578,311,'ar','حمص بالشمندر','حمص بالشمندر','2019-03-25 06:44:02','2019-03-25 06:44:02',NULL),(579,312,'en','حمص بالكرنب','حمص بالكرنب','2019-03-25 06:48:28','2019-03-25 06:48:28',NULL),(580,312,'ar','حمص بالكرنب','حمص بالكرنب','2019-03-25 06:48:28','2019-03-25 06:48:28',NULL),(581,313,'en','سلطه الطبقات مع صوص الجزر','سلطه الجزر مع صوصه الجزر','2019-03-25 06:54:46','2019-03-25 06:54:46',NULL),(582,313,'ar','سلطه الطبقات مع صوص الجزر','سلطه الجزر مع صوصه الجزر','2019-03-25 06:54:46','2019-03-25 06:54:46',NULL),(583,314,'en','سلطه الشمندر وصوص الشمندر','سلطه الشمندر وصوص الشمندر','2019-03-25 07:03:38','2019-03-25 07:03:38',NULL),(584,314,'ar','سلطه الشمندر وصوص الشمندر','سلطه الشمندر وصوص الشمندر','2019-03-25 07:03:38','2019-03-25 07:03:38',NULL),(585,315,'en','بوكس صفير  ريوق أو عشاء أو نفاس','بوكس صغير عباره عن ٥ اصناف \r\n٣ حمسات ٢ مقبلات ١سلطه','2019-03-25 07:08:59','2019-03-25 07:08:59',NULL),(586,315,'ar','بوكس  صغير ريوق أو عشاء أو نفاس','بوكس صغير عباره عن ٥ اصناف \r\n٣ حمسات ٢ مقبلات ١سلطه','2019-03-25 07:08:59','2019-03-25 07:08:59',NULL),(587,316,'en','بوكس صفير  ريوق أو عشاء أو نفاس','بوكس صغير عباره عن ٥ اصناف \r\n٣ حمسات ٢ مقبلات ١سلطه','2019-03-25 07:12:44','2019-03-25 07:12:44',NULL),(588,316,'ar','بوكس  صغير ريوق أو عشاء أو نفاس','بوكس صغير عباره عن ٥ اصناف \r\n٣ حمسات ٢ مقبلات ١سلطه','2019-03-25 07:12:44','2019-03-25 07:12:44',NULL),(589,317,'en','بوكس الكبير ريوقات أو عشاء','عباره بوكس كبير \r\nعباره عن ٩ اصناف   و٢ سلطه \r\n٦ حمسات و٣ مقبلات و ٢سلطه','2019-03-25 07:16:50','2019-03-25 07:16:50',NULL),(590,317,'ar','بوكس الكبير ريوقات أو عشاء','عباره بوكس كبير \r\nعباره عن ٩ اصناف   و٢ سلطه \r\n٦ حمسات و٣ مقبلات و ٢سلطه','2019-03-25 07:16:50','2019-03-25 07:16:50',NULL),(591,318,'en','بوكس الوسط عباره عن ريوق او عشاء','<p>بوكس الوسط يكفي ٨ أشخاص عباره عن ٦اصناف و١سلط</p>','2019-03-25 07:25:49','2019-03-25 14:29:38',NULL),(592,318,'ar','بوكس الوسط عباره عن ريوق او عشاء','<p>بوكس الوسط يكفي ٨ أشخاص عباره عن ٦اصناف و١سلط</p>','2019-03-25 07:25:49','2019-03-25 14:29:38',NULL),(593,319,'en','بوكس الصغير عباره عن ريوق او عشاء','بوكس الصغير عباره عن ٥ اصناف و١ سلطه','2019-03-25 07:29:24','2019-03-25 07:29:24',NULL),(594,319,'ar','بوكس الصغير عباره عن ريوق او عشاء','بوكس الصغير عباره عن ٥ اصناف و١ سلطه','2019-03-25 07:29:24','2019-03-25 07:29:24',NULL),(595,320,'en','ماعون مفروكه بالعسل والمكسرات','مفروكه بالتمر اضافه صوص عليها حسب الرغبه عسل بالمكسرات','2019-03-26 02:06:22','2019-03-26 02:06:22',NULL),(596,320,'ar','ماعون مفروكه بالعسل والمكسرات','مفروكه بالتمر اضافه صوص عليها حسب الرغبه عسل بالمكسرات','2019-03-26 02:06:22','2019-03-26 02:06:22',NULL),(597,321,'en','ماعون مصابيب','مصابيب على حسب الاختيار  مصابيب ساده ومصابيب بالشمندر  والحشوات مختلفه','2019-03-26 02:10:19','2019-03-26 02:10:19',NULL),(598,321,'ar','ماعون مصابيب','مصابيب على حسب الاختيار  مصابيب ساده ومصابيب بالشمندر  والحشوات مختلفه','2019-03-26 02:10:19','2019-03-26 02:10:19',NULL),(599,322,'en','ماعون بلاليط','ماعون  بلاليط  ع حسب طلب بيض أو ساده أو عسل ومكسرات','2019-03-26 02:13:10','2019-03-26 02:13:10',NULL),(600,322,'ar','ماعون بلاليط','ماعون  بلاليط  ع حسب طلب بيض أو ساده أو عسل ومكسرات','2019-03-26 02:13:10','2019-03-26 02:13:10',NULL),(601,323,'en','عصيده بالتمر أو بالمكسرات','عصيده بالتمر أو بالمكسرات  ع حسب طلب إضافه نكهات','2019-03-26 02:26:58','2019-03-26 02:26:58',NULL),(602,323,'ar','عصيده بالتمر أو بالمكسرات','عصيده بالتمر أو بالمكسرات  ع حسب طلب إضافه نكهات','2019-03-26 02:26:58','2019-03-26 02:26:58',NULL),(603,324,'en','بوكس نفاس','اصناف نفاس  عصيده ومفروكه و بلاليط ومصابيب  مع مطاره كرك والمطاره مجاني','2019-03-26 02:30:51','2019-03-26 02:30:51',NULL),(604,324,'ar','بوكس نفاس','اصناف نفاس  عصيده ومفروكه  و بلاليط ومصابيب  مع مطاره كرك والمطاره مجاني','2019-03-26 02:30:51','2019-03-26 02:30:51',NULL),(605,325,'en','كيكه زعفران مع صوص زعفران','كيكه زعفران مع صوص زعفران لذيذ ه','2019-03-26 02:41:23','2019-03-26 02:41:23',NULL),(606,325,'ar','كيكه زعفران مع صوص زعفران','كيكه عفران مع صوص زعفران لذيذ ه','2019-03-26 02:41:23','2019-03-26 02:41:23',NULL),(607,326,'en','كيكه زعفران مع صوص زعفران','كيكه زعفران مع صوص زعفران لذيذ ه','2019-03-26 02:45:20','2019-03-26 02:45:20',NULL),(608,326,'ar','كيكه زعفران مع صوص زعفران','كيكه زعفران مع صوص زعفران لذيذ ه','2019-03-26 02:45:20','2019-03-26 02:45:20',NULL),(609,327,'en','توب صيفي✨',NULL,'2019-03-27 05:09:51','2019-03-27 05:09:51',NULL),(610,327,'ar','توب صيفي✨',NULL,'2019-03-27 05:09:51','2019-03-27 05:09:51',NULL),(611,328,'en','قميص مناسبات✨',NULL,'2019-03-27 05:09:51','2019-03-27 05:09:51',NULL),(612,328,'ar','قميص مناسبات✨',NULL,'2019-03-27 05:09:51','2019-03-27 05:09:51',NULL),(613,329,'en','دراعة استقبال',NULL,'2019-04-02 06:36:37','2019-04-02 06:36:37',NULL),(614,329,'ar','دراعة استقبال',NULL,'2019-04-02 06:36:37','2019-04-02 06:36:37',NULL),(615,330,'en','قميص نوم',NULL,'2019-04-02 06:36:37','2019-04-02 06:36:37',NULL),(616,330,'ar','قميص نوم',NULL,'2019-04-02 06:36:37','2019-04-02 06:36:37',NULL),(617,331,'en','Dress','<p>dress for parties</p>','2019-04-02 06:59:42','2019-04-02 06:59:42',NULL),(618,331,'ar','فستان سهره','<p>فسان مناسب للاستقبال و السهرات</p>','2019-04-02 06:59:42','2019-04-02 06:59:42',NULL),(619,332,'en','Beauty Dress','<p>test</p>','2019-04-10 18:02:48','2019-04-10 18:02:48',NULL),(620,332,'ar','فستان جميل','<p>test</p>','2019-04-10 18:02:48','2019-04-10 18:02:48',NULL),(621,333,'en','Beauty Dress','<p>test</p>','2019-04-10 18:12:43','2019-04-10 18:12:43',NULL),(622,333,'ar','فستان جميل','<p>test</p>','2019-04-10 18:12:43','2019-04-10 18:12:43',NULL),(623,334,'en','New Style','<p>test</p>','2019-04-10 22:35:37','2019-04-10 22:35:37',NULL),(624,334,'ar','تصميم جديد','<p>test</p>','2019-04-10 22:35:37','2019-04-10 22:35:37',NULL),(625,335,'en','New Style','<p>test</p>','2019-04-10 22:37:47','2019-04-10 22:37:47',NULL),(626,335,'ar','تصميم جديد','<p>test</p>','2019-04-10 22:37:47','2019-04-10 22:37:47',NULL),(627,336,'en','T Shirt Style','<p>tshirt</p>','2019-04-10 23:47:15','2019-04-10 23:47:15',NULL),(628,336,'ar','قميص جديد','<p>tshirt</p>','2019-04-10 23:47:15','2019-04-10 23:47:15',NULL),(629,337,'en','Ufuf',NULL,'2019-04-11 23:06:50','2019-04-11 23:06:50',NULL),(630,337,'ar','Ufuf',NULL,'2019-04-11 23:06:50','2019-04-11 23:06:50',NULL),(631,338,'en','Uguguf',NULL,'2019-04-11 23:06:50','2019-04-11 23:06:50',NULL),(632,338,'ar','Uguguf',NULL,'2019-04-11 23:06:50','2019-04-11 23:06:50',NULL),(633,339,'en','Jdjjd',NULL,'2019-04-15 23:46:23','2019-04-15 23:46:23',NULL),(634,339,'ar','Jdjjd',NULL,'2019-04-15 23:46:23','2019-04-15 23:46:23',NULL),(635,340,'en','Jdjsjs',NULL,'2019-04-15 23:46:23','2019-04-15 23:46:23',NULL),(636,340,'ar','Jdjsjs',NULL,'2019-04-15 23:46:23','2019-04-15 23:46:23',NULL),(637,341,'en','Vgg',NULL,'2019-04-16 17:08:14','2019-04-16 17:08:14',NULL),(638,341,'ar','Vgg',NULL,'2019-04-16 17:08:14','2019-04-16 17:08:14',NULL),(639,342,'en','T',NULL,'2019-04-16 17:08:14','2019-04-16 17:08:14',NULL),(640,342,'ar','T',NULL,'2019-04-16 17:08:14','2019-04-16 17:08:14',NULL),(641,343,'en','Accessories','<p>تجربه</p>','2019-05-05 19:29:30','2019-05-05 19:29:30',NULL),(642,343,'ar','اكسسوارات','<p>تجربه</p>','2019-05-05 19:29:30','2019-05-05 19:29:30',NULL),(643,344,'en','Accessories','<p>test</p>','2019-05-05 19:32:06','2019-05-05 19:32:06',NULL),(644,344,'ar','اكسسوارات','<p>test</p>','2019-05-05 19:32:06','2019-05-05 19:32:06',NULL),(645,345,'en','Accessories','<p>ttt</p>','2019-05-05 19:38:56','2019-05-05 19:38:56',NULL),(646,345,'ar','اكسسوارات','<p>ttt</p>','2019-05-05 19:38:56','2019-05-05 19:38:56',NULL),(647,346,'en','Accessories','<p>yyy</p>','2019-05-05 19:40:10','2019-05-05 19:40:10',NULL),(648,346,'ar','اكسسوارات','<p>yyy</p>','2019-05-05 19:40:10','2019-05-05 19:40:10',NULL),(649,347,'en','Hxhxh',NULL,'2019-05-08 23:16:57','2019-05-08 23:16:57',NULL),(650,347,'ar','Hxhxh',NULL,'2019-05-08 23:16:57','2019-05-08 23:16:57',NULL),(651,348,'en','Hxgx',NULL,'2019-05-08 23:16:57','2019-05-08 23:16:57',NULL),(652,348,'ar','Hxgx',NULL,'2019-05-08 23:16:57','2019-05-08 23:16:57',NULL),(653,349,'en','Electronic-Catg (emad)','<p>Electronic-Catg (emad)</p>','2019-05-16 19:29:39','2019-05-16 19:29:39',NULL),(654,349,'ar','Electronic-Catg (emad)','<p>Electronic-Catg (emad)</p>','2019-05-16 19:29:39','2019-05-16 19:29:39',NULL);
/*!40000 ALTER TABLE `product_translations` ENABLE KEYS */;
UNLOCK TABLES;

--
-- Table structure for table `products`
--

DROP TABLE IF EXISTS `products`;
/*!40101 SET @saved_cs_client     = @@character_set_client */;
/*!40101 SET character_set_client = utf8 */;
CREATE TABLE `products` (
  `id` int(11) NOT NULL AUTO_INCREMENT,
  `expo_id` int(11) NOT NULL,
  `cover_image` varchar(300) COLLATE utf8_unicode_ci DEFAULT NULL,
  `quantity` int(11) NOT NULL DEFAULT 0,
  `size_id` int(11) NOT NULL DEFAULT 1,
  `clothing_id` int(11) NOT NULL DEFAULT 1,
  `material_id` int(11) NOT NULL DEFAULT 1,
  `color` varchar(300) COLLATE utf8_unicode_ci DEFAULT NULL,
  `type_id` int(11) NOT NULL,
  `publish_type_id` int(11) DEFAULT NULL,
  `highlight` int(11) NOT NULL DEFAULT 0,
  `old_price` float DEFAULT 0,
  `current_price` float NOT NULL DEFAULT 1,
  `discount_percentage` float DEFAULT 0,
  `is_sale` tinyint(1) NOT NULL DEFAULT 0,
  `currency_id` int(11) NOT NULL DEFAULT 1,
  `category_id` int(11) NOT NULL DEFAULT 1,
  `views` int(11) NOT NULL DEFAULT 0,
  `is_fav` tinyint(1) NOT NULL DEFAULT 0,
  `createdBy` int(11) NOT NULL,
  `status` enum('active','not_active') COLLATE utf8_unicode_ci NOT NULL DEFAULT 'active',
  `order_by` int(11) DEFAULT NULL,
  `created_at` timestamp NOT NULL DEFAULT current_timestamp(),
  `updated_at` timestamp NULL DEFAULT NULL,
  `deleted_at` timestamp NULL DEFAULT NULL,
  PRIMARY KEY (`id`)
) ENGINE=InnoDB AUTO_INCREMENT=350 DEFAULT CHARSET=utf8 COLLATE=utf8_unicode_ci;
/*!40101 SET character_set_client = @saved_cs_client */;

--
-- Dumping data for table `products`
--

LOCK TABLES `products` WRITE;
/*!40000 ALTER TABLE `products` DISABLE KEYS */;
INSERT INTO `products` VALUES (26,17,'uploads/images/products/55wK2IuWmphz2niIkROk5H6XJiJeEElIfnKOoLRw.jpeg',0,2,2,1,'gfdgdf',1,1,1,11.3,435345,0,0,1,1,1,1,45,'active',3,'2018-03-13 05:47:47','2018-04-05 17:07:46','2018-04-05 17:07:46'),(27,17,'uploads/images/products/UOdZi0nI9Z3vzcQ86oZVxcc7nnBUJS2a5P7aPhjN.jpeg',0,1,3,1,'44444',2,1,1,0,33333,0,0,1,1,2,0,45,'active',4,'2018-03-13 06:01:05','2018-04-05 17:07:46','2018-04-05 17:07:46'),(28,17,'uploads/images/products/PZxnAz2urpP88UJSRXnGYZfbXL0RtAmQIl1WCd0s.jpeg',222,2,2,2,'ttttt',2,1,1,0,4444,0,0,1,1,3,0,45,'active',4,'2018-03-13 08:29:29','2018-04-05 17:07:46','2018-04-05 17:07:46'),(29,17,'uploads/images/products/PZxnAz2urpP88UJSRXnGYZfbXL0RtAmQIl1WCd0s.jpeg',0,1,1,1,NULL,1,1,0,0,1,0,0,1,1,0,0,45,'active',2,'2018-03-19 19:27:50','2018-04-05 17:08:08','2018-04-05 17:08:08'),(30,17,'uploads/images/products/PZxnAz2urpP88UJSRXnGYZfbXL0RtAmQIl1WCd0s.jpeg',0,1,1,1,NULL,1,1,0,0,1,0,0,1,1,0,0,45,'active',1,'2018-03-19 19:27:50','2018-04-05 17:08:08','2018-04-05 17:08:08'),(31,26,'uploads/images/products/PZxnAz2urpP88UJSRXnGYZfbXL0RtAmQIl1WCd0s.jpeg',0,1,1,1,NULL,1,1,0,0,1,0,0,1,1,0,0,50,'active',0,'2018-03-21 17:45:17','2018-04-05 17:08:08','2018-04-05 17:08:08'),(32,26,'uploads/images/products/PZxnAz2urpP88UJSRXnGYZfbXL0RtAmQIl1WCd0s.jpeg',0,1,1,1,NULL,1,1,0,0,1,0,0,1,1,0,0,50,'active',1,'2018-03-21 17:45:17','2018-04-05 17:08:08','2018-04-05 17:08:08'),(33,30,'uploads/images/products/PZxnAz2urpP88UJSRXnGYZfbXL0RtAmQIl1WCd0s.jpeg',0,1,1,1,NULL,1,1,0,0,1,0,0,1,1,0,0,54,'active',1,'2018-03-21 18:04:49','2018-04-05 17:08:08','2018-04-05 17:08:08'),(34,30,'uploads/images/products/PZxnAz2urpP88UJSRXnGYZfbXL0RtAmQIl1WCd0s.jpeg',0,1,1,1,NULL,1,1,0,0,1,0,0,1,1,0,0,54,'active',1,'2018-03-21 18:04:49','2018-04-05 17:08:08','2018-04-05 17:08:08'),(35,31,'uploads/images/products/PZxnAz2urpP88UJSRXnGYZfbXL0RtAmQIl1WCd0s.jpeg',0,1,1,1,NULL,2,NULL,0,0,1,0,0,1,1,0,0,55,'active',NULL,'2018-03-21 19:19:52','2018-04-05 17:08:08','2018-04-05 17:08:08'),(36,31,'uploads/images/products/PZxnAz2urpP88UJSRXnGYZfbXL0RtAmQIl1WCd0s.jpeg',0,1,1,1,NULL,2,NULL,0,0,1,0,0,1,1,0,1,55,'active',NULL,'2018-03-21 19:19:52','2018-04-05 17:08:28','2018-04-05 17:08:28'),(37,32,'uploads/images/product/ucteJF1J0hkfeWp1gJk0aVDYZMWfc1chgUlKc2pQ.jpeg',0,1,1,1,NULL,1,NULL,0,0,1,0,0,1,1,0,0,56,'active',NULL,'2018-03-22 14:13:07','2018-04-05 17:08:28','2018-04-05 17:08:28'),(38,32,'uploads/images/product/ucteJF1J0hkfeWp1gJk0aVDYZMWfc1chgUlKc2pQ.jpeg',0,1,1,1,NULL,1,NULL,0,0,1,0,0,1,1,0,0,56,'active',NULL,'2018-03-22 14:13:07','2018-04-05 17:08:28','2018-04-05 17:08:28'),(39,33,'uploads/images/product/ucteJF1J0hkfeWp1gJk0aVDYZMWfc1chgUlKc2pQ.jpeg',0,1,1,1,NULL,1,NULL,0,0,1,0,0,1,1,0,0,57,'active',NULL,'2018-03-22 14:17:14','2018-04-05 17:08:28','2018-04-05 17:08:28'),(40,33,'uploads/images/product/ucteJF1J0hkfeWp1gJk0aVDYZMWfc1chgUlKc2pQ.jpeg',0,1,1,1,NULL,1,NULL,0,0,1,0,0,1,1,0,0,57,'active',NULL,'2018-03-22 14:17:14','2018-04-05 17:08:28','2018-04-05 17:08:28'),(41,34,'uploads/images/product/seRmxdufiKr0jqPRQmgu4XqPFOOveAOoUCTI6E3k.jpeg',0,1,1,1,NULL,1,NULL,0,0,1,0,0,1,1,0,1,58,'active',NULL,'2018-03-22 14:28:45','2018-04-05 17:08:28','2018-04-05 17:08:28'),(42,34,'uploads/images/product/ucteJF1J0hkfeWp1gJk0aVDYZMWfc1chgUlKc2pQ.jpeg',0,1,1,1,NULL,1,NULL,0,0,1,0,0,1,1,0,1,58,'active',NULL,'2018-03-22 14:28:45','2018-04-05 17:08:28','2018-04-05 17:08:28'),(43,35,'uploads/images/product/Kxk0c8IdLOUmPrCo2ad1AWDO3VM0dWSAnb7AquVD.jpeg',0,1,1,1,NULL,2,NULL,0,0,1,0,0,1,1,0,1,15,'active',NULL,'2018-03-22 14:46:16','2018-04-05 17:11:17','2018-04-05 17:11:17'),(44,35,'uploads/images/product/6BM4dW6gOiy3nvxi6DRa6xd75w8WPfTprROijXfR.jpeg',0,1,1,1,NULL,2,NULL,0,0,1,0,0,1,1,0,0,59,'active',NULL,'2018-03-22 14:46:16','2018-04-05 17:11:17','2018-04-05 17:11:17'),(45,36,'uploads/images/product/9N4et95BZkxWE2KpRpzx6CzD1vSXPOTDCcCCUbmE.jpeg',0,1,1,1,NULL,2,NULL,0,0,1,0,0,1,1,0,0,60,'active',NULL,'2018-03-22 17:21:26','2018-04-05 17:11:17','2018-04-05 17:11:17'),(46,36,'uploads/images/product/fNpRzIZHJLSC8hp669SAmiwWDiO27XOCk22LIECo.jpeg',0,1,1,1,NULL,2,NULL,0,0,1,0,0,1,1,0,0,60,'active',NULL,'2018-03-22 17:21:26','2018-04-05 17:11:17','2018-04-05 17:11:17'),(47,37,'uploads/images/product/5VfJZxdV5J2xEl7Jy9HLlldx9wTy09GcPSp7uUWZ.jpeg',0,1,1,1,NULL,1,NULL,0,0,1,0,0,1,1,0,0,61,'active',NULL,'2018-03-22 17:40:57','2018-04-05 17:11:17','2018-04-05 17:11:17'),(48,37,'uploads/images/product/hILVOa4uVxtsb9MLV31otz0qIhe0TVC1oaajfaA2.jpeg',0,1,1,1,NULL,1,NULL,0,0,1,0,0,1,1,0,0,61,'active',NULL,'2018-03-22 17:40:57','2018-04-05 17:11:17','2018-04-05 17:11:17'),(49,40,'uploads/images/product/auOlhoxxo3GLMYcqcwUal42hA7jsj8Q2FT3XXpvm.jpeg',0,1,1,1,NULL,2,NULL,0,0,1,0,0,1,1,0,0,66,'active',NULL,'2018-03-25 17:02:41','2018-04-05 17:11:17','2018-04-05 17:11:17'),(50,40,'uploads/images/product/jXw5K9dTI7LUbYedSYRjF5BBRIgHysDmtvI1MsRv.jpeg',0,1,1,1,NULL,2,NULL,0,100,70,30,1,1,1,0,0,66,'active',NULL,'2018-03-25 17:02:41','2018-04-05 17:11:36','2018-04-05 17:11:36'),(51,40,'uploads/images/products/R2KIFziegXJ1XdHBLGckXdJy3Dqi6AV6HqByRBrR.jpeg',11,1,1,1,'1',1,1,0,100,70,30,0,1,1,0,0,1,'active',1,'2018-03-25 19:00:24','2018-04-05 17:11:36','2018-04-05 17:11:36'),(52,40,'uploads/images/products/B49h0kTQ9aRqMPHmlUPiuprk1b40Wo0PNJ6IkNEz.jpeg',100,1,1,1,'1',1,1,0,200,140,30,1,1,1,0,0,1,'active',111,'2018-03-25 19:13:44','2018-04-05 17:11:36','2018-04-05 17:11:36'),(54,40,'uploads/images/products/qWcLgk9wDFC6v92zLv7xTcFNVxrQz3QDVGXmMFWd.jpeg',100,1,1,1,'1',1,1,0,10,0,100,1,1,1,0,1,1,'active',0,'2018-03-25 19:17:11','2018-04-05 17:11:36','2018-04-05 17:11:36'),(55,40,'uploads/images/products/JSgnrToVfX1nmMPq0jfk10bwSetL4cNVsZezmkB7.jpeg',100,1,1,1,'1',1,1,0,10,0,100,1,1,1,0,0,1,'active',0,'2018-03-25 19:17:53','2018-04-05 17:11:36','2018-04-05 17:11:36'),(56,40,'uploads/images/products/Rv7qUDhbAFbcIwfCGbwIHIVEMpHbIQB7POFOGRUk.jpeg',60,1,1,1,'1',1,1,0,50,56,44,1,1,1,0,1,1,'active',1,'2018-03-25 19:36:55','2018-04-05 17:11:36','2018-04-05 17:11:36'),(57,40,'uploads/images/products/NIZjMAZOhRsVrtDSGVgEEn8MX5kooZ4msAlGNtwO.jpeg',60,1,1,1,'1',1,1,0,100,56,44,1,1,1,0,0,1,'active',1,'2018-03-25 19:37:27','2018-04-05 17:11:36','2018-04-05 17:11:36'),(58,40,'uploads/images/products/JWyjG9fzenqOFaEnJkcSZvpXQuntj40YWQ3TVOEa.jpeg',60,1,1,1,'1',1,1,0,100,56,44,1,1,1,0,1,1,'active',1,'2018-03-25 19:38:41','2018-04-05 17:08:49','2018-04-05 17:08:49'),(59,28,'uploads/images/products/jHer9l5WWsjA0SjBh2WCwOmBbnHJwp1ydO1dbXIC.jpeg',100,1,1,1,'1',1,1,0,100,99,1,1,1,1,0,0,1,'active',1,'2018-03-25 19:45:33','2018-04-05 17:08:49','2018-04-05 17:08:49'),(60,28,'uploads/images/products/1WseEF765In6dmFFUNCzoKkG3BcMiCIWibTy3EBy.jpeg',100,1,1,1,'1',1,1,0,100,99,1,1,1,1,0,0,1,'active',1,'2018-03-25 19:45:58','2018-04-05 17:08:49','2018-04-05 17:08:49'),(61,5,'uploads/images/products/pVVeK0esNJvR0dKDo50fKCkpMJOWJJS5zxw0t5gs.jpeg',14,1,1,1,'1',1,1,0,12,-3,122,1,1,1,0,0,1,'active',1,'2018-03-27 14:02:48','2018-04-05 17:08:49','2018-04-05 17:08:49'),(62,5,'uploads/images/products/mcFpsPejePzRwgXEikE3deoCIHc8fiYey2WPKA9p.jpeg',14,1,1,1,'1',1,1,0,12,-3,122,1,1,1,0,0,1,'active',1,'2018-03-27 14:03:10','2018-04-05 17:08:49','2018-04-05 17:08:49'),(63,5,'uploads/images/products/Xz594ASjtHiZzdDNN5A4doEsHGORlygJQJbEfCbS.jpeg',2,1,1,1,'1',1,1,0,222,173,22,1,1,1,0,0,1,'active',2,'2018-03-27 14:14:35','2018-04-05 17:08:49','2018-04-05 17:08:49'),(64,5,'uploads/images/products/sc9uBtHXVNcQxIGkEHuTqBajLCOMUeRpDTeDQrCi.jpeg',1,1,1,1,'1',1,1,0,111,99,11,1,1,1,0,0,2,'active',1,'2018-03-27 14:20:46','2018-04-05 17:08:49','2018-04-05 17:08:49'),(65,5,'uploads/images/products/4tIg1YqgNTqZQoQUyVU6DLzrA4b90dE5nj6sRHla.jpeg',22,1,1,1,'1',1,1,0,222,173,22,1,1,1,0,0,15,'active',2,'2018-03-28 14:51:54','2018-04-05 17:07:36','2018-04-05 17:07:36'),(66,41,'uploads/images/product/7UPIH9cW3UOjOteoicWHeJQvUA8ASCDQTzLYm0l4.jpeg',0,1,1,1,NULL,1,1,0,0,1,0,0,1,1,0,0,2,'active',1,'2018-03-28 15:59:41','2018-04-05 17:07:36','2018-04-05 17:07:36'),(67,41,'uploads/images/product/7UPIH9cW3UOjOteoicWHeJQvUA8ASCDQTzLYm0l4.jpeg',0,1,1,1,NULL,1,NULL,0,0,1,0,0,1,1,0,0,71,'active',NULL,'2018-03-28 15:59:41','2018-04-05 17:07:36','2018-04-05 17:07:36'),(68,42,'uploads/images/product/7UPIH9cW3UOjOteoicWHeJQvUA8ASCDQTzLYm0l4.jpeg',0,1,1,1,NULL,2,NULL,0,0,1,0,0,1,1,0,0,72,'active',NULL,'2018-03-28 18:58:50','2018-04-05 17:07:36','2018-04-05 17:07:36'),(69,43,'uploads/images/product/7UPIH9cW3UOjOteoicWHeJQvUA8ASCDQTzLYm0l4.jpeg',0,1,1,1,NULL,1,NULL,0,0,1,0,0,1,1,0,0,73,'active',NULL,'2018-03-28 19:53:09','2018-04-05 17:07:36','2018-04-05 17:07:36'),(70,43,'uploads/images/product/7UPIH9cW3UOjOteoicWHeJQvUA8ASCDQTzLYm0l4.jpeg',0,1,1,1,NULL,1,NULL,0,0,1,0,0,1,1,0,0,73,'active',NULL,'2018-03-28 19:53:09','2018-04-05 17:07:36','2018-04-05 17:07:36'),(71,45,'uploads/images/product/FbM2m10toFTaMmg9apGZ7r3uTji3Pb3vkv8bnFF9.jpeg',0,1,1,1,NULL,2,NULL,0,0,1,0,0,1,1,0,0,74,'active',NULL,'2018-03-29 19:15:46','2018-04-05 17:07:36','2018-04-05 17:07:36'),(72,45,'uploads/images/product/9BQaFkBGPg4AXWxNVVsQuS5OoyikE9svW2U0l0sa.jpeg',0,1,1,1,NULL,2,NULL,0,0,1,0,0,1,1,0,0,74,'active',NULL,'2018-03-29 19:15:46','2018-04-05 17:09:16','2018-04-05 17:09:16'),(73,49,'uploads/images/product/9BQaFkBGPg4AXWxNVVsQuS5OoyikE9svW2U0l0sa.jpeg',0,1,1,1,NULL,1,NULL,0,0,1,0,0,1,1,0,0,80,'active',NULL,'2018-04-02 13:43:36','2018-04-05 17:09:16','2018-04-05 17:09:16'),(74,49,'uploads/images/product/9BQaFkBGPg4AXWxNVVsQuS5OoyikE9svW2U0l0sa.jpeg',0,1,1,1,NULL,1,NULL,0,0,1,0,0,1,1,0,0,80,'active',NULL,'2018-04-02 13:43:36','2018-04-05 17:09:16','2018-04-05 17:09:16'),(75,50,'uploads/images/product/9BQaFkBGPg4AXWxNVVsQuS5OoyikE9svW2U0l0sa.jpeg',0,1,1,1,NULL,1,NULL,0,0,1,0,0,1,1,0,0,81,'active',NULL,'2018-04-02 13:43:45','2018-04-05 17:09:16','2018-04-05 17:09:16'),(76,50,'uploads/images/product/9BQaFkBGPg4AXWxNVVsQuS5OoyikE9svW2U0l0sa.jpeg',0,1,1,1,NULL,1,NULL,0,0,1,0,0,1,1,0,0,81,'active',NULL,'2018-04-02 13:43:45','2018-04-05 17:09:16','2018-04-05 17:09:16'),(77,7,'uploads/images/products/EJYj01ftWfledNpoMVF1iRWYIeF0zSxfmR0lwTZQ.png',11,1,1,1,'1',1,1,0,111,99,11,1,1,1,0,0,1,'active',1,'2018-04-02 13:58:29','2018-04-05 17:09:16','2018-04-05 17:09:16'),(78,4,'uploads/images/products/jwyF46AICQbZvJbeuHyH4utUaTJQsf3gASe7FRLm.png',11,1,1,1,'1',1,1,0,111,99,11,1,1,1,0,0,1,'active',1,'2018-04-02 13:59:16','2018-04-05 17:09:16','2018-04-05 17:09:16'),(85,54,'uploads/images/product/6KbyDStJzvb6PsnLejlSiYDIYIJuyI4D1Fut4HEZ.jpeg',0,1,1,1,NULL,1,NULL,0,0,1,0,0,1,1,0,0,85,'active',NULL,'2018-04-02 14:48:50','2018-04-05 17:07:13','2018-04-05 17:07:13'),(87,55,'uploads/images/product/nXcAEBheSZEGdleX96Ogs9ulflZ5FfLKtQTYbUuo.jpeg',0,1,1,1,NULL,1,NULL,0,0,1,0,0,1,1,0,0,86,'active',NULL,'2018-04-02 14:51:18','2018-04-05 17:07:13','2018-04-05 17:07:13'),(88,55,'uploads/images/product/M7wonmkejE9aXRpBHb0RGeMmcktaIg9sFyPqqO91.jpeg',0,1,1,1,NULL,1,NULL,0,0,1,0,0,1,1,0,0,86,'active',NULL,'2018-04-02 14:51:18','2018-04-05 17:07:13','2018-04-05 17:07:13'),(89,56,'uploads/images/product/LNTz6sX1F3B2QktM8J6IWND7p3mIGxklFDYz2Of4.jpeg',0,1,1,1,NULL,2,NULL,0,0,1,0,0,1,1,0,0,87,'active',NULL,'2018-04-02 14:58:48','2018-04-05 17:07:13','2018-04-05 17:07:13'),(90,56,'uploads/images/product/fiW2kIQeZdPmtikhiAhNfDJrgicxO0aQB5IFl94W.jpeg',0,1,1,1,NULL,2,NULL,0,0,1,0,0,1,1,0,0,87,'active',NULL,'2018-04-02 14:58:48','2018-04-05 17:07:13','2018-04-05 17:07:13'),(91,5,'uploads/images/products/k2O9uPpCTeHsb3i2asZswTcfo9Fkj0qNpPCIp7WA.png',11,1,1,1,'1',1,1,0,111,99,11,1,1,1,0,0,1,'active',1,'2018-04-02 15:00:56','2018-04-05 17:07:13','2018-04-05 17:07:13'),(92,5,'uploads/images/products/9SeLnDPHJTDwBV95ZRX1ot9sbUrNosDmTcHST6Xw.png',11,1,1,1,'1',1,1,0,111,99,11,1,1,1,0,0,1,'active',1,'2018-04-02 15:01:28','2018-04-05 17:07:13','2018-04-05 17:07:13'),(93,57,NULL,0,1,1,1,NULL,1,NULL,0,0,1,0,0,1,1,0,0,88,'active',NULL,'2018-04-02 15:01:57','2018-04-05 17:10:08','2018-04-05 17:10:08'),(94,57,NULL,0,1,1,1,NULL,1,NULL,0,0,1,0,0,1,1,0,0,88,'active',NULL,'2018-04-02 15:01:57','2018-04-05 17:10:08','2018-04-05 17:10:08'),(95,5,'uploads/images/products/PeDl7vOrfItUHdXzLRm62FnyZHZmXzNbZactrQBc.png',11,1,1,1,'1',1,1,0,111,99,11,1,1,1,0,0,1,'active',1,'2018-04-02 15:03:07','2018-04-05 17:10:08','2018-04-05 17:10:08'),(96,5,'uploads/images/products/u6V9DbF8vLLrFOg5kU4cweQgEWK5ZCZOQlL1Ey5P.png',22,1,1,1,'1',1,1,0,222,-24,111,1,1,1,0,0,1,'active',1,'2018-04-02 15:04:56','2018-04-05 17:10:08','2018-04-05 17:10:08'),(97,5,'uploads/images/products/alQBdBkEc4n1e1mtNM0hqfNB9KlzBLwNTwHaPkkj.png',22,1,1,1,'1',1,1,0,222,-24,111,1,1,1,0,0,1,'active',1,'2018-04-02 15:05:58','2018-04-05 17:10:08','2018-04-05 17:10:08'),(98,5,'uploads/images/products/ENS0V80wCgL03y0gCcdy4rvBcCONDU6B8ASZFdZS.png',22,1,1,1,'1',1,1,0,222,-24,111,1,1,1,0,0,1,'active',1,'2018-04-02 15:06:27','2018-04-05 17:10:08','2018-04-05 17:10:08'),(99,5,'uploads/images/products/reTpQqpKBfhnQMLENM8H6S0O3a9h8KuKy2APTGsB.png',22,1,1,1,'1',1,1,0,222,-24,111,1,1,1,0,0,1,'active',1,'2018-04-02 15:06:57','2018-04-05 17:10:08','2018-04-05 17:10:08'),(100,5,'uploads/images/products/D0DvDzqq6HwYXFm2VfmgWu7jWSPQs1jQrC69bpfH.png',22,1,1,1,'1',1,1,0,222,-24,111,1,1,1,0,1,1,'active',1,'2018-04-02 15:08:49','2018-04-05 17:06:44','2018-04-05 17:06:44'),(101,5,'uploads/images/products/6TUS0dBaShT1wL9iYocEH6V6pmenJUgAgsQzH8h1.png',22,1,1,1,'1',1,1,0,222,-24,111,1,1,1,0,0,1,'active',1,'2018-04-02 15:09:05','2018-04-05 17:06:44','2018-04-05 17:06:44'),(102,5,'uploads/images/products/GPw2eQ0mTvCoVitaFGXnjMeSIgkM4nwgolUGjCQw.png',22,1,1,1,'1',1,1,0,222,-24,111,1,1,1,0,0,1,'active',1,'2018-04-02 15:09:22','2018-04-05 17:06:44','2018-04-05 17:06:44'),(103,5,'uploads/images/products/zPyc1tDj74ESTQEBbEohtVsTfvDar8AnLSUYMEq1.png',3,1,1,1,'1',1,1,0,333,223,33,1,1,1,0,0,1,'active',3,'2018-04-02 15:11:03','2018-04-05 17:06:44','2018-04-05 17:06:44'),(104,5,'uploads/images/products/3Jl4AOAwC6d5rBufWSVGiH0mxrJDC7lMUKP3FOHb.png',4,1,1,1,'1',1,1,0,444,249,44,1,1,1,0,0,1,'active',4,'2018-04-02 15:12:01','2018-04-05 17:06:44','2018-04-05 17:06:44'),(105,58,'uploads/images/product/7I7jk6jHbeQtNAKxlLdXZ8D5e6Cr3Yr6k8ORdYqR.jpeg',0,1,1,1,NULL,1,NULL,0,0,1,0,0,1,1,0,0,89,'active',NULL,'2018-04-02 15:15:01','2018-04-05 17:06:44','2018-04-05 17:06:44'),(106,58,'uploads/images/product/44sUo6Dpufg3BUMzmmDZtRT9uTSdFSeIJy6LepOk.jpeg',0,1,1,1,NULL,1,NULL,0,0,1,0,0,1,1,0,0,89,'active',NULL,'2018-04-02 15:15:01','2018-04-05 17:06:44','2018-04-05 17:06:44'),(107,59,NULL,0,1,1,1,NULL,1,NULL,0,0,1,0,0,1,1,0,0,90,'active',NULL,'2018-04-02 15:20:10','2018-04-05 17:06:59','2018-04-05 17:06:59'),(108,59,NULL,0,1,1,1,NULL,1,NULL,0,0,1,0,0,1,1,0,0,90,'active',NULL,'2018-04-02 15:20:10','2018-04-05 17:06:59','2018-04-05 17:06:59'),(109,60,'uploads/images/product/eI7xGIGgSdb9M5Te2307eA1gEm6gySamJGUJvuWS.jpeg',0,1,1,1,NULL,1,NULL,0,0,1,0,0,1,1,0,0,91,'active',NULL,'2018-04-02 15:23:31','2018-04-05 17:06:59','2018-04-05 17:06:59'),(110,60,'uploads/images/product/liw77wXZTFC0UXv6tbP54v2lBX1n3jNylQ3EJXAY.jpeg',0,1,1,1,NULL,1,NULL,0,0,1,0,0,1,1,0,0,91,'active',NULL,'2018-04-02 15:23:31','2018-04-05 17:06:59','2018-04-05 17:06:59'),(111,61,'uploads/images/product/PFhaHrTbeZ4seYRik1NMHwlfdxZ1XmCLWTAHnjBx.jpeg',0,1,1,1,NULL,1,NULL,0,0,1,0,0,1,1,0,0,92,'active',NULL,'2018-04-02 15:36:36','2018-04-05 17:06:59','2018-04-05 17:06:59'),(112,61,'uploads/images/product/yOtgSAHhHigZNQk3aFTje4cRKgvJUCJOolreZe0D.jpeg',0,1,1,1,NULL,1,NULL,0,0,1,0,0,1,1,0,0,92,'active',NULL,'2018-04-02 15:36:36','2018-04-05 17:06:59','2018-04-05 17:06:59'),(113,62,'uploads/images/product/a5q2aIskLWjxe4bJnflrcbzb5Z6gvryaQpArNPEW.jpeg',0,1,1,1,NULL,1,NULL,0,0,1,0,0,1,1,0,0,93,'active',NULL,'2018-04-02 15:44:10','2018-04-05 17:06:59','2018-04-05 17:06:59'),(114,62,'uploads/images/product/erYtnVm4oxL0lJNmYodqAhLZD9y1N6xYLyR2ClWO.jpeg',0,1,1,1,NULL,1,NULL,0,0,1,0,0,1,1,0,0,93,'active',NULL,'2018-04-02 15:44:10','2018-04-05 17:10:26','2018-04-05 17:10:26'),(115,63,'uploads/images/product/res53XCccg4d22BNx6fxcMu3H5zm2T1uvNt3nlRZ.jpeg',0,1,1,1,NULL,2,NULL,0,0,1,0,0,1,1,0,0,94,'active',NULL,'2018-04-02 15:53:01','2018-04-05 17:10:26','2018-04-05 17:10:26'),(116,63,'uploads/images/product/HZHXTieGCEXwgTt9xcGAZ6L0zPRumsBSpNuY8st6.jpeg',0,1,1,1,NULL,2,NULL,0,0,1,0,0,1,1,0,0,94,'active',NULL,'2018-04-02 15:53:01','2018-04-05 17:10:26','2018-04-05 17:10:26'),(117,64,'uploads/images/product/OIxmJQ42XnAFxwlBqJoMfRnI3KoYAv6JTd8Vnjwe.jpeg',0,1,1,1,NULL,2,NULL,0,0,1,0,0,1,1,0,0,95,'active',NULL,'2018-04-02 16:24:32','2018-04-05 17:10:26','2018-04-05 17:10:26'),(118,64,'uploads/images/product/sqUdUHJ14yJjT0QDeChjChRHlX91wWdJA8Cxv4W2.jpeg',0,1,1,1,NULL,2,NULL,0,0,1,0,0,1,1,0,0,95,'active',NULL,'2018-04-02 16:24:32','2018-04-05 17:10:26','2018-04-05 17:10:26'),(119,65,'uploads/images/product/pLwX2kBdIOQNsGEyAXI2PsddChrL5g3xcskwbQeq.jpeg',0,1,1,1,NULL,2,NULL,0,0,1,0,0,1,1,0,0,96,'active',NULL,'2018-04-02 17:09:57','2018-04-05 17:10:26','2018-04-05 17:10:26'),(120,65,'uploads/images/product/4Yj8EKJyZBitEUcqmbjZBX1xisjtIW82yOni7cmb.jpeg',0,1,1,1,NULL,2,NULL,0,0,1,0,0,1,1,0,0,96,'active',NULL,'2018-04-02 17:09:57','2018-04-05 17:10:26','2018-04-05 17:10:26'),(121,66,'uploads/images/product/Q1UfiAYscZzMIkkVktqPlv102ACNheTZWhGlAjF0.jpeg',0,1,1,1,NULL,1,NULL,0,0,1,0,0,1,1,0,0,97,'active',NULL,'2018-04-02 17:34:57','2018-04-05 17:10:43','2018-04-05 17:10:43'),(122,66,'uploads/images/product/Q1UfiAYscZzMIkkVktqPlv102ACNheTZWhGlAjF0.jpeg',0,1,1,1,NULL,1,NULL,0,0,1,0,0,1,1,0,0,97,'active',NULL,'2018-04-02 17:34:57','2018-04-05 17:10:43','2018-04-05 17:10:43'),(123,67,'uploads/images/product/Q1UfiAYscZzMIkkVktqPlv102ACNheTZWhGlAjF0.jpeg',0,1,1,1,NULL,2,NULL,0,0,1,0,0,1,1,0,0,98,'active',NULL,'2018-04-02 17:40:41','2018-04-05 17:10:43','2018-04-05 17:10:43'),(124,67,'uploads/images/product/u2bp7cAeiuQnbTZtg4hgTb4ovvyU1Yx5ZBwDA0Px.jpeg',0,1,1,1,NULL,2,NULL,0,0,1,0,0,1,1,0,0,98,'active',NULL,'2018-04-02 17:40:41','2018-04-05 17:10:43','2018-04-05 17:10:43'),(125,68,'uploads/images/product/3qXsrXX0zAblByoZ2pYqVGCQ6ybsdQiveaMPBfF6.jpeg',0,1,1,1,NULL,2,NULL,0,0,1,0,0,1,1,0,0,99,'active',NULL,'2018-04-02 17:45:57','2018-04-05 17:10:43','2018-04-05 17:10:43'),(126,68,'uploads/images/product/63znJERqVdKD4940Q7oqsyF7LRWbe7AkVfLzom02.jpeg',0,1,1,1,NULL,2,NULL,0,0,1,0,0,1,1,0,0,99,'active',NULL,'2018-04-02 17:45:57','2018-04-05 17:10:43','2018-04-05 17:10:43'),(127,69,'uploads/images/product/roE3246QemcB9Qitm2tS7QO33DpS2J83W66uRySr.jpeg',0,1,1,1,NULL,1,NULL,0,0,1,0,0,1,1,0,0,100,'active',NULL,'2018-04-02 17:52:54','2018-04-05 17:10:43','2018-04-05 17:10:43'),(128,69,'uploads/images/product/ttaCO9F4m3awdiUW9gSDucU8E2UZ8nOpoftI1tiY.jpeg',0,1,1,1,NULL,1,NULL,0,0,1,0,0,1,1,0,0,100,'active',NULL,'2018-04-02 17:52:54','2018-04-05 17:11:01','2018-04-05 17:11:01'),(129,70,'uploads/images/product/159VDAOUakqrF2bWuF87vzZNs4X6K3aD0C8ewQNh.jpeg',0,1,1,1,NULL,2,NULL,0,0,1,0,0,1,1,0,0,101,'active',NULL,'2018-04-02 18:02:03','2018-04-05 17:11:01','2018-04-05 17:11:01'),(130,70,'uploads/images/product/xIoLLHKEJtSBHcx5PDhD2t4mJlCVHjjebquRoKRG.jpeg',0,1,1,1,NULL,2,NULL,0,0,1,0,0,1,1,0,0,101,'active',NULL,'2018-04-02 18:02:03','2018-04-05 17:11:01','2018-04-05 17:11:01'),(131,71,'uploads/images/product/Qte10IYhHzSGtrAPVvr4YJBNpEs8AB9yS91PhStv.jpeg',0,1,1,1,NULL,2,NULL,0,0,1,0,0,1,1,0,0,102,'active',NULL,'2018-04-02 18:26:25','2018-04-05 17:11:01','2018-04-05 17:11:01'),(132,71,'uploads/images/product/xKgeoNkio0mCczM95rtLYVOhki28ApxQHsOoY0cj.jpeg',0,1,1,1,NULL,2,NULL,0,0,1,0,0,1,1,0,0,102,'active',NULL,'2018-04-02 18:26:25','2018-04-05 17:11:01','2018-04-05 17:11:01'),(133,72,'uploads/images/product/dIRaX01qHZfeiOTJi1T0Y7mhmFraa9Vf3IZXiZac.png',0,1,1,1,NULL,2,NULL,0,0,1,0,0,1,1,0,0,103,'active',NULL,'2018-04-02 18:33:20','2018-04-05 17:11:01','2018-04-05 17:11:01'),(134,72,'uploads/images/product/QO26EnyW5XssCSnYULPDiyLYdd9zxAhLQfe1TxwR.jpeg',0,1,1,1,NULL,2,NULL,0,0,1,0,0,1,1,0,0,103,'active',NULL,'2018-04-02 18:33:20','2018-04-05 17:11:01','2018-04-05 17:11:01'),(135,73,'uploads/images/product/lpoZPRuIvstxIcbuRacLzEhgy0P4In6TT8DLb559.jpeg',0,1,1,1,NULL,2,NULL,0,0,1,0,0,1,1,0,0,104,'active',NULL,'2018-04-02 18:45:41','2018-04-05 17:11:51','2018-04-05 17:11:51'),(136,73,'uploads/images/product/LDzP1xr9OZYnpg1KJlGn28qBCToWelAHfLheLUgk.jpeg',0,1,1,1,NULL,2,NULL,0,0,1,0,0,1,1,0,0,104,'active',NULL,'2018-04-02 18:45:41','2018-04-05 17:11:51','2018-04-05 17:11:51'),(137,74,'uploads/images/product/FBjcg326SWDJdMAkZLtLRRWqLEQ3KuzHDjOq2i22.jpeg',0,1,1,1,NULL,2,NULL,0,0,1,0,0,1,1,0,0,105,'active',NULL,'2018-04-02 18:51:48','2018-04-05 17:11:51','2018-04-05 17:11:51'),(138,74,'uploads/images/product/aReCiQ84OUhA9ecj8IbusIQ5cVfjcfhnRfzIrxjJ.jpeg',0,1,1,1,NULL,2,NULL,0,0,1,0,0,1,1,0,0,105,'active',NULL,'2018-04-02 18:51:48','2018-04-05 17:11:51','2018-04-05 17:11:51'),(139,75,'uploads/images/product/6soYasXvhjXupVFLnjLz4X0rfG758PQSSl9CAGhN.jpeg',0,1,1,1,NULL,1,NULL,0,0,1,0,0,1,1,0,0,106,'active',NULL,'2018-04-02 18:59:41','2018-04-05 17:11:51','2018-04-05 17:11:51'),(140,75,'uploads/images/product/9asgjrrbkXKmtcdjs29wcAfG4uPnRRh5MZRCfeyF.jpeg',0,1,1,1,NULL,1,NULL,0,0,1,0,0,1,1,0,0,106,'active',NULL,'2018-04-02 18:59:41','2018-04-05 17:11:51','2018-04-05 17:11:51'),(143,77,'uploads/images/product/aO4M7eKbxMnmIFw4coaOTk1wflTw8HxdO79IALhR.png',0,1,1,1,NULL,2,NULL,0,0,1,0,0,1,1,0,0,108,'active',NULL,'2018-04-02 19:16:35','2018-04-05 17:11:51','2018-04-05 17:11:51'),(144,77,'uploads/images/product/HvOTYZAjYwUuhyEwhCyMutDq6ALmwRMnSfIlwn5j.jpeg',0,1,1,1,NULL,2,NULL,0,0,1,0,0,1,1,0,0,108,'active',NULL,'2018-04-02 19:16:35','2018-04-05 17:12:06','2018-04-05 17:12:06'),(145,78,'uploads/images/product/87RQR6oB7FKJUUzafU4UA9vKLWAVnFd3MpTBdjjX.png',0,1,1,1,NULL,2,NULL,0,0,1,0,0,1,1,0,0,109,'active',NULL,'2018-04-02 19:20:39','2018-04-05 17:12:06','2018-04-05 17:12:06'),(146,78,'uploads/images/product/agRtvaivprlaNfHpajIivu7mqjdmzPFPkMmnWGHN.png',0,1,1,1,NULL,2,NULL,0,0,1,0,0,1,1,0,0,109,'active',NULL,'2018-04-02 19:20:39','2018-04-05 17:12:06','2018-04-05 17:12:06'),(147,79,'uploads/images/product/8dvzZGysVqQNBH46gJUqQnR6Mjzv5lX2wodK4yzR.jpeg',0,1,1,1,NULL,2,NULL,0,0,1,0,0,1,1,0,0,110,'active',NULL,'2018-04-02 19:28:49','2018-04-05 17:12:06','2018-04-05 17:12:06'),(148,79,'uploads/images/product/FKYLUdnGAYUpmwc4bDn9mgCURuDMyXz3m7e7VYbs.png',0,1,1,1,NULL,2,NULL,0,0,1,0,0,1,1,0,0,110,'active',NULL,'2018-04-02 19:28:49','2018-04-05 17:12:06','2018-04-05 17:12:06'),(149,80,'uploads/images/product/Af6Z7RvAhX6DOLv9aktB23OoH26tYe6SufFefWCp.png',0,1,1,1,NULL,2,NULL,0,0,1,0,0,1,1,0,0,111,'active',NULL,'2018-04-02 20:04:53','2018-04-05 17:12:06','2018-04-05 17:12:06'),(150,80,'uploads/images/product/gAnUxHuLkYpz1HlDFQHtQ8FPy78Ax0eHxeGcT9Ad.jpeg',0,1,1,1,NULL,2,NULL,0,0,1,0,0,1,1,0,0,111,'active',NULL,'2018-04-02 20:04:53','2018-04-05 17:12:06','2018-04-05 17:12:06'),(151,81,'uploads/images/product/IkDANlztl2DDGFaVZuhf6m1rBUX5leE4hDIt30HK.jpeg',0,1,1,1,NULL,2,NULL,0,0,1,0,0,1,1,0,0,112,'active',NULL,'2018-04-02 20:14:08','2018-04-05 17:06:26','2018-04-05 17:06:26'),(152,81,'uploads/images/product/772KkruPig7OBP2wAXBXqAKcJuDlrdnPMcQU4pxZ.jpeg',0,1,1,1,NULL,2,NULL,0,0,1,0,0,1,1,0,0,112,'active',NULL,'2018-04-02 20:14:08','2018-04-05 17:06:26','2018-04-05 17:06:26'),(153,5,'uploads/images/products/qKuC4aXTDN8B8ASaFLHb8Ouj8iFhqwY6E5Dlvf49.png',11,1,1,1,'1',1,1,0,123,109,11,1,1,1,0,0,1,'active',1,'2018-04-03 14:42:41','2018-04-05 17:06:26','2018-04-05 17:06:26'),(154,5,'uploads/images/products/5i9IzDEAx9rgurcj9qehohwfr2NX0dtix31b1zO5.png',11,1,1,1,'1',1,1,0,123,109,11,1,1,1,0,0,1,'active',1,'2018-04-03 14:43:12','2018-04-05 17:06:26','2018-04-05 17:06:26'),(155,5,'uploads/images/products/w4TkA86zQb3wWNLJc80QTIlHsIGwjqAR7M0V0Qqy.png',11,1,1,1,'1',1,1,0,123,109,11,1,1,1,0,0,1,'active',1,'2018-04-03 14:45:29','2018-04-05 17:06:26','2018-04-05 17:06:26'),(156,5,'uploads/images/products/zkEjq7rd45l1dIyOJZASuTO64Mfgbi3TPuBXMx4G.png',2,1,1,1,'1',1,1,0,222,173,22,1,1,1,0,0,1,'active',1,'2018-04-03 14:46:08','2018-04-05 17:06:26','2018-04-05 17:06:26'),(157,5,'uploads/images/products/dU6SlNjjeTuwdPZ5y47X7UiPDxZtnPKjva7fbK9S.png',1,1,1,1,'1',1,1,0,1111,1100,1,1,1,1,0,0,1,'active',1,'2018-04-03 16:56:57','2018-04-05 17:06:26','2018-04-05 17:06:26'),(158,83,'uploads/images/products/rB3kZTwiUGt65KGWM2c31cUgjrNEtfFm2QFEeJLY.jpeg',10,1,1,1,'1',1,1,0,100,80,20,1,1,1,0,0,1,'active',0,'2018-04-05 17:17:20','2018-04-05 17:55:19','2018-04-05 17:55:19'),(159,83,'uploads/images/products/9bu2jBQDlaOgm7Rfu5zpx9CpImASMNqcY7WsO23d.jpeg',10,1,1,1,'1',1,1,1,100,8,20,1,1,1,0,0,2,'active',0,'2018-04-05 17:17:45','2019-02-04 16:23:10','2019-02-04 16:23:10'),(160,87,'uploads/images/product/19cAN7wTrD1YZlowsMcWTwCz17HfQdcG53pSVU2c.jpeg',0,1,1,1,NULL,2,NULL,0,0,1,0,0,1,1,0,0,118,'active',NULL,'2018-04-08 19:15:50','2019-02-04 16:23:10','2019-02-04 16:23:10'),(161,87,'uploads/images/product/sdDeHxywSrw3cBmudmcY4NS4JytEopinfnVacoFU.jpeg',0,1,1,1,NULL,2,NULL,0,0,1,0,0,1,1,0,0,118,'active',NULL,'2018-04-08 19:15:50','2019-02-04 16:23:10','2019-02-04 16:23:10'),(162,88,NULL,0,1,1,1,NULL,1,NULL,0,0,1,0,0,1,1,0,0,119,'active',NULL,'2018-04-09 13:55:08','2019-02-04 16:23:10','2019-02-04 16:23:10'),(163,88,NULL,0,1,1,1,NULL,1,NULL,0,0,1,0,0,1,1,0,0,119,'active',NULL,'2018-04-09 13:55:08','2019-02-04 16:23:10','2019-02-04 16:23:10'),(164,89,'uploads/images/product/iCsjC3Laaa8asLNVJpc91CiW7mMeZCQZLjp0aXOB.jpeg',0,1,1,1,NULL,1,NULL,0,0,1,0,0,1,1,0,0,120,'active',NULL,'2018-04-09 14:18:03','2019-02-04 16:23:10','2019-02-04 16:23:10'),(165,89,'uploads/images/product/eCl45f7FW5uTNVf1l8xWCuCpXH0R15C5qgbXBDpE.jpeg',0,1,1,1,NULL,1,NULL,0,0,1,0,0,1,1,0,0,120,'active',NULL,'2018-04-09 14:18:03','2019-02-04 16:23:10','2019-02-04 16:23:10'),(166,90,NULL,0,1,1,1,NULL,1,NULL,0,0,1,0,0,1,1,0,0,121,'active',NULL,'2018-04-09 14:20:08','2019-02-04 16:23:10','2019-02-04 16:23:10'),(167,90,NULL,0,1,1,1,NULL,1,NULL,0,0,1,0,0,1,1,0,0,121,'active',NULL,'2018-04-09 14:20:08','2019-02-04 16:23:10','2019-02-04 16:23:10'),(168,91,'uploads/images/product/5qiC8JDVAx9v5jH2TKjiaoHA5KaiaMRgPIFlgNt8.jpeg',0,1,1,1,NULL,1,NULL,0,0,1,0,0,1,1,0,0,122,'active',NULL,'2018-04-09 14:26:13','2019-02-04 16:23:10','2019-02-04 16:23:10'),(169,91,'uploads/images/product/QeR8Y8XSpvxVE2ZfJsycY34HrkRksZn4itOkMlmz.jpeg',0,1,1,1,NULL,1,NULL,0,0,1,0,0,1,1,0,0,122,'active',NULL,'2018-04-09 14:26:13','2019-02-04 16:23:10','2019-02-04 16:23:10'),(170,86,'uploads/images/products/o0Dzldxlws4SHHgY1neazKXAYlqpxwO27MSQUNhO.jpeg',50,1,1,1,'1',1,1,0,100,85,15,1,1,1,0,0,1,'active',0,'2018-04-09 17:02:05','2019-02-04 16:23:10','2019-02-04 16:23:10'),(171,92,'uploads/images/products/2YSPY1vQdVqhxoviL3qIOMfAEPBTbZDhjkzvEmtu.jpeg',5,1,1,1,'1',2,2,0,10.5,9,10,1,1,1,0,0,2,'active',0,'2018-04-09 17:10:01','2019-02-04 16:23:10','2019-02-04 16:23:10'),(172,93,'uploads/images/product/AeqwL4MxFPAHD5Kkf81evTQgJZ0Bxb4YLXMuqIvw.png',0,1,1,1,NULL,1,NULL,0,0,1,0,0,1,1,0,0,126,'active',NULL,'2018-04-11 22:01:20','2019-02-04 16:23:21','2019-02-04 16:23:21'),(173,93,'uploads/images/product/9i8PH6LBF36kXvQPliZstu68gPreRj2XELzeZNaR.png',0,1,1,1,NULL,1,NULL,0,0,1,0,0,1,1,0,0,126,'active',NULL,'2018-04-11 22:01:24','2019-02-04 16:23:10','2019-02-04 16:23:10'),(174,94,'uploads/images/product/olfTFIeFLGBn78dMdPlJs9CXkWVxkIrMxdNszUDg.png',0,1,1,1,NULL,1,NULL,0,0,1,0,0,1,1,0,0,127,'active',NULL,'2018-04-11 22:09:25','2019-02-04 16:23:10','2019-02-04 16:23:10'),(175,94,'uploads/images/product/ckMFiczduoCYVwl0zB73yl8hzghJ5TMp5lIGarhd.jpeg',0,1,1,1,NULL,1,NULL,0,0,1,0,0,1,1,0,0,127,'active',NULL,'2018-04-11 22:09:25','2018-05-15 14:15:00','2018-05-15 14:15:00'),(176,95,'uploads/images/product/ZUpWyBnEIV5uOfDpDAJONyU7bWUA9Wn0cUq9RCU0.jpeg',0,1,1,1,NULL,1,NULL,0,0,1,0,0,1,1,0,0,128,'active',NULL,'2018-04-12 12:50:17','2019-02-04 16:23:10','2019-02-04 16:23:10'),(177,95,'uploads/images/product/B27o51vMtzaVUwA03e41lSMYiba8NA6gNrZhIrWK.jpeg',10,1,1,1,NULL,1,1,1,0,6,0,0,1,1,0,0,2,'active',0,'2018-04-12 12:50:17','2019-02-04 16:23:10','2019-02-04 16:23:10'),(178,97,'uploads/images/product/jDP2sUoIKMCqQ6WYpjmGRA43HDYoWhN4oZXnBVrK.jpeg',0,1,1,1,NULL,1,NULL,0,0,1,0,0,1,1,0,0,130,'active',NULL,'2018-04-12 16:43:05','2019-02-04 16:22:11','2019-02-04 16:22:11'),(179,97,'uploads/images/product/7beT67Bha6xr9xU0qs9Yuzn4MoQMs0lmqtotVoIE.jpeg',0,1,1,1,NULL,1,NULL,0,0,1,0,0,1,1,0,0,130,'active',NULL,'2018-04-12 16:43:05','2019-02-04 16:23:10','2019-02-04 16:23:10'),(180,99,'uploads/images/product/B3EfX6Ukl6qfAFP6ox2Xk8yhZB0cfgeOpaYtvNUi.jpeg',0,1,1,1,NULL,2,NULL,0,0,1,0,0,1,1,0,0,132,'active',NULL,'2018-04-18 16:42:55','2019-02-04 16:23:10','2019-02-04 16:23:10'),(181,99,'uploads/images/product/f5d41NuKKlhRAfjApJhcT65dVaiP8ijSWbY7wDdP.jpeg',0,1,1,1,NULL,2,NULL,0,0,1,0,0,1,1,0,0,132,'active',NULL,'2018-04-18 16:42:55','2019-02-04 16:23:10','2019-02-04 16:23:10'),(182,100,'uploads/images/product/u7MLznYOh2CpGxWpAKcRiJzmHRY4MgfNP9iZSD4e.jpeg',0,1,1,1,NULL,1,2,0,0,20,0,0,1,1,0,0,133,'active',2,'2018-04-18 16:43:37','2019-02-04 16:23:10','2019-02-04 16:23:10'),(183,100,'uploads/images/product/KXaNXASbjRElhziLC2NIQ1fe0tR0QdB7TBsP3srQ.jpeg',0,1,1,1,NULL,1,1,0,0,10,0,0,1,1,0,0,133,'active',1,'2018-04-18 16:43:37','2019-02-04 16:22:04','2019-02-04 16:22:04'),(184,101,'uploads/images/products/TjRwVpA4kAGRDuHrGiDNRAEPaqGIgAlUhyBkdfAq.jpeg',50,1,1,1,'1',1,2,0,100,100,0,1,1,1,0,0,135,'active',0,'2018-04-18 19:17:57','2019-02-04 16:23:10','2019-02-04 16:23:10'),(185,106,'uploads/images/product/jfx5O9hH0LVbqVDaW1e7yO2hY42kyRcXpxNJEKLf.jpeg',0,1,1,1,NULL,1,NULL,0,0,1,0,0,1,1,0,0,140,'active',NULL,'2018-04-18 21:02:29','2019-02-04 16:23:21','2019-02-04 16:23:21'),(186,106,'uploads/images/product/SuFJn2PZOlsQoxNpkHCyfgjwe9ZF2muuKf5jOwTH.jpeg',0,1,1,1,NULL,1,NULL,0,0,1,0,0,1,1,0,0,140,'active',NULL,'2018-04-18 21:02:29','2019-02-04 16:22:04','2019-02-04 16:22:04'),(187,108,'uploads/images/product/x6dNpvhOvOwYir6tau2j6oJihnaT9Ehc5BURYhEv.jpeg',0,1,1,1,NULL,2,NULL,0,0,1,0,0,1,1,0,0,144,'active',NULL,'2018-04-19 17:19:46','2019-02-04 16:23:10','2019-02-04 16:23:10'),(188,108,'uploads/images/product/nHm0jiqhO09Vef7A7qyDhPK6Z0WVQnhbgqXk5yA5.jpeg',0,1,1,1,NULL,2,NULL,0,0,1,0,0,1,1,0,0,144,'active',NULL,'2018-04-19 17:19:46','2019-02-04 16:22:11','2019-02-04 16:22:11'),(189,109,'uploads/images/product/RL7U1TxhXYaWkTnF84XWxWXYZRkiGS7iRZzB0PND.jpeg',0,1,1,1,NULL,2,NULL,0,0,1,0,0,1,1,0,0,145,'active',NULL,'2018-04-19 19:11:04','2019-02-04 16:22:04','2019-02-04 16:22:04'),(190,109,'uploads/images/product/qcQwiufnY8VhSEYVVO3br46wByC8vnoAe6soSnIG.jpeg',0,1,1,1,NULL,2,NULL,0,0,1,0,0,1,1,0,0,145,'active',NULL,'2018-04-19 19:11:04','2019-02-04 16:23:10','2019-02-04 16:23:10'),(191,111,'uploads/images/product/AAvUGYkBkR6AcrwRl1hMEGBSGpD5WiZxFIivYAV6.jpeg',0,1,1,1,NULL,2,NULL,0,0,1,0,0,1,1,0,0,147,'active',NULL,'2018-04-19 19:22:30','2019-02-04 16:23:10','2019-02-04 16:23:10'),(192,111,'uploads/images/product/3hJRsx8Sh7gHbFhwy4S8Fhhl88omZLrYeGG21PIC.jpeg',0,1,1,1,NULL,2,NULL,0,0,1,0,0,1,1,0,0,147,'active',NULL,'2018-04-19 19:22:30','2019-02-04 16:23:21','2019-02-04 16:23:21'),(193,112,'uploads/images/product/r4mOqntKgExpqSwFuxfwQBaGvMsXDRCBooYBAzeg.jpeg',0,1,1,1,NULL,1,NULL,0,0,1,0,0,1,1,0,0,148,'active',NULL,'2018-04-22 05:30:05','2018-05-15 14:15:28','2018-05-15 14:15:28'),(194,112,'uploads/images/product/gQ5FsxfBEgOYepgCoXOX6UnTxHemTAORffIuNa6l.jpeg',0,1,1,1,NULL,1,NULL,0,0,1,0,0,1,1,0,0,148,'active',NULL,'2018-04-22 05:30:05','2018-05-15 14:15:28','2018-05-15 14:15:28'),(195,116,'uploads/images/product/0zxCJIYL4sGNi85XWKB8BMDdsVDFWrIduIjyiWSx.jpeg',0,1,1,1,NULL,2,NULL,0,0,1,0,0,1,1,0,0,155,'active',NULL,'2018-04-23 14:56:31','2019-02-04 16:22:04','2019-02-04 16:22:04'),(196,116,'uploads/images/product/fqYWkn6Bqe7TxL9BfzJbgrGgyZTaLQaXZBIPT11F.jpeg',0,1,1,1,NULL,2,NULL,0,0,1,0,0,1,1,0,0,155,'active',NULL,'2018-04-23 14:56:31','2019-02-04 16:22:04','2019-02-04 16:22:04'),(197,120,NULL,0,1,1,1,NULL,1,NULL,0,0,1,0,0,1,1,0,0,159,'active',NULL,'2018-04-23 15:06:31','2019-02-04 16:23:10','2019-02-04 16:23:10'),(198,120,NULL,0,1,1,1,NULL,1,NULL,0,0,1,0,0,1,1,0,0,159,'active',NULL,'2018-04-23 15:06:31','2019-02-04 16:23:10','2019-02-04 16:23:10'),(199,122,'uploads/images/product/V0AiTF6tRFxSnCpUBMMMz5NDezBuNi4XqiTsk0MA.jpeg',0,1,1,1,NULL,2,NULL,0,0,1,0,0,1,1,0,0,161,'active',NULL,'2018-04-23 15:15:37','2019-02-04 16:23:21','2019-02-04 16:23:21'),(200,122,'uploads/images/product/qoZbb6mpC35GUYIod60tHeVQ7lzSf7PHUg1QDLIg.jpeg',0,1,1,1,NULL,2,NULL,0,0,1,0,0,1,1,0,0,161,'active',NULL,'2018-04-23 15:15:37','2019-02-04 16:23:10','2019-02-04 16:23:10'),(201,124,'uploads/images/product/bNkOzOz2aByHOo5jAYBxNs6vxjSWeqkdG5sSQbzi.jpeg',0,1,1,1,NULL,1,NULL,0,0,1,0,0,1,1,0,0,163,'active',NULL,'2018-05-09 15:43:26','2019-02-04 16:22:04','2019-02-04 16:22:04'),(202,124,'uploads/images/product/q9Ki7JFR0yNxECj6OoIH05crUdch6lxsV2QwX6hL.jpeg',0,1,1,1,NULL,1,NULL,0,0,1,0,0,1,1,0,0,163,'active',NULL,'2018-05-09 15:43:26','2019-02-04 16:23:10','2019-02-04 16:23:10'),(203,125,'uploads/images/product/JUBEEgdbov9PZ4Q3JtyJIgeW1KkNH7cgbQyaBexc.jpeg',0,1,1,1,NULL,1,NULL,0,0,1,0,0,1,1,0,0,164,'active',NULL,'2018-05-09 15:48:25','2019-02-04 16:23:10','2019-02-04 16:23:10'),(204,125,'uploads/images/product/M6QGZhOO6H6zdhFWPQlzoNaRu4BRneFW49IaAd9o.jpeg',0,1,1,1,NULL,1,NULL,0,0,1,0,0,1,1,0,0,164,'active',NULL,'2018-05-09 15:48:25','2019-02-04 16:23:10','2019-02-04 16:23:10'),(205,85,'uploads/images/products/t6jskX5pW66LZNWCzWaRYWWJsRMAYv9u5x41ptN7.jpeg',875,1,1,1,'1',2,2,0,88,79,10,1,1,1,0,0,2,'active',6,'2018-05-15 14:20:05','2019-02-04 16:22:11','2019-02-04 16:22:11'),(206,127,'uploads/images/product/OFGgJkk8jBIymF1k0ZvezzuhWDuwFY71UItypmT3.jpeg',0,1,1,1,NULL,1,NULL,0,0,1,0,0,1,1,0,0,168,'active',NULL,'2018-05-17 19:55:06','2019-02-04 16:22:04','2019-02-04 16:22:04'),(207,127,'uploads/images/product/7mNpfdQM9p055rVq5b54p8xcgKbIDvvYCSGenJUm.jpeg',0,1,1,1,NULL,1,NULL,0,0,1,0,0,1,1,0,0,168,'active',NULL,'2018-05-17 19:55:06','2019-02-04 16:23:10','2019-02-04 16:23:10'),(208,128,'uploads/images/product/lkScFHLXHHFT7WxmgqZWlxulbNQ81RxW1IRHUUlF.jpeg',0,1,1,1,NULL,1,NULL,0,0,1,0,0,1,1,0,0,169,'active',NULL,'2018-05-17 19:55:06','2019-02-04 16:23:10','2019-02-04 16:23:10'),(209,128,'uploads/images/product/irwENaLY1WSgTfCpDGsQ7RHbBTmUxUbP2bzvPhQZ.jpeg',0,1,1,1,NULL,1,1,0,0,1,0,0,1,1,0,0,2,'active',500,'2018-05-17 19:55:06','2019-02-04 16:23:10','2019-02-04 16:23:10'),(210,83,'uploads/images/products/E9bY4wCTVa2LRQ92d191255YI9Eckcwp0FwLbMmc.jpeg',10,1,1,1,'1',0,2,0,10,9,10,1,1,1,0,0,2,'active',0,'2018-05-20 21:36:44','2019-02-04 16:22:04','2019-02-04 16:22:04'),(211,84,'uploads/images/products/Wjc1v0eKON8oPvwaH5cStb0mxEk1POdYpmUzlCti.jpeg',2,1,1,1,'1',0,1,0,150,135,10,1,1,1,0,0,1,'active',0,'2018-05-22 18:09:52','2019-02-04 16:23:10','2019-02-04 16:23:10'),(212,129,'uploads/images/product/A391ACX9FvXO4rk93zFGFjpRhx3hInGKWY2L9Lbr.jpeg',0,1,1,1,NULL,1,NULL,0,0,1,0,0,1,1,0,0,188,'active',NULL,'2018-05-26 19:10:54','2018-05-26 19:13:52','2018-05-26 19:13:52'),(213,129,'uploads/images/product/jqcX2uRDYdkryXdQiocHGdgdsgDUSz17MruAdGyK.jpeg',0,1,1,1,NULL,1,NULL,0,0,1,0,0,1,1,0,0,188,'active',NULL,'2018-05-26 19:10:54','2018-05-26 19:13:52','2018-05-26 19:13:52'),(214,129,'uploads/images/products/uRwDuu5KqkIMcIkRDVKBduElNt5LEnaaWySdoGX9.jpeg',20,1,1,1,'1',0,3,0,50,40,20,1,1,1,0,0,1,'active',0,'2018-06-04 18:53:14','2019-02-04 16:22:04','2019-02-04 16:22:04'),(215,130,'uploads/images/product/qcjsUvLcLuiVXHBOce2ImZJnmOAPD5BiypJyNB5t.jpeg',0,1,1,1,NULL,1,NULL,0,0,1,0,0,1,1,0,0,196,'active',NULL,'2018-06-27 13:49:29','2019-02-04 16:23:10','2019-02-04 16:23:10'),(216,130,'uploads/images/product/qjzqs2WpRkg2GwBOSDnpSKLDROuMPuDGsVhoh73l.jpeg',0,1,1,1,NULL,1,NULL,0,0,1,0,0,1,1,0,0,196,'active',NULL,'2018-06-27 13:49:32','2019-02-04 16:23:10','2019-02-04 16:23:10'),(217,131,'uploads/images/product/6zVmpHAjUmAJml3N0R1sh7foVmsZT0tmm1XBopv9.jpeg',0,1,1,1,NULL,1,NULL,0,0,1,0,0,1,1,0,0,198,'active',NULL,'2018-06-27 14:12:02','2019-02-04 16:22:11','2019-02-04 16:22:11'),(218,131,'uploads/images/product/YpxaZj04yzU5zSlgXw6PkKCHJEnuBnKOYtkRKING.jpeg',0,1,1,1,NULL,1,NULL,0,0,1,0,0,1,1,0,0,198,'active',NULL,'2018-06-27 14:12:02','2019-02-04 16:22:04','2019-02-04 16:22:04'),(219,132,'uploads/images/product/gAMj7VgW4mct0J0y7KE0QLBmQpqx5rUBnEb5g8Oy.jpeg',0,1,1,1,NULL,1,NULL,0,0,1,0,0,1,1,0,0,207,'active',NULL,'2018-07-31 14:15:17','2019-02-04 16:22:04','2019-02-04 16:22:04'),(220,132,'uploads/images/product/TT4W0G7u8aDdV4T8n9tYIYGhzJy55IlCXGNcUGCS.jpeg',0,1,1,1,NULL,1,NULL,0,0,1,0,0,1,1,0,0,207,'active',NULL,'2018-07-31 14:15:17','2019-02-04 16:22:04','2019-02-04 16:22:04'),(221,133,'uploads/images/product/kHiton6KEstszaStSuwQ00VDMfFDBcF4DLduezS1.jpeg',0,1,1,1,NULL,2,NULL,0,0,1,0,0,1,1,0,0,208,'active',NULL,'2018-08-02 16:05:05','2019-02-04 16:23:10','2019-02-04 16:23:10'),(222,133,'uploads/images/product/oD1p9eAaxUks9s14RTKUjTyoR2YDEVK0jkjxxSrM.jpeg',0,1,1,1,NULL,2,NULL,0,0,1,0,0,1,1,0,0,208,'active',NULL,'2018-08-02 16:05:05','2019-02-04 16:22:20','2019-02-04 16:22:20'),(223,134,'uploads/images/product/hDan4gsPYwzE379mKjNj2jJlU0GczzklisVTN3iS.jpeg',0,1,1,1,NULL,1,NULL,0,0,1,0,0,1,1,0,0,211,'active',NULL,'2018-08-15 19:10:35','2019-02-04 16:23:10','2019-02-04 16:23:10'),(224,134,'uploads/images/product/HE6pVIPJCY56MidIEKQMzgQ1O8To6Wx1ebbNHCAh.jpeg',0,1,1,1,NULL,1,NULL,0,0,1,0,0,1,1,0,0,211,'active',NULL,'2018-08-15 19:10:35','2019-02-04 16:22:04','2019-02-04 16:22:04'),(225,135,'uploads/images/product/FoxtWTyL4to2seOcKGq2SINa23M8Tt6uHdbmxcjp.jpeg',0,1,1,1,NULL,1,NULL,0,0,1,0,0,1,1,0,0,212,'active',NULL,'2018-08-16 18:33:45','2019-02-04 16:23:21','2019-02-04 16:23:21'),(226,135,'uploads/images/product/lEmzcnCfo3H22o7Viez54OkzZvIPQ0RaHHtm3Nh7.jpeg',0,1,1,1,NULL,1,NULL,0,0,1,0,0,1,1,0,0,212,'active',NULL,'2018-08-16 18:33:45','2019-02-04 16:23:10','2019-02-04 16:23:10'),(227,136,'uploads/images/product/MYgBgP06QuRr5vvkuyu7aTcLwsjm5XqBX7jmIQhA.jpeg',0,1,1,1,NULL,1,NULL,0,0,1,0,0,1,1,0,0,213,'active',NULL,'2018-08-28 20:56:27','2019-02-04 16:23:10','2019-02-04 16:23:10'),(228,136,'uploads/images/product/37PpBOKkBE7mcaWGuEBpBgeSuWzgxDxgX4W9pZjY.jpeg',0,1,1,1,NULL,1,NULL,0,0,1,0,0,1,1,0,0,213,'active',NULL,'2018-08-28 20:56:27','2019-02-04 16:23:21','2019-02-04 16:23:21'),(229,137,'uploads/images/product/BVDdwHiM40bxNN9x1jUUwAaQRubKN6PUtan149gf.jpeg',0,1,1,1,NULL,2,NULL,0,0,1,0,0,1,1,0,0,214,'active',NULL,'2018-08-28 20:59:11','2019-02-04 16:23:21','2019-02-04 16:23:21'),(230,137,'uploads/images/product/QHA98cGwh1mTo1peVZPkETPeA7nDFsxIhovWovBs.jpeg',0,1,1,1,NULL,2,NULL,0,0,1,0,0,1,1,0,0,214,'active',NULL,'2018-08-28 20:59:11','2019-02-04 16:23:21','2019-02-04 16:23:21'),(231,138,'uploads/images/product/g6I0bRDkpTovxJWw2KOqfISvNUwQIquaePP5aYM7.jpeg',0,1,1,1,NULL,2,NULL,0,0,1,0,0,1,1,0,0,216,'active',NULL,'2018-08-29 14:43:51','2019-02-04 16:23:10','2019-02-04 16:23:10'),(232,138,'uploads/images/product/Bk1wMYB1nawZmdWRSPiawtg52Lyj7gehbeDi73sc.jpeg',0,1,1,1,NULL,2,NULL,0,0,1,0,0,1,1,0,0,216,'active',NULL,'2018-08-29 14:43:51','2019-02-04 16:23:10','2019-02-04 16:23:10'),(233,139,'uploads/images/product/wS6RbF8wcb7QJZtO71r5nMVjSmOOUyCIpWW6fKUT.jpeg',0,1,1,1,NULL,1,NULL,0,0,1,0,0,1,1,0,0,217,'active',NULL,'2018-08-29 14:53:08','2019-02-04 16:23:10','2019-02-04 16:23:10'),(234,139,'uploads/images/product/RBRxNu09pi9RE2BXwHs0qNnU86ZRx9YJ7UxxDxex.jpeg',0,1,1,1,NULL,1,NULL,0,0,1,0,0,1,1,0,0,217,'active',NULL,'2018-08-29 14:53:08','2019-02-04 16:23:10','2019-02-04 16:23:10'),(235,140,'uploads/images/product/5mXjJ9WByjhuHrUUEihpYMv3iMmhd1yGWLrA7iM7.jpeg',0,1,1,1,NULL,2,NULL,0,0,1,0,0,1,1,0,0,218,'active',NULL,'2018-08-30 17:05:12','2019-02-04 16:22:04','2019-02-04 16:22:04'),(236,140,'uploads/images/product/DNdLRzO5pBb4F1mOyxJ0lXd3H9gwIrAdDx6FRrz7.jpeg',0,1,1,1,NULL,2,NULL,0,0,1,0,0,1,1,0,0,218,'active',NULL,'2018-08-30 17:05:12','2019-02-04 16:23:10','2019-02-04 16:23:10'),(237,141,'uploads/images/product/mrt9WuquPg73i4g0ScObpjlDJxsiQt92PZ40vYDF.jpeg',0,1,1,1,NULL,1,NULL,0,0,1,0,0,1,1,0,0,221,'active',NULL,'2018-09-01 17:09:00','2019-02-04 16:23:10','2019-02-04 16:23:10'),(238,141,'uploads/images/product/yZ9uUI3oljWIJf2Jhj0bzpxu8lwcN4CMsZX6zhDd.jpeg',0,1,1,1,NULL,1,NULL,0,0,1,0,0,1,1,0,0,221,'active',NULL,'2018-09-01 17:09:00','2019-02-04 16:23:10','2019-02-04 16:23:10'),(239,142,'uploads/images/product/nfCL7WE7VtdrwDOc83jJHuD6QezymG0nh6SJJVBX.jpeg',0,1,1,1,NULL,1,NULL,0,0,1,0,0,1,1,0,0,222,'active',NULL,'2018-09-02 14:16:20','2019-02-04 16:22:20','2019-02-04 16:22:20'),(240,142,'uploads/images/product/2luDD1x7tFE9h9FzGa9gWDjSIBTvnSGR7htagRqw.jpeg',0,1,1,1,NULL,1,NULL,0,0,1,0,0,1,1,0,0,222,'active',NULL,'2018-09-02 14:16:20','2019-02-04 16:22:04','2019-02-04 16:22:04'),(241,143,'uploads/images/product/6imNkOqS9YXRwT7yL1ZNcW6IllIAl1WbadxdfJOV.jpeg',0,1,1,1,NULL,2,NULL,0,0,1,0,0,1,1,0,0,223,'active',NULL,'2018-09-02 14:18:29','2019-02-04 16:23:10','2019-02-04 16:23:10'),(242,143,'uploads/images/product/FNaMefbGfnGHr99pTmTLNShmUtXrTi9Jbat2oSCS.jpeg',0,1,1,1,NULL,2,NULL,0,0,1,0,0,1,1,0,0,223,'active',NULL,'2018-09-02 14:18:29','2019-02-04 16:22:20','2019-02-04 16:22:20'),(243,144,'uploads/images/product/mfXaHqUro4I3SNnxeWVs5xQQGapWl5dARrkTDhxV.jpeg',0,1,1,1,NULL,1,NULL,0,0,1,0,0,1,1,0,0,224,'active',NULL,'2018-09-02 14:20:35','2019-02-04 16:22:20','2019-02-04 16:22:20'),(244,144,'uploads/images/product/aHq1DRUZLQzo74YO1AHpRm5xdCJKOthKVegX3gdO.jpeg',0,1,1,1,NULL,1,NULL,0,0,1,0,0,1,1,0,0,224,'active',NULL,'2018-09-02 14:20:35','2019-02-04 16:22:20','2019-02-04 16:22:20'),(245,145,'uploads/images/product/2Cg5lG5VlR67SmtdderuVlvMKwWBUwV8t0QmQHGF.jpeg',0,1,1,1,NULL,1,NULL,0,0,1,0,0,1,1,0,0,225,'active',NULL,'2018-09-02 14:33:10','2019-02-04 16:23:10','2019-02-04 16:23:10'),(246,145,'uploads/images/product/ktTnL2B5SQ9yWuYoJwdw91583i5cnBdGHYAzTYVh.jpeg',0,1,1,1,NULL,1,NULL,0,0,1,0,0,1,1,0,0,225,'active',NULL,'2018-09-02 14:33:10','2019-02-04 16:23:10','2019-02-04 16:23:10'),(247,86,'uploads/images/products/FNmnANHALTmExL0tF6PXvC5YS3pxPqMK1Ieu3lNw.jpeg',15,1,1,1,'1',0,3,0,400,240,40,1,1,1,0,0,1,'active',0,'2018-09-02 15:16:18','2019-02-04 16:21:30','2019-02-04 16:21:30'),(248,86,'uploads/images/products/oGLkqQuq5jOcJUTaPMcsJ74TflUztEmg34yTg1FA.jpeg',850,1,1,1,'1',0,2,0,751,751,0,1,1,1,0,0,1,'active',1,'2018-12-31 14:17:02','2019-02-04 16:21:30','2019-02-04 16:21:30'),(249,86,'uploads/images/products/n4bQXjRgtZWSna1jHDvDpOHlP9YufSbikFkV17at.jpeg',20,1,1,1,'1',0,1,0,10,10,2,1,1,1,0,0,1,'active',0,'2018-12-31 14:17:56','2019-02-04 16:21:30','2019-02-04 16:21:30'),(250,86,'uploads/images/products/P6lMBwvh4us0PHwhMViLuw0YOemT5Gvuw7tIvWaj.jpeg',3,1,1,1,'1',0,3,0,30,29,2,1,1,1,0,0,1,'active',0,'2018-12-31 14:19:41','2019-02-04 16:21:30','2019-02-04 16:21:30'),(251,86,'uploads/images/products/zm1EqeLXXWxjGvyJr6u4eMvb86KfimTOOadntjip.jpeg',321,1,1,1,'1',0,3,0,351,242,31,1,1,1,0,0,1,'active',0,'2018-12-31 14:20:14','2019-02-04 16:21:30','2019-02-04 16:21:30'),(252,86,'uploads/images/products/j0TDxBFKDpmrB2APtf4yonWpuNsecj1ympKI0FiY.jpeg',151,1,1,1,'1',0,1,0,151,148,2,1,1,1,0,0,1,'active',0,'2018-12-31 14:21:06','2019-02-04 16:21:30','2019-02-04 16:21:30'),(253,86,'uploads/images/products/NLbabakfd0IdUAsVKRUDcsaZUJlgbw6CcVof6q54.jpeg',632,1,1,1,'1',0,2,0,36,35,2,1,1,1,0,0,1,'active',0,'2018-12-31 14:21:57','2019-02-04 16:21:30','2019-02-04 16:21:30'),(254,86,'uploads/images/products/TdAzyNqpPCIIiuz6ReJFqhGQqsMdGvzKLGqZpmoz.jpeg',66,1,1,1,'1',0,1,0,25,24,3,1,1,1,0,0,1,'active',0,'2018-12-31 14:22:40','2019-02-04 16:21:30','2019-02-04 16:21:30'),(255,86,'uploads/images/products/ZPZsrICuSsQeTtgDoni699rzZKy6d5C78CTd1slB.jpeg',4584,1,1,1,'1',0,1,0,51,48,5,1,1,1,0,0,1,'active',0,'2018-12-31 14:23:28','2019-02-04 16:21:30','2019-02-04 16:21:30'),(256,86,'uploads/images/products/k0xfUOsGPIZmyELFHdEJHjXxSnbHOudY7B54BzTi.jpeg',626,1,1,1,'1',0,1,0,235,228,3,1,1,1,0,0,1,'active',0,'2018-12-31 14:23:56','2019-02-04 16:21:30','2019-02-04 16:21:30'),(257,86,'uploads/images/products/Vi1HUO890ytSygoZx1n6yG71GbDJM0mE1fL6cnkW.jpeg',45,1,1,1,'1',0,1,1,549,538,2,1,1,1,0,0,2,'active',0,'2018-12-31 14:26:33','2019-02-04 16:21:30','2019-02-04 16:21:30'),(258,148,'uploads/images/products/AbyGiUPdNhseTRXahdxe0XjvwfcJlrndWQj6yERG.png',30,1,1,1,'1',0,NULL,0,20,20,0,1,1,1,0,0,1,'active',0,'2019-01-09 20:49:42','2019-02-04 16:21:30','2019-02-04 16:21:30'),(259,149,'uploads/images/products/dyIw792rn2oTfADnevnQB13VuTnFhIgw5P1NhAut.jpeg',100,1,1,1,'1',0,NULL,0,65,65,0,1,1,1,0,0,1,'active',0,'2019-02-04 16:25:38','2019-05-16 19:21:13',NULL),(260,149,'uploads/images/products/rbIfFV5nljgMXoCt6XMxdHWb7rVi3GohMIti6MYl.jpeg',50,1,1,1,'1',0,NULL,0,49,49,0,1,1,1,0,0,1,'active',0,'2019-02-04 16:26:50','2019-05-16 19:21:13',NULL),(261,150,'uploads/images/products/O58Gm1uhmyBuVwnMDZCEzopvtfobRh7hltWh5YAD.jpeg',10,1,1,1,'1',0,NULL,0,10,10,0,1,1,1,0,0,1,'active',0,'2019-02-04 16:49:59','2019-05-16 19:21:13',NULL),(262,149,'uploads/images/products/lyhsby8uzQYhqmGSEm0Qyiu3gJmnTfEXQMBXwcan.jpeg',20,1,1,1,'1',0,NULL,0,50,50,0,1,1,1,0,0,1,'active',0,'2019-02-04 16:51:59','2019-05-16 19:21:13',NULL),(263,152,'uploads/images/products/LKeLg9E2RLj7KzCLxM5We3xTeCHXcQSFt48dnREa.jpeg',50,1,1,1,'1',0,NULL,0,13,10,20,1,1,1,0,0,1,'active',0,'2019-02-04 16:53:41','2019-04-11 06:29:17','2019-04-11 06:29:17'),(264,152,'uploads/images/products/zsemvHRdVEm4Pi8u4m06K2W8Wm0PZB7fGnf8Qge0.jpeg',30,1,1,1,'1',0,NULL,0,30,30,0,1,1,1,0,0,2,'active',0,'2019-02-04 16:54:36','2019-05-16 19:21:13',NULL),(265,153,'uploads/images/product/DV2tQkXVlcF8fkLtHaCbVfB81sz2Tq9uF2qNsNg8.jpeg',0,1,1,1,NULL,1,NULL,0,0,1,0,0,1,1,0,0,245,'active',NULL,'2019-02-21 14:40:29','2019-05-16 19:21:13',NULL),(266,153,'uploads/images/product/GK58Qtzdj8EgTpKEYLfEXvh4HRE5IJwfsmJT9nkv.jpeg',0,1,1,1,NULL,1,NULL,0,0,1,0,0,1,1,0,0,245,'active',NULL,'2019-02-21 14:40:29','2019-05-16 19:21:13',NULL),(267,154,'uploads/images/product/YroiS5q7xvX8Q37Gypp47SSQwfKZ8mKwKCKQKp4l.jpeg',0,1,1,1,NULL,1,NULL,0,0,1,0,0,1,1,0,0,250,'active',NULL,'2019-02-28 07:02:01','2019-02-28 07:25:38','2019-02-28 07:25:38'),(268,154,'uploads/images/product/vDpNccVmEP8rG8DBEiLQFYdKuLzF3PwIAPSxQxJi.jpeg',0,1,1,1,NULL,1,NULL,0,0,1,0,0,1,1,0,0,250,'active',NULL,'2019-02-28 07:02:01','2019-02-28 07:13:08','2019-02-28 07:13:08'),(269,155,'uploads/images/product/uZp1ilE1gP5m7WoD18j2D4O8I2vY4ifFbNjtrs5Z.jpeg',0,1,1,1,NULL,1,NULL,0,0,1,0,0,1,1,0,0,251,'active',NULL,'2019-02-28 07:21:11','2019-02-28 07:25:31','2019-02-28 07:25:31'),(270,155,'uploads/images/product/eAFEzSDLKsrNygQKyGpAyFcLlfUlxEAPKLaAfWBl.jpeg',0,1,1,1,NULL,1,NULL,0,0,1,0,0,1,1,0,0,251,'active',NULL,'2019-02-28 07:21:11','2019-02-28 07:25:31','2019-02-28 07:25:31'),(271,154,'uploads/images/products/XYN6Qb0C52aw70Ymj41GMNVvNajuWwxM5mnb3pQz.jpeg',1,1,1,1,'1',1,1,1,100,88,12,1,1,1,0,0,251,'active',1,'2019-02-28 07:33:01','2019-05-16 19:21:13',NULL),(272,149,'uploads/images/products/bSH2TESvK6tnFvNr1FjTDJkbBQIWRgSogGhcfRU5.jpeg',4,1,1,1,'1',1,1,0,22,22,2,1,1,1,0,0,251,'active',0,'2019-02-28 12:19:13','2019-05-16 19:21:13',NULL),(273,149,'uploads/images/products/8wQ8b4XciHgShL9rZonwwVuPdHvSwoI0vuU24i5S.jpeg',4,1,1,1,'1',1,1,0,22,22,2,1,1,1,0,0,251,'active',0,'2019-02-28 12:19:40','2019-05-16 19:21:13',NULL),(274,149,'uploads/images/products/npyXfXCoBmilkIXNSacJYS2N8WOt4vsh32JPehm8.jpeg',4,1,1,1,'1',1,1,0,22,22,2,1,1,1,0,0,251,'active',0,'2019-02-28 12:26:17','2019-02-28 12:36:00','2019-02-28 12:36:00'),(275,149,'uploads/images/products/TTmml197lHzLUDAO54ETPmzVhGKcc6Xb8aq6RRI3.jpeg',4,1,1,1,'1',1,1,0,22,22,2,1,1,1,0,0,251,'active',0,'2019-02-28 12:27:04','2019-05-16 19:21:13',NULL),(276,149,'uploads/images/products/dVBk6j77vTDBvgQPxoWrynpqdPmNuUMbdIYXQbAC.jpeg',4,1,1,1,'1',1,1,0,22,22,2,1,1,1,0,0,251,'active',0,'2019-02-28 12:27:49','2019-05-16 19:21:13',NULL),(277,149,'uploads/images/products/x1wc2GJJuKvt7Zp2zMRmSJDmN9FYisJCrxdTSbAO.jpeg',4,1,1,1,'1',1,1,0,22,22,2,1,1,1,0,0,251,'active',0,'2019-02-28 12:28:36','2019-05-16 19:21:13',NULL),(278,149,'uploads/images/products/v8RGSZOCyYqHh43cSKWz7smJo3YljkYDkklh1xrT.jpeg',4,1,1,1,'1',1,1,0,22,22,2,1,1,1,0,0,251,'active',0,'2019-02-28 12:28:54','2019-05-16 19:21:13',NULL),(279,149,'uploads/images/products/ICqFSWVs6tix2mtcgDqLWF1rPNLvwd4OAwJShf7r.jpeg',4,1,1,1,'1',1,1,0,22,22,2,1,1,1,0,0,251,'active',0,'2019-02-28 12:29:33','2019-05-16 19:21:13',NULL),(280,149,'uploads/images/products/CNLLwjPJ85CWXqT0Ps9jiTUG7TWItDuGKoHHbsGf.jpeg',4,1,1,1,'1',1,1,0,22,22,2,1,1,1,0,0,251,'active',0,'2019-02-28 12:30:23','2019-02-28 12:36:00','2019-02-28 12:36:00'),(281,156,'uploads/images/product/85HL1TSRqwo6io2UCLheoBILyUy4qCj2YMahySQK.jpeg',0,1,1,1,NULL,2,NULL,0,0,1,0,0,1,1,0,0,252,'active',NULL,'2019-02-28 12:40:27','2019-05-16 19:21:13',NULL),(282,156,'uploads/images/product/UekMyPzfr62jeyRcCOpv2BeRUUj5bFybemUvV77V.jpeg',0,1,1,1,NULL,2,NULL,0,0,1,0,0,1,1,0,0,252,'active',NULL,'2019-02-28 12:40:27','2019-05-16 19:21:13',NULL),(283,243,'uploads/images/products/ouTLiraF2gKx8kUcLfp5KMJbZoBaERWnnGUd5sS8.jpeg',150,1,1,1,'1',0,NULL,0,100,100,0,1,1,1,0,0,243,'active',0,'2019-03-03 20:23:51','2019-03-03 20:24:54','2019-03-03 20:24:54'),(284,243,'uploads/images/products/7Y2HoJKqKuKMVhpTuw0RY8SQnljsCZGqTuetgICV.jpeg',150,1,1,1,'1',0,NULL,0,100,100,0,1,1,1,0,0,243,'active',0,'2019-03-03 20:26:12','2019-03-03 20:35:07','2019-03-03 20:35:07'),(285,243,'uploads/images/products/4hkvQ2Ek4jyq8SF00LdvtuPMCrPOutRVJR5nexUx.jpeg',150,1,1,1,'1',0,NULL,0,100,100,0,1,1,1,0,0,243,'active',0,'2019-03-03 20:30:48','2019-03-03 20:35:07','2019-03-03 20:35:07'),(286,243,'uploads/images/products/vf0o5EXxKZhzlJxvvcxkXtMjV8DTmY8n2jukCsAg.jpeg',150,1,1,1,'1',0,NULL,0,100,100,0,1,1,1,0,0,243,'active',0,'2019-03-03 20:34:36','2019-03-03 20:35:07','2019-03-03 20:35:07'),(287,243,'uploads/images/products/XPQ1JsSqT3PJwr1dydWaMDuRxxIVh1Vb0fuyCRWq.jpeg',100,1,1,1,'1',0,NULL,0,150,150,0,1,1,1,0,0,243,'active',0,'2019-03-03 20:36:11','2019-05-16 19:21:13',NULL),(288,243,'uploads/images/products/BLwv4WS8etRiTHeMF99NV9qVutCZOJRcIV4PNKYP.jpeg',100,1,1,1,'1',0,NULL,0,150,150,0,1,1,1,0,0,243,'active',0,'2019-03-03 20:39:54','2019-05-16 19:21:13',NULL),(289,243,'uploads/images/products/3jsuEoBiXwCyG8gyzBgozQXivzNZmgaOloFaRtlV.jpeg',100,1,1,1,'1',0,NULL,0,150,38,50,1,1,1,0,0,243,'active',0,'2019-03-03 20:41:21','2019-05-16 19:21:13',NULL),(290,152,'uploads/images/products/0JCVnpy55VBNemYcSBID8oSumrl4Uk254M72L5YC.jpeg',100,1,1,1,'1',0,NULL,0,150,150,0,1,1,1,0,0,243,'active',0,'2019-03-03 22:40:07','2019-05-16 19:21:13',NULL),(291,157,'uploads/images/product/Xju85ploC4cpKmoR2gR29bQe0nApEBbG2vNHw0kA.jpeg',0,1,1,1,NULL,1,NULL,0,0,1,0,0,1,1,0,0,253,'active',NULL,'2019-03-05 08:41:35','2019-03-05 10:42:08','2019-03-05 10:42:08'),(292,157,'uploads/images/product/PwINpgR1VQxRhZG1WhYs42ccBo2jQ7E4cBXcZWfh.jpeg',4,1,1,1,NULL,1,NULL,0,0,1,0,0,1,1,0,0,253,'active',1,'2019-03-05 08:41:35','2019-03-05 10:42:03','2019-03-05 10:42:03'),(293,157,'uploads/images/products/EgRRuJQK1QucZwaNBytON7wwOlFVYkorZC1jie8R.png',77,1,1,1,'1',0,NULL,0,10,9,10,1,1,1,0,0,253,'active',0,'2019-03-05 18:57:08','2019-05-16 19:21:13',NULL),(294,159,'uploads/images/product/Yc6RlcY5dF2z6AEucwLV8BtyRSKTxv2XMMZ1cKso.jpeg',0,1,1,1,NULL,2,NULL,0,0,1,0,0,1,1,0,0,257,'active',NULL,'2019-03-22 21:38:09','2019-05-16 19:21:13',NULL),(295,159,'uploads/images/product/MfzV7YBElkiqzhXEzkKEUHnfGp8Z6SySNRHIwJpz.jpeg',0,1,1,1,NULL,2,NULL,0,0,1,0,0,1,1,0,0,257,'active',NULL,'2019-03-22 21:38:09','2019-05-16 19:21:13',NULL),(296,160,'uploads/images/product/b86z7GUpiHr7lyB11lO5OWfmdFXtMDYP6w08knG3.jpeg',0,1,1,1,NULL,2,NULL,0,0,1,0,0,1,1,0,0,258,'active',NULL,'2019-03-22 23:57:22','2019-05-16 19:21:13',NULL),(297,160,'uploads/images/product/4uzl7Yffoto6E001zjUAqPUluwslWMmZ6byw4ZBY.jpeg',0,1,1,1,NULL,2,NULL,0,0,1,0,0,1,1,0,0,258,'active',NULL,'2019-03-22 23:57:22','2019-05-16 19:21:13',NULL),(298,161,'uploads/images/product/C4Wza9qb3yVCkhGGU5KaCcg5SyiHTAi9vtSIUuQ5.jpeg',0,1,1,1,NULL,2,NULL,0,0,1,0,0,1,1,0,0,259,'active',NULL,'2019-03-23 00:22:28','2019-05-16 19:21:13',NULL),(299,161,'uploads/images/product/VOY7t3eCqlwXLmP7FmTGpiAjo5dxc5oEPK79n5aY.jpeg',0,1,1,1,NULL,2,NULL,0,0,1,0,0,1,1,0,0,259,'active',NULL,'2019-03-23 00:22:28','2019-03-24 23:56:43','2019-03-24 23:56:43'),(300,161,'uploads/images/products/XBT2eRafxR4GhGaHM6fZz6qvkKdew6fUgxMN4kVr.jpeg',2,1,1,1,'1',0,NULL,0,1.5,2,0,1,1,1,0,0,259,'active',1,'2019-03-24 22:48:58','2019-05-16 19:21:13',NULL),(301,161,'uploads/images/products/DffRBYeXs5C944iPxhdxy71jTjlf36IgxvIqHQwS.jpeg',2,1,1,1,'1',0,NULL,0,1.5,2,0,1,1,1,0,0,259,'active',2,'2019-03-24 23:03:37','2019-05-16 19:21:13',NULL),(302,161,'uploads/images/products/RGzXNkgYoVCrxEygYZAjUNwJekrsEXPnOoXUdgNn.jpeg',2,1,1,1,'1',0,NULL,0,1.5,2,0,1,1,1,0,0,259,'active',2,'2019-03-24 23:03:39','2019-03-24 23:29:07','2019-03-24 23:29:07'),(303,161,'uploads/images/products/hAlIN1fv74woDuAx1GAuQg5FY0vfAGLSKCqxeMcP.jpeg',2,1,1,1,'1',0,NULL,0,1.5,2,0,1,1,1,0,0,259,'active',3,'2019-03-24 23:07:46','2019-05-16 19:21:13',NULL),(304,161,'uploads/images/products/5RyDldLEvTmWPty1qg7Xb261jX7Xd5ejloC41au9.jpeg',2,1,1,1,'1',0,NULL,0,1.5,2,0,1,1,1,0,0,259,'active',3,'2019-03-24 23:17:23','2019-03-24 23:29:20','2019-03-24 23:29:20'),(305,161,'uploads/images/products/0vv96Jn6LLg7lGpLlIsO2R4mNpFmOQHoAs2xU9VR.jpeg',2,1,1,1,'1',0,NULL,0,1.5,2,0,1,1,1,0,0,259,'active',4,'2019-03-24 23:42:13','2019-05-16 19:21:13',NULL),(306,161,'uploads/images/products/XJEpehhNGik2aoXkwGmMnyannzywIJryOjYaGCBX.jpeg',2,1,1,1,'1',0,NULL,0,1.5,2,0,1,1,1,0,0,259,'active',5,'2019-03-24 23:56:15','2019-05-16 19:21:13',NULL),(307,161,'uploads/images/products/DLCjyDzy73f2IMTbxDj5xrTX5P4b4Jb8l6GpIQFA.jpeg',2,1,1,1,'1',0,NULL,0,1.5,2,0,1,1,1,0,0,259,'active',6,'2019-03-25 00:14:23','2019-05-16 19:21:13',NULL),(308,161,'uploads/images/products/jaVAkToQoErYaHyryqCT7J95He5ZNvWuZCc7PhyE.jpeg',2,1,1,1,'1',0,NULL,0,1.5,2,0,1,1,1,0,0,259,'active',7,'2019-03-25 00:20:19','2019-05-16 19:21:13',NULL),(309,161,'uploads/images/products/OrPogCiuzXdWy6parFc4G2I5SEpGWBGZ6qE6q1od.jpeg',2,1,1,1,'1',0,NULL,0,1.5,2,0,1,1,1,0,0,259,'active',7,'2019-03-25 06:37:41','2019-05-16 19:21:13',NULL),(310,161,'uploads/images/products/g8IywhDX7vGMgx2xiredydgUApg17V8xIYJh8m7e.jpeg',2,1,1,1,'1',0,NULL,0,1.5,2,0,1,1,1,0,0,259,'active',8,'2019-03-25 06:40:28','2019-05-16 19:21:13',NULL),(311,161,'uploads/images/products/bFBZbB4ASmT1gzZuQrjW1a8X5JFwk8CBpHembjzz.jpeg',2,1,1,1,'1',0,NULL,0,1.5,2,0,1,1,1,0,0,259,'active',9,'2019-03-25 06:44:02','2019-05-16 19:21:13',NULL),(312,161,'uploads/images/products/mTo0uz6q10AL8PdDokzkGdE9Wn7AA3URLGdlXzQ5.jpeg',2,1,1,1,'1',0,NULL,0,1.5,2,0,1,1,1,0,0,259,'active',0,'2019-03-25 06:48:28','2019-05-16 19:21:13',NULL),(313,161,'uploads/images/products/VGxmhIpKbNqmrZQafwNKGc1epfkTvaXnATIyX9dR.jpeg',2,1,1,1,'1',0,NULL,0,1.5,2,0,1,1,1,0,0,259,'active',11,'2019-03-25 06:54:46','2019-05-16 19:21:13',NULL),(314,161,'uploads/images/products/XfsCLLergOa2wsBtuPoSUyoiGdWcGpxeWYQQcMAj.jpeg',2,1,1,1,'1',0,NULL,0,1.5,2,0,1,1,1,0,0,259,'active',12,'2019-03-25 07:03:38','2019-05-16 19:21:13',NULL),(315,161,'uploads/images/products/BDQ9iFMl0Fc4Rr6HBkK03D3PdsMYGeEhm2SxuMZ7.jpeg',4,1,1,1,'1',0,NULL,0,15,15,0,1,1,1,0,0,259,'active',1,'2019-03-25 07:08:59','2019-03-25 07:18:33','2019-03-25 07:18:33'),(316,161,'uploads/images/products/ZSeDtVJezgOS51yZNrHxuGFOApotF5dexEppsPTH.jpeg',4,1,1,1,'1',0,NULL,0,15,15,0,1,1,1,0,0,259,'active',1,'2019-03-25 07:12:44','2019-03-25 07:18:41','2019-03-25 07:18:41'),(317,161,'uploads/images/products/St0HTaL40Yca96fyibhjAkX2drn93GmHlkJPDNbO.jpeg',15,1,1,1,'1',0,NULL,0,25,25,0,1,1,1,0,0,259,'active',3,'2019-03-25 07:16:50','2019-05-16 19:21:13',NULL),(318,161,'uploads/images/products/aWCVLBrYfYcwyFCfpKxGA9WPCfpSBt2tgFympgyk.jpeg',8,1,1,1,'1',0,NULL,0,15,15,0,1,1,1,0,0,259,'active',2,'2019-03-25 07:25:49','2019-05-16 19:21:13',NULL),(319,161,'uploads/images/products/FEvYdi0BnJMsQIks6hRJM3AjOXKYtBqsI79i08Dy.jpeg',4,1,1,1,'1',0,NULL,0,12,12,0,1,1,1,0,0,259,'active',3,'2019-03-25 07:29:24','2019-05-16 19:21:13',NULL),(320,161,'uploads/images/products/NyxCjhfmJ4NHxX4kTi2acEKTaZxPWF6RzeEOlor1.jpeg',4,1,1,1,'1',0,NULL,0,3.5,4,0,1,1,1,0,0,259,'active',1,'2019-03-26 02:06:22','2019-05-16 19:21:13',NULL),(321,161,'uploads/images/products/dzOoqn7JLLyqnnoyzBv7ZQnJ0IdU2th1l6aWQvMn.jpeg',4,1,1,1,'1',0,NULL,0,3.5,4,0,1,1,1,0,0,259,'active',2,'2019-03-26 02:10:19','2019-05-16 19:21:13',NULL),(322,161,'uploads/images/products/eJAId1OmUvcBFhUmKJS2NicCqhoKmQX9D4hlSdOS.jpeg',4,1,1,1,'1',0,NULL,0,3.5,4,0,1,1,1,0,0,259,'active',3,'2019-03-26 02:13:10','2019-05-16 19:21:13',NULL),(323,161,'uploads/images/products/MgTCrtSZO0QAsQAb7jkYrte19ATkOsQSKgsBaMQG.jpeg',4,1,1,1,'1',0,NULL,0,3.5,4,0,1,1,1,0,0,259,'active',4,'2019-03-26 02:26:58','2019-05-16 19:21:13',NULL),(324,161,'uploads/images/products/Q7BUTKkSS8E9ikj2z9LWyu5iROZ0ExGW05C6fF6S.jpeg',6,1,1,1,'1',0,NULL,0,14,14,0,1,1,1,0,0,259,'active',5,'2019-03-26 02:30:51','2019-05-16 19:21:13',NULL),(325,161,'uploads/images/products/pj6gbjF0fHr5Mvp9ztqASsN59FrCTAPecToO5eLo.jpeg',8,1,1,1,'1',0,NULL,0,7,7,0,1,1,1,0,0,259,'active',0,'2019-03-26 02:41:23','2019-05-16 19:21:13',NULL),(326,161,'uploads/images/products/0Kftz6NdPc6s1ynAmwEbA3F9x916kJwzvsiqfyO7.jpeg',2,1,1,1,'1',0,NULL,0,3,3,0,1,1,1,0,0,259,'active',0,'2019-03-26 02:45:20','2019-05-16 19:21:13',NULL),(327,163,'uploads/images/product/5H3KWzHYBGa5CdY2db4iNhuz2Uo92vU5ySSVB4cH.jpeg',0,1,1,1,NULL,2,NULL,0,0,1,0,0,1,1,0,0,262,'active',NULL,'2019-03-27 05:09:51','2019-05-16 19:21:13',NULL),(328,163,'uploads/images/product/gef5Gk16wwd29xCJwfqWnCTB9lMCykbrWdQKqMlm.jpeg',0,1,1,1,NULL,2,NULL,0,0,1,0,0,1,1,0,0,262,'active',NULL,'2019-03-27 05:09:51','2019-05-16 19:21:13',NULL),(329,164,'uploads/images/product/iFXs2rMu3qQxb5OV9yJGMYS7xL1Wp23YvZzIREmk.jpeg',0,1,1,1,NULL,1,NULL,0,0,1,0,0,1,1,0,0,264,'active',NULL,'2019-04-02 06:36:37','2019-05-16 19:21:13',NULL),(330,164,'uploads/images/product/drFOxk02Hns1KNmCRABPxtQqZtZ4Yf5mhiviMjRv.jpeg',0,1,1,1,NULL,1,NULL,0,0,1,0,0,1,1,0,0,264,'active',NULL,'2019-04-02 06:36:37','2019-05-16 19:21:13',NULL),(331,164,'uploads/images/products/ZXQ2iQXzeOfaabdqwldLskKweOQ66M5skpsWGelj.jpeg',1,1,1,1,'1',0,NULL,0,20,19,5,0,1,1,0,0,57,'active',0,'2019-04-02 06:59:42','2019-05-16 19:21:13',NULL),(332,152,'uploads/images/products/MHdmz0o3evrrYwlt3MDhprmX5f4m6xJeAzfLaZoh.jpeg',10,1,1,1,'1',0,NULL,0,20,20,0,1,1,1,0,0,243,'active',0,'2019-04-10 18:02:48','2019-04-10 18:13:10','2019-04-10 18:13:10'),(333,152,'uploads/images/products/Vs4KLvkBm7S3u3ht36IJSuYM68IzriOImInlI4xO.jpeg',10,1,1,1,'1',0,NULL,0,20,30,0,1,1,1,0,0,57,'active',0,'2019-04-10 18:12:43','2019-05-16 19:21:13',NULL),(334,152,'uploads/images/products/zhzjMHwvLCEOiL1bKMDvG6T9M7NIDnYoBHCPhEGB.jpeg',100,1,1,1,'1',0,NULL,0,0,50,NULL,1,1,1,0,0,57,'active',0,'2019-04-10 22:35:37','2019-04-10 22:38:27','2019-04-10 22:38:27'),(335,152,'uploads/images/products/vAEPmkcEiDOeq601LQlM81838oDVQ1GfKOelwNds.jpeg',100,1,1,1,'1',0,NULL,0,100,50,50,1,1,1,0,0,57,'active',0,'2019-04-10 22:37:47','2019-05-16 19:21:13',NULL),(336,152,'uploads/images/products/4EY8OIPs4kCEthaQewam0LIFaH3xLTuWB8IaneeN.jpeg',200,1,1,1,'1',0,NULL,0,200,180,10,0,1,1,0,0,243,'active',0,'2019-04-10 23:47:15','2019-05-16 19:21:13',NULL),(337,165,'uploads/images/product/ToMlSI85TFpMS5d63UCUzMUFIR6AHoH4E27dhyHM.jpeg',0,1,1,1,NULL,1,NULL,0,0,1,0,0,1,1,0,0,266,'active',NULL,'2019-04-11 23:06:50','2019-05-16 19:21:13',NULL),(338,165,'uploads/images/product/DM8lDOdVQPyhvTEmI4stWLTUnuBBkuABiyR9vR2s.jpeg',0,1,1,1,NULL,1,NULL,0,0,1,0,0,1,1,0,0,266,'active',NULL,'2019-04-11 23:06:50','2019-05-16 19:21:13',NULL),(339,166,'uploads/images/product/HGaqhHqQmn7qFWHiQQHsr0aVNnKANmlO83ljqXHj.jpeg',0,1,1,1,NULL,1,NULL,0,0,1,0,0,1,1,0,0,270,'active',NULL,'2019-04-15 23:46:23','2019-05-16 19:21:13',NULL),(340,166,'uploads/images/product/f5IrMWmGSCuv0oBZyzuS0e32hCCQacYQDn4rf0C7.jpeg',0,1,1,1,NULL,1,NULL,0,0,1,0,0,1,1,0,0,270,'active',NULL,'2019-04-15 23:46:23','2019-05-16 19:21:13',NULL),(341,167,'uploads/images/product/50vm0EDZ0tNXpWdhfByclf8RpwF0mOtF8nlOFCMl.jpeg',0,1,1,1,NULL,2,NULL,0,0,1,0,0,1,1,0,0,271,'active',NULL,'2019-04-16 17:08:14','2019-05-16 19:21:13',NULL),(342,167,'uploads/images/product/f9r7FX5Uyd75io82OfL2KfgcdAzjrfirjNr51MOW.jpeg',0,1,1,1,NULL,2,NULL,0,0,1,0,0,1,1,0,0,271,'active',NULL,'2019-04-16 17:08:14','2019-05-16 19:21:13',NULL),(343,155,'uploads/images/products/y7bAAMXFGfl0StbN1BnL9O4SsMW0kbDi5jR6MZ7E.jpeg',2,1,1,1,'1',0,NULL,0,10,1,90,1,1,1,0,0,251,'not_active',0,'2019-05-05 19:29:30','2019-05-05 19:40:52','2019-05-05 19:40:52'),(344,155,'uploads/images/products/RygkA9CNzykRUH0ZbF1wWdP2CHqjwEFDpEMyCgoC.jpeg',2,1,1,1,'1',0,NULL,0,0,10,0,0,1,1,0,0,251,'not_active',0,'2019-05-05 19:32:06','2019-05-05 19:40:52','2019-05-05 19:40:52'),(345,155,'uploads/images/products/A4KnzPYHIKhFjdsfYqYlVFyn3Gix7wjTS6w2wHGE.jpeg',5,1,1,1,'1',0,NULL,0,0,5,0,0,1,1,0,0,251,'active',0,'2019-05-05 19:38:56','2019-05-05 19:40:52','2019-05-05 19:40:52'),(346,155,'uploads/images/products/571kjjbbIXVPLbgEmz3ISIPQmC2eyBPhRudWA8YI.jpeg',10,1,1,1,'1',0,NULL,0,0,10,0,0,1,1,0,0,251,'active',0,'2019-05-05 19:40:10','2019-05-05 19:40:52','2019-05-05 19:40:52'),(347,168,'uploads/images/product/9Fi4qqh5Z0cr8kljgJT83n8ts7i0lUZTE1eh0Umt.jpeg',0,1,1,1,NULL,1,NULL,0,0,1,0,0,1,1,0,0,273,'active',NULL,'2019-05-08 23:16:57','2019-05-16 19:21:13',NULL),(348,168,'uploads/images/product/m3YMOHic1Hb1ipwWCRbBSpZswh0bvinJohc9s6eD.jpeg',0,1,1,1,NULL,1,NULL,0,0,1,0,0,1,1,0,0,273,'active',NULL,'2019-05-08 23:16:57','2019-05-16 19:21:13',NULL),(349,152,'uploads/images/products/9njsf8znTekFx2wabzgewOBc24XTHpt7e6KsP0YD.png',100,1,1,1,'1',0,NULL,0,0,100,0,0,1,1,0,0,57,'active',0,'2019-05-16 19:29:39','2019-05-16 19:29:39',NULL);
/*!40000 ALTER TABLE `products` ENABLE KEYS */;
UNLOCK TABLES;

--
-- Table structure for table `publish_type`
--

DROP TABLE IF EXISTS `publish_type`;
/*!40101 SET @saved_cs_client     = @@character_set_client */;
/*!40101 SET character_set_client = utf8 */;
CREATE TABLE `publish_type` (
  `id` int(11) NOT NULL AUTO_INCREMENT,
  `title` varchar(300) COLLATE utf8_unicode_ci NOT NULL,
  `points` int(11) NOT NULL,
  `created_at` timestamp NOT NULL DEFAULT current_timestamp(),
  `updated_at` timestamp NOT NULL DEFAULT '0000-00-00 00:00:00',
  `deleted_at` timestamp NULL DEFAULT NULL,
  PRIMARY KEY (`id`)
) ENGINE=InnoDB AUTO_INCREMENT=4 DEFAULT CHARSET=utf8 COLLATE=utf8_unicode_ci;
/*!40101 SET character_set_client = @saved_cs_client */;

--
-- Dumping data for table `publish_type`
--

LOCK TABLES `publish_type` WRITE;
/*!40000 ALTER TABLE `publish_type` DISABLE KEYS */;
INSERT INTO `publish_type` VALUES (1,'New',5000,'2018-01-24 11:59:06','2018-05-20 06:23:33',NULL),(2,'Featured publication',7000,'2018-01-24 11:59:09','2018-05-20 06:23:33',NULL),(3,'Normal Publication',3000,'2018-01-24 11:59:15','2018-05-20 06:23:33',NULL);
/*!40000 ALTER TABLE `publish_type` ENABLE KEYS */;
UNLOCK TABLES;

--
-- Table structure for table `rates`
--

DROP TABLE IF EXISTS `rates`;
/*!40101 SET @saved_cs_client     = @@character_set_client */;
/*!40101 SET character_set_client = utf8 */;
CREATE TABLE `rates` (
  `id` int(11) NOT NULL AUTO_INCREMENT,
  `user_id` int(11) NOT NULL,
  `product_id` int(11) NOT NULL,
  `rate` int(11) NOT NULL,
  `comment` text COLLATE utf8_unicode_ci DEFAULT NULL,
  `created_at` timestamp NOT NULL DEFAULT current_timestamp(),
  `updated_at` timestamp NOT NULL DEFAULT '0000-00-00 00:00:00',
  `deleted_at` timestamp NULL DEFAULT NULL,
  PRIMARY KEY (`id`)
) ENGINE=InnoDB AUTO_INCREMENT=3 DEFAULT CHARSET=utf8 COLLATE=utf8_unicode_ci;
/*!40101 SET character_set_client = @saved_cs_client */;

--
-- Dumping data for table `rates`
--

LOCK TABLES `rates` WRITE;
/*!40000 ALTER TABLE `rates` DISABLE KEYS */;
INSERT INTO `rates` VALUES (1,2,1,4,'ya hala','2018-01-25 09:11:25','2018-01-25 09:38:08',NULL),(2,2,1,5,NULL,'2018-01-25 11:46:12','0000-00-00 00:00:00',NULL);
/*!40000 ALTER TABLE `rates` ENABLE KEYS */;
UNLOCK TABLES;

--
-- Table structure for table `settings`
--

DROP TABLE IF EXISTS `settings`;
/*!40101 SET @saved_cs_client     = @@character_set_client */;
/*!40101 SET character_set_client = utf8 */;
CREATE TABLE `settings` (
  `id` int(11) NOT NULL AUTO_INCREMENT,
  `key` varchar(300) COLLATE utf8_unicode_ci NOT NULL,
  `value` text COLLATE utf8_unicode_ci NOT NULL,
  `allow` enum('no','yes') COLLATE utf8_unicode_ci NOT NULL DEFAULT 'no',
  PRIMARY KEY (`id`)
) ENGINE=InnoDB AUTO_INCREMENT=31 DEFAULT CHARSET=utf8 COLLATE=utf8_unicode_ci;
/*!40101 SET character_set_client = @saved_cs_client */;

--
-- Dumping data for table `settings`
--

LOCK TABLES `settings` WRITE;
/*!40000 ALTER TABLE `settings` DISABLE KEYS */;
INSERT INTO `settings` VALUES (1,'site_name','MY EXPO','no'),(2,'email','info@expo.com','yes'),(3,'phone','+958-56845-213','yes'),(4,'url','expo','yes'),(5,'facebook','https://www.facebook.com/Linekw/','yes'),(6,'twitter','https://www.twitter.com/linekwt/','yes'),(7,'site_address','kuwait - City - Street','yes'),(8,'site_logo','uploads/images/settings//Kjmiha8x9eLYRaIEYMnnxzB4exw4cbG1zSkvOxOW.jpeg','no'),(9,'longitude','47.90357240000003','yes'),(10,'latitude','29.352729','yes'),(11,'per_page','200','no'),(12,'privacy','12 	privacy','no'),(13,'terms','13 	terms','no'),(14,'about','14 	about','no'),(15,'office_address','402 Rimal ’ Building, Aljalaa’ st.<br>Gaza, Palestine.','no'),(16,'email_address','info@expo.com','no'),(17,'contact_information','+970 59 943 6800','no'),(18,'instagram','https://www.instegram.com/linekw','yes'),(21,'payment_subscribtion','<p>21 payment_subscribtion</p>','no'),(22,'about_ar','<p>عن التطبيق<br />\r\nتطبيق ارض المعارض اون لاين المفتوح في الكويت وبقية دول الخليج لكل قطاعات أعمال التجارة الخاصه بالأزياء وغيرها, يهدف لتسهيل الوصول للشركات في الكويت ومنتجاتها والتواصل معهم مباشره ومع أعضاء فريقهم<br />\r\nMy Expo يهدف لتسهيل معرفه الاشخاص من داخل الكويت وخارجها بالشركات العامله بالكويت<br />\r\nيمكن لاصحاب الاكسبو والبوثات تحديث واضافه منتجاتهم من خلال حساباتهم وارسال اشعارات لمستخدمي التطبيق</p>','no'),(23,'about_en','<p>About us (En) *<br />\r\nتطبيق ارض المعارض اون لاين المفتوح في الكويت وبقية دول الخليج لكل قطاعات أعمال التجارة الخاصه بالأزياء وغيرها, يهدف لتسهيل الوصول للشركات في الكويت ومنتجاتها والتواصل معهم مباشره ومع أعضاء فريقهم<br />\r\nMy Expo يهدف لتسهيل معرفه الاشخاص من داخل الكويت وخارجها بالشركات العامله بالكويت<br />\r\nيمكن لاصحاب الاكسبو والبوثات تحديث واضافه منتجاتهم من خلال حساباتهم وارسال اشعارات لمستخدمي التطبيق</p>','no'),(24,'terms_ar','<p>Term of use (Ar)<br />\r\n1. Whenever You use this website, you will be subject to the Privacy Statement in force at all times, and You should review that text in order to check that You are in agreement with it. The provision of your data is voluntary, however, please note that if You do not provide us with the required personal data, we may not be able to provide the information, products or services You need or process your request.<br />\r\n2. Personal data You provide will be kept in a file under the responsibility of ITX FASHION LIMITED (&quot;ITX&quot;) for the purposes of:<br />\r\n1. the performance and enforcement of the purchase and sale contract over the products You have purchased, or of any other contract between You and us; and<br />\r\n2. attending to Your requests.<br />\r\n3. You have the right to access and correct your personal data and request information about our data protection policies and procedures. ITX FASHION LIMITED, with registered address at Hainault House, 5th Floor, 69-71 Stephen&acute;s Green, Dublin 2, Ireland, being in charge of the file, undertakes to keep your personal information confidential and to ensure the exercise of your access, rectification, cancellation and objection rights by sending a letter to the above referred address or to the registered address of Inditex, S.A., as provided in the paragraph below or by e-mail to funcionlopd@inditex.com , for the attention of &quot;Funci&oacute;n LOPD&quot;.<br />\r\n4. To fulfill the purposes above, we are required to disclose the information that You have provided to us to other companies in the Inditex Group located in Spain (with activities, both online and in-store, related to the sectors of decoration, textiles, finished clothing products and home decoration, other complimentary sectors such as cosmetics and leather goods, as well as the development and support of e-commerce business) which ITX forms part, and Industria de Dise&ntilde;o Textil, S.A. (Inditex, S.A.), the holding company of the Inditex Group with registered address at Avenida de la Diputaci&oacute;n, Edificio Inditex, 15142 Arteixo (A Coru&ntilde;a), and we understand that by providing information in this website or otherwise to us, You expressly authorize us to disclose and process your information as described.<br />\r\n5. We also intend to use your name, email address, address or phone number to send you commercial communications (both online and in-stores) about decoration, textile, finished fashion, homeware and furniture, cosmetics, leather goods, lingerie, underwear, accessories, fragrances products and services of myexpo.shop and/ or of any other brands/companies belonging to the Inditex Group, including those with activities related to the development and support of e-commerce business. myexpo.shop may share your personal data with any other companies within the Inditex Group who provide decoration, textile, finished fashion, homeware and furniture, cosmetics, leather goods, lingerie, underwear, accessories, fragrances products and services, as well as the development and support of e-commerce business for direct marketing purposes. Your consent is<br />\r\nrequired before we do so. You can withdraw your consent by writing to the above referred<br />\r\naddress/e-mail of ITX FASHION LIMITED. You can change your preference in respect of<br />\r\nreceiving such communications by logging into the MY ACCOUNT section of this website and<br />\r\nediting your preferences. You can unsubscribe at the Newsletter section.<br />\r\n6. The user (You) hereby guarantees that the personal data provided is true and accurate and<br />\r\nundertakes to notify any change or alteration to the same. Any loss or damage caused to the<br />\r\nwebsite or to the person responsible for the web-site or to any third person through the provision<br />\r\nof erroneous, inexact or incomplete information on the registration forms will be the exclusive<br />\r\nresponsibility of the User.<br />\r\n7. Cookies: We use cookies in this website, small text files with information on your navigation in<br />\r\nthis site whose principal objective is to improve your experience in the website. You can find<br />\r\nfurther information on the cookies that we use, their purpose and other information of interest in<br />\r\nthe section Information on cookies.<br />\r\nBy accepting this privacy policy you consent to the use of the cookies used in this website and<br />\r\nwhich are described on the previously indicated page.<br />\r\nYou may refuse to accept cookies by activating the setting on your browser which allows You to<br />\r\nrefuse the setting of cookies. However, if You select this setting You may be unable to access<br />\r\ncertain parts of the Website or unable to avail of any of our services. Unless You have adjusted<br />\r\nyour browser setting so that it will refuse cookies, our system will issue cookies when You log on<br />\r\nto our site.</p>','no'),(25,'terms_en','<p>Term of use (En)<br />\r\n1. Whenever You use this website, you will be subject to the Privacy Statement in force at all times, and You should review that text in order to check that You are in agreement with it. The provision of your data is voluntary, however, please note that if You do not provide us with the required personal data, we may not be able to provide the information, products or services You need or process your request.<br />\r\n2. Personal data You provide will be kept in a file under the responsibility of ITX FASHION LIMITED (&quot;ITX&quot;) for the purposes of:<br />\r\n1. the performance and enforcement of the purchase and sale contract over the products You have purchased, or of any other contract between You and us; and<br />\r\n2. attending to Your requests.<br />\r\n3. You have the right to access and correct your personal data and request information about our data protection policies and procedures. ITX FASHION LIMITED, with registered address at Hainault House, 5th Floor, 69-71 Stephen&acute;s Green, Dublin 2, Ireland, being in charge of the file, undertakes to keep your personal information confidential and to ensure the exercise of your access, rectification, cancellation and objection rights by sending a letter to the above referred address or to the registered address of Inditex, S.A., as provided in the paragraph below or by e-mail to funcionlopd@inditex.com , for the attention of &quot;Funci&oacute;n LOPD&quot;.<br />\r\n4. To fulfill the purposes above, we are required to disclose the information that You have provided to us to other companies in the Inditex Group located in Spain (with activities, both online and in-store, related to the sectors of decoration, textiles, finished clothing products and home decoration, other complimentary sectors such as cosmetics and leather goods, as well as the development and support of e-commerce business) which ITX forms part, and Industria de Dise&ntilde;o Textil, S.A. (Inditex, S.A.), the holding company of the Inditex Group with registered address at Avenida de la Diputaci&oacute;n, Edificio Inditex, 15142 Arteixo (A Coru&ntilde;a), and we understand that by providing information in this website or otherwise to us, You expressly authorize us to disclose and process your information as described.<br />\r\n5. We also intend to use your name, email address, address or phone number to send you commercial communications (both online and in-stores) about decoration, textile, finished fashion, homeware and furniture, cosmetics, leather goods, lingerie, underwear, accessories, fragrances products and services of myexpo.shop and/ or of any other brands/companies belonging to the Inditex Group, including those with activities related to the development and support of e-commerce business. myexpo.shop may share your personal data with any other companies within the Inditex Group who provide decoration, textile, finished fashion, homeware and furniture, cosmetics, leather goods, lingerie, underwear, accessories, fragrances products and services, as well as the development and support of e-commerce business for direct marketing purposes. Your consent is<br />\r\nrequired before we do so. You can withdraw your consent by writing to the above referred<br />\r\naddress/e-mail of ITX FASHION LIMITED. You can change your preference in respect of<br />\r\nreceiving such communications by logging into the MY ACCOUNT section of this website and<br />\r\nediting your preferences. You can unsubscribe at the Newsletter section.<br />\r\n6. The user (You) hereby guarantees that the personal data provided is true and accurate and<br />\r\nundertakes to notify any change or alteration to the same. Any loss or damage caused to the<br />\r\nwebsite or to the person responsible for the web-site or to any third person through the provision<br />\r\nof erroneous, inexact or incomplete information on the registration forms will be the exclusive<br />\r\nresponsibility of the User.<br />\r\n7. Cookies: We use cookies in this website, small text files with information on your navigation in<br />\r\nthis site whose principal objective is to improve your experience in the website. You can find<br />\r\nfurther information on the cookies that we use, their purpose and other information of interest in<br />\r\nthe section Information on cookies.<br />\r\nBy accepting this privacy policy you consent to the use of the cookies used in this website and<br />\r\nwhich are described on the previously indicated page.<br />\r\nYou may refuse to accept cookies by activating the setting on your browser which allows You to<br />\r\nrefuse the setting of cookies. However, if You select this setting You may be unable to access<br />\r\ncertain parts of the Website or unable to avail of any of our services. Unless You have adjusted<br />\r\nyour browser setting so that it will refuse cookies, our system will issue cookies when You log on<br />\r\nto our site.</p>','no'),(26,'privacy_ar','<p>Privacy policy (Ar) * شروط الاستخدام</p>\r\n\r\n<p>1. Whenever You use this website, you will be subject to the Privacy Statement in force at all times, and You should review that text in order to check that You are in agreement with it. The provision of your data is voluntary, however, please note that if You do not provide us with the required personal data, we may not be able to provide the information, products or services You need or process your request.<br />\r\n2. Personal data You provide will be kept in a file under the responsibility of ITX FASHION LIMITED (&quot;ITX&quot;) for the purposes of:<br />\r\n1. the performance and enforcement of the purchase and sale contract over the products You have purchased, or of any other contract between You and us; and<br />\r\n2. attending to Your requests.<br />\r\n3. You have the right to access and correct your personal data and request information about our data protection policies and procedures. ITX FASHION LIMITED, with registered address at Hainault House, 5th Floor, 69-71 Stephen&acute;s Green, Dublin 2, Ireland, being in charge of the file, undertakes to keep your personal information confidential and to ensure the exercise of your access, rectification, cancellation and objection rights by sending a letter to the above referred address or to the registered address of Inditex, S.A., as provided in the paragraph below or by e-mail to funcionlopd@inditex.com , for the attention of &quot;Funci&oacute;n LOPD&quot;.<br />\r\n4. To fulfill the purposes above, we are required to disclose the information that You have provided to us to other companies in the Inditex Group located in Spain (with activities, both online and in-store, related to the sectors of decoration, textiles, finished clothing products and home decoration, other complimentary sectors such as cosmetics and leather goods, as well as the development and support of e-commerce business) which ITX forms part, and Industria de Dise&ntilde;o Textil, S.A. (Inditex, S.A.), the holding company of the Inditex Group with registered address at Avenida de la Diputaci&oacute;n, Edificio Inditex, 15142 Arteixo (A Coru&ntilde;a), and we understand that by providing information in this website or otherwise to us, You expressly authorize us to disclose and process your information as described.<br />\r\n5. We also intend to use your name, email address, address or phone number to send you commercial communications (both online and in-stores) about decoration, textile, finished fashion, homeware and furniture, cosmetics, leather goods, lingerie, underwear, accessories, fragrances products and services of myexpo.shop and/ or of any other brands/companies belonging to the Inditex Group, including those with activities related to the development and support of e-commerce business. myexpo.shop may share your personal data with any other companies within the Inditex Group who provide decoration, textile, finished fashion, homeware and furniture, cosmetics, leather goods, lingerie, underwear, accessories, fragrances products and services, as well as the development and support of e-commerce business for direct marketing purposes. Your consent is<br />\r\nrequired before we do so. You can withdraw your consent by writing to the above referred<br />\r\naddress/e-mail of ITX FASHION LIMITED. You can change your preference in respect of<br />\r\nreceiving such communications by logging into the MY ACCOUNT section of this website and<br />\r\nediting your preferences. You can unsubscribe at the Newsletter section.<br />\r\n6. The user (You) hereby guarantees that the personal data provided is true and accurate and<br />\r\nundertakes to notify any change or alteration to the same. Any loss or damage caused to the<br />\r\nwebsite or to the person responsible for the web-site or to any third person through the provision<br />\r\nof erroneous, inexact or incomplete information on the registration forms will be the exclusive<br />\r\nresponsibility of the User.<br />\r\n7. Cookies: We use cookies in this website, small text files with information on your navigation in<br />\r\nthis site whose principal objective is to improve your experience in the website. You can find<br />\r\nfurther information on the cookies that we use, their purpose and other information of interest in<br />\r\nthe section Information on cookies.<br />\r\nBy accepting this privacy policy you consent to the use of the cookies used in this website and<br />\r\nwhich are described on the previously indicated page.<br />\r\nYou may refuse to accept cookies by activating the setting on your browser which allows You to<br />\r\nrefuse the setting of cookies. However, if You select this setting You may be unable to access<br />\r\ncertain parts of the Website or unable to avail of any of our services. Unless You have adjusted<br />\r\nyour browser setting so that it will refuse cookies, our system will issue cookies when You log on<br />\r\nto our site.</p>','no'),(27,'privacy_en','<p>Privacy policy (En) *<br />\r\n1. Whenever You use this website, you will be subject to the Privacy Statement in force at all times, and You should review that text in order to check that You are in agreement with it. The provision of your data is voluntary, however, please note that if You do not provide us with the required personal data, we may not be able to provide the information, products or services You need or process your request.<br />\r\n2. Personal data You provide will be kept in a file under the responsibility of ITX FASHION LIMITED (&quot;ITX&quot;) for the purposes of:<br />\r\n1. the performance and enforcement of the purchase and sale contract over the products You have purchased, or of any other contract between You and us; and<br />\r\n2. attending to Your requests.<br />\r\n3. You have the right to access and correct your personal data and request information about our data protection policies and procedures. ITX FASHION LIMITED, with registered address at Hainault House, 5th Floor, 69-71 Stephen&acute;s Green, Dublin 2, Ireland, being in charge of the file, undertakes to keep your personal information confidential and to ensure the exercise of your access, rectification, cancellation and objection rights by sending a letter to the above referred address or to the registered address of Inditex, S.A., as provided in the paragraph below or by e-mail to funcionlopd@inditex.com , for the attention of &quot;Funci&oacute;n LOPD&quot;.<br />\r\n4. To fulfill the purposes above, we are required to disclose the information that You have provided to us to other companies in the Inditex Group located in Spain (with activities, both online and in-store, related to the sectors of decoration, textiles, finished clothing products and home decoration, other complimentary sectors such as cosmetics and leather goods, as well as the development and support of e-commerce business) which ITX forms part, and Industria de Dise&ntilde;o Textil, S.A. (Inditex, S.A.), the holding company of the Inditex Group with registered address at Avenida de la Diputaci&oacute;n, Edificio Inditex, 15142 Arteixo (A Coru&ntilde;a), and we understand that by providing information in this website or otherwise to us, You expressly authorize us to disclose and process your information as described.<br />\r\n5. We also intend to use your name, email address, address or phone number to send you commercial communications (both online and in-stores) about decoration, textile, finished fashion, homeware and furniture, cosmetics, leather goods, lingerie, underwear, accessories, fragrances products and services of myexpo.shop and/ or of any other brands/companies belonging to the Inditex Group, including those with activities related to the development and support of e-commerce business. myexpo.shop may share your personal data with any other companies within the Inditex Group who provide decoration, textile, finished fashion, homeware and furniture, cosmetics, leather goods, lingerie, underwear, accessories, fragrances products and services, as well as the development and support of e-commerce business for direct marketing purposes. Your consent is<br />\r\nrequired before we do so. You can withdraw your consent by writing to the above referred<br />\r\naddress/e-mail of ITX FASHION LIMITED. You can change your preference in respect of<br />\r\nreceiving such communications by logging into the MY ACCOUNT section of this website and<br />\r\nediting your preferences. You can unsubscribe at the Newsletter section.<br />\r\n6. The user (You) hereby guarantees that the personal data provided is true and accurate and<br />\r\nundertakes to notify any change or alteration to the same. Any loss or damage caused to the<br />\r\nwebsite or to the person responsible for the web-site or to any third person through the provision<br />\r\nof erroneous, inexact or incomplete information on the registration forms will be the exclusive<br />\r\nresponsibility of the User.<br />\r\n7. Cookies: We use cookies in this website, small text files with information on your navigation in<br />\r\nthis site whose principal objective is to improve your experience in the website. You can find<br />\r\nfurther information on the cookies that we use, their purpose and other information of interest in<br />\r\nthe section Information on cookies.<br />\r\nBy accepting this privacy policy you consent to the use of the cookies used in this website and<br />\r\nwhich are described on the previously indicated page.<br />\r\nYou may refuse to accept cookies by activating the setting on your browser which allows You to<br />\r\nrefuse the setting of cookies. However, if You select this setting You may be unable to access<br />\r\ncertain parts of the Website or unable to avail of any of our services. Unless You have adjusted<br />\r\nyour browser setting so that it will refuse cookies, our system will issue cookies when You log on<br />\r\nto our site.</p>','no'),(28,'privacy_ar','<p>Privacy policy (Ar) * شروط الاستخدام</p>\r\n\r\n<p>1. Whenever You use this website, you will be subject to the Privacy Statement in force at all times, and You should review that text in order to check that You are in agreement with it. The provision of your data is voluntary, however, please note that if You do not provide us with the required personal data, we may not be able to provide the information, products or services You need or process your request.<br />\r\n2. Personal data You provide will be kept in a file under the responsibility of ITX FASHION LIMITED (&quot;ITX&quot;) for the purposes of:<br />\r\n1. the performance and enforcement of the purchase and sale contract over the products You have purchased, or of any other contract between You and us; and<br />\r\n2. attending to Your requests.<br />\r\n3. You have the right to access and correct your personal data and request information about our data protection policies and procedures. ITX FASHION LIMITED, with registered address at Hainault House, 5th Floor, 69-71 Stephen&acute;s Green, Dublin 2, Ireland, being in charge of the file, undertakes to keep your personal information confidential and to ensure the exercise of your access, rectification, cancellation and objection rights by sending a letter to the above referred address or to the registered address of Inditex, S.A., as provided in the paragraph below or by e-mail to funcionlopd@inditex.com , for the attention of &quot;Funci&oacute;n LOPD&quot;.<br />\r\n4. To fulfill the purposes above, we are required to disclose the information that You have provided to us to other companies in the Inditex Group located in Spain (with activities, both online and in-store, related to the sectors of decoration, textiles, finished clothing products and home decoration, other complimentary sectors such as cosmetics and leather goods, as well as the development and support of e-commerce business) which ITX forms part, and Industria de Dise&ntilde;o Textil, S.A. (Inditex, S.A.), the holding company of the Inditex Group with registered address at Avenida de la Diputaci&oacute;n, Edificio Inditex, 15142 Arteixo (A Coru&ntilde;a), and we understand that by providing information in this website or otherwise to us, You expressly authorize us to disclose and process your information as described.<br />\r\n5. We also intend to use your name, email address, address or phone number to send you commercial communications (both online and in-stores) about decoration, textile, finished fashion, homeware and furniture, cosmetics, leather goods, lingerie, underwear, accessories, fragrances products and services of myexpo.shop and/ or of any other brands/companies belonging to the Inditex Group, including those with activities related to the development and support of e-commerce business. myexpo.shop may share your personal data with any other companies within the Inditex Group who provide decoration, textile, finished fashion, homeware and furniture, cosmetics, leather goods, lingerie, underwear, accessories, fragrances products and services, as well as the development and support of e-commerce business for direct marketing purposes. Your consent is<br />\r\nrequired before we do so. You can withdraw your consent by writing to the above referred<br />\r\naddress/e-mail of ITX FASHION LIMITED. You can change your preference in respect of<br />\r\nreceiving such communications by logging into the MY ACCOUNT section of this website and<br />\r\nediting your preferences. You can unsubscribe at the Newsletter section.<br />\r\n6. The user (You) hereby guarantees that the personal data provided is true and accurate and<br />\r\nundertakes to notify any change or alteration to the same. Any loss or damage caused to the<br />\r\nwebsite or to the person responsible for the web-site or to any third person through the provision<br />\r\nof erroneous, inexact or incomplete information on the registration forms will be the exclusive<br />\r\nresponsibility of the User.<br />\r\n7. Cookies: We use cookies in this website, small text files with information on your navigation in<br />\r\nthis site whose principal objective is to improve your experience in the website. You can find<br />\r\nfurther information on the cookies that we use, their purpose and other information of interest in<br />\r\nthe section Information on cookies.<br />\r\nBy accepting this privacy policy you consent to the use of the cookies used in this website and<br />\r\nwhich are described on the previously indicated page.<br />\r\nYou may refuse to accept cookies by activating the setting on your browser which allows You to<br />\r\nrefuse the setting of cookies. However, if You select this setting You may be unable to access<br />\r\ncertain parts of the Website or unable to avail of any of our services. Unless You have adjusted<br />\r\nyour browser setting so that it will refuse cookies, our system will issue cookies when You log on<br />\r\nto our site.</p>','no'),(29,'privacy_en','<p>Privacy policy (En) *<br />\r\n1. Whenever You use this website, you will be subject to the Privacy Statement in force at all times, and You should review that text in order to check that You are in agreement with it. The provision of your data is voluntary, however, please note that if You do not provide us with the required personal data, we may not be able to provide the information, products or services You need or process your request.<br />\r\n2. Personal data You provide will be kept in a file under the responsibility of ITX FASHION LIMITED (&quot;ITX&quot;) for the purposes of:<br />\r\n1. the performance and enforcement of the purchase and sale contract over the products You have purchased, or of any other contract between You and us; and<br />\r\n2. attending to Your requests.<br />\r\n3. You have the right to access and correct your personal data and request information about our data protection policies and procedures. ITX FASHION LIMITED, with registered address at Hainault House, 5th Floor, 69-71 Stephen&acute;s Green, Dublin 2, Ireland, being in charge of the file, undertakes to keep your personal information confidential and to ensure the exercise of your access, rectification, cancellation and objection rights by sending a letter to the above referred address or to the registered address of Inditex, S.A., as provided in the paragraph below or by e-mail to funcionlopd@inditex.com , for the attention of &quot;Funci&oacute;n LOPD&quot;.<br />\r\n4. To fulfill the purposes above, we are required to disclose the information that You have provided to us to other companies in the Inditex Group located in Spain (with activities, both online and in-store, related to the sectors of decoration, textiles, finished clothing products and home decoration, other complimentary sectors such as cosmetics and leather goods, as well as the development and support of e-commerce business) which ITX forms part, and Industria de Dise&ntilde;o Textil, S.A. (Inditex, S.A.), the holding company of the Inditex Group with registered address at Avenida de la Diputaci&oacute;n, Edificio Inditex, 15142 Arteixo (A Coru&ntilde;a), and we understand that by providing information in this website or otherwise to us, You expressly authorize us to disclose and process your information as described.<br />\r\n5. We also intend to use your name, email address, address or phone number to send you commercial communications (both online and in-stores) about decoration, textile, finished fashion, homeware and furniture, cosmetics, leather goods, lingerie, underwear, accessories, fragrances products and services of myexpo.shop and/ or of any other brands/companies belonging to the Inditex Group, including those with activities related to the development and support of e-commerce business. myexpo.shop may share your personal data with any other companies within the Inditex Group who provide decoration, textile, finished fashion, homeware and furniture, cosmetics, leather goods, lingerie, underwear, accessories, fragrances products and services, as well as the development and support of e-commerce business for direct marketing purposes. Your consent is<br />\r\nrequired before we do so. You can withdraw your consent by writing to the above referred<br />\r\naddress/e-mail of ITX FASHION LIMITED. You can change your preference in respect of<br />\r\nreceiving such communications by logging into the MY ACCOUNT section of this website and<br />\r\nediting your preferences. You can unsubscribe at the Newsletter section.<br />\r\n6. The user (You) hereby guarantees that the personal data provided is true and accurate and<br />\r\nundertakes to notify any change or alteration to the same. Any loss or damage caused to the<br />\r\nwebsite or to the person responsible for the web-site or to any third person through the provision<br />\r\nof erroneous, inexact or incomplete information on the registration forms will be the exclusive<br />\r\nresponsibility of the User.<br />\r\n7. Cookies: We use cookies in this website, small text files with information on your navigation in<br />\r\nthis site whose principal objective is to improve your experience in the website. You can find<br />\r\nfurther information on the cookies that we use, their purpose and other information of interest in<br />\r\nthe section Information on cookies.<br />\r\nBy accepting this privacy policy you consent to the use of the cookies used in this website and<br />\r\nwhich are described on the previously indicated page.<br />\r\nYou may refuse to accept cookies by activating the setting on your browser which allows You to<br />\r\nrefuse the setting of cookies. However, if You select this setting You may be unable to access<br />\r\ncertain parts of the Website or unable to avail of any of our services. Unless You have adjusted<br />\r\nyour browser setting so that it will refuse cookies, our system will issue cookies when You log on<br />\r\nto our site.</p>','no'),(30,'snapchat','<p>1. Whenever You use this website, you will be subject to the Privacy Statement in force at all times, and You should review that text in order to check that You are in agreement with it. The provision of your data is voluntary, however, please note that if You do not provide us with the required personal data, we may not be able to provide the information, products or services You need or process your request.<br />2. Personal data You provide will be kept in a file under the responsibility of ITX FASHION LIMITED (\"ITX\") for the purposes of:<br />1. the performance and enforcement of the purchase and sale contract over the products You have purchased, or of any other contract between You and us; and<br />2. attending to Your requests.<br />3. You have the right to access and correct your personal data and request information about our data protection policies and procedures. ITX FASHION LIMITED, with registered address at Hainault House, 5th Floor, 69-71 Stephen´s Green, Dublin 2, Ireland, being in charge of the file, undertakes to keep your personal information confidential and to ensure the exercise of your access, rectification, cancellation and objection rights by sending a letter to the above referred address or to the registered address of Inditex, S.A., as provided in the paragraph below or by e-mail to funcionlopd@inditex.com , for the attention of \"Función LOPD\".<br />4. To fulfill the purposes above, we are required to disclose the information that You have provided to us to other companies in the Inditex Group located in Spain (with activities, both online and in-store, related to the sectors of decoration, textiles, finished clothing products and home decoration, other complimentary sectors such as cosmetics and leather goods, as well as the development and support of e-commerce business) which ITX forms part, and Industria de Diseño Textil, S.A. (Inditex, S.A.), the holding company of the Inditex Group with registered address at Avenida de la Diputación, Edificio Inditex, 15142 Arteixo (A Coruña), and we understand that by providing information in this website or otherwise to us, You expressly authorize us to disclose and process your information as described.<br />5. We also intend to use your name, email address, address or phone number to send you commercial communications (both online and in-stores) about decoration, textile, finished fashion, homeware and furniture, cosmetics, leather goods, lingerie, underwear, accessories, fragrances products and services of myexpo.shop and/ or of any other brands/companies belonging to the Inditex Group, including those with activities related to the development and support of e-commerce business. myexpo.shop may share your personal data with any other companies within the Inditex Group who provide decoration, textile, finished fashion, homeware and furniture, cosmetics, leather goods, lingerie, underwear, accessories, fragrances products and services, as well as the development and support of e-commerce business for direct marketing purposes. Your consent is<br />required before we do so. You can withdraw your consent by writing to the above referred<br />address/e-mail of ITX FASHION LIMITED. You can change your preference in respect of<br />receiving such communications by logging into the MY ACCOUNT section of this website and<br />editing your preferences. You can unsubscribe at the Newsletter section.<br />6. The user (You) hereby guarantees that the personal data provided is true and accurate and<br />undertakes to notify any change or alteration to the same. Any loss or damage caused to the<br />website or to the person responsible for the web-site or to any third person through the provision<br />of erroneous, inexact or incomplete information on the registration forms will be the exclusive<br />responsibility of the User.<br />7. Cookies: We use cookies in this website, small text files with information on your navigation in<br />this site whose principal objective is to improve your experience in the website. You can find<br />further information on the cookies that we use, their purpose and other information of interest in<br />the section Information on cookies.<br />By accepting this privacy policy you consent to the use of the cookies used in this website and<br />which are described on the previously indicated page.<br />You may refuse to accept cookies by activating the setting on your browser which allows You to<br />refuse the setting of cookies. However, if You select this setting You may be unable to access<br />certain parts of the Website or unable to avail of any of our services. Unless You have adjusted<br />your browser setting so that it will refuse cookies, our system will issue cookies when You log on<br />to our site.</p>','yes');
/*!40000 ALTER TABLE `settings` ENABLE KEYS */;
UNLOCK TABLES;

--
-- Table structure for table `size_translations`
--

DROP TABLE IF EXISTS `size_translations`;
/*!40101 SET @saved_cs_client     = @@character_set_client */;
/*!40101 SET character_set_client = utf8 */;
CREATE TABLE `size_translations` (
  `id` int(11) NOT NULL AUTO_INCREMENT,
  `size_id` int(11) NOT NULL,
  `locale` varchar(300) NOT NULL,
  `name` varchar(300) NOT NULL,
  `created_at` timestamp NOT NULL DEFAULT current_timestamp(),
  `updated_at` timestamp NULL DEFAULT NULL,
  `deleted_at` timestamp NULL DEFAULT NULL,
  PRIMARY KEY (`id`)
) ENGINE=MyISAM AUTO_INCREMENT=19 DEFAULT CHARSET=utf8;
/*!40101 SET character_set_client = @saved_cs_client */;

--
-- Dumping data for table `size_translations`
--

LOCK TABLES `size_translations` WRITE;
/*!40000 ALTER TABLE `size_translations` DISABLE KEYS */;
INSERT INTO `size_translations` VALUES (1,1,'en','M','2018-03-12 09:25:18','2018-03-15 11:07:13',NULL),(2,1,'ar','M','2018-03-12 09:25:18','2018-03-15 11:07:13',NULL),(3,2,'en','L','2018-03-12 09:25:33','2018-03-15 11:07:02',NULL),(4,2,'ar','L','2018-03-12 09:25:33','2018-03-15 11:07:02',NULL),(5,3,'en','Xxl','2018-03-15 11:06:48','2018-03-15 11:06:48',NULL),(6,3,'ar','Xxl','2018-03-15 11:06:48','2018-03-15 11:06:48',NULL),(7,4,'en','S','2018-03-26 14:03:18','2018-03-26 14:03:18',NULL),(8,4,'ar','S','2018-03-26 14:03:18','2018-03-26 14:03:18',NULL),(9,5,'en','Xl','2018-03-26 14:03:48','2018-03-26 14:03:48',NULL),(10,5,'ar','Xl','2018-03-26 14:03:48','2018-03-26 14:03:48',NULL),(11,6,'en','Ewrrr','2018-04-03 17:29:21','2018-04-03 17:29:21',NULL),(12,6,'ar','Rrr','2018-04-03 17:29:21','2018-04-03 17:29:21',NULL),(13,7,'en','En','2018-04-15 00:38:23','2018-04-15 00:38:23',NULL),(14,7,'ar','Arr','2018-04-15 00:38:23','2018-04-15 00:38:34',NULL),(15,8,'en','XXXL','2018-05-20 04:18:44','2018-05-20 04:18:44',NULL),(16,8,'ar','XXXL','2018-05-20 04:18:44','2018-05-20 04:18:44',NULL),(17,9,'en','0-9','2019-01-03 15:22:03','2019-01-03 15:22:03',NULL),(18,9,'ar','0-9 شهور','2019-01-03 15:22:03','2019-01-03 15:22:03',NULL);
/*!40000 ALTER TABLE `size_translations` ENABLE KEYS */;
UNLOCK TABLES;

--
-- Table structure for table `sizes`
--

DROP TABLE IF EXISTS `sizes`;
/*!40101 SET @saved_cs_client     = @@character_set_client */;
/*!40101 SET character_set_client = utf8 */;
CREATE TABLE `sizes` (
  `id` int(11) NOT NULL AUTO_INCREMENT,
  `status` enum('not_active','active') NOT NULL,
  `order_by` int(11) NOT NULL,
  `createdBy` int(11) NOT NULL,
  `created_at` timestamp NOT NULL DEFAULT current_timestamp(),
  `updated_at` timestamp NULL DEFAULT NULL,
  `deleted_at` timestamp NULL DEFAULT NULL,
  PRIMARY KEY (`id`)
) ENGINE=MyISAM AUTO_INCREMENT=10 DEFAULT CHARSET=utf8;
/*!40101 SET character_set_client = @saved_cs_client */;

--
-- Dumping data for table `sizes`
--

LOCK TABLES `sizes` WRITE;
/*!40000 ALTER TABLE `sizes` DISABLE KEYS */;
INSERT INTO `sizes` VALUES (1,'active',4,57,'2018-03-12 09:25:18','2018-03-15 11:35:10',NULL),(2,'active',2,57,'2018-03-12 09:25:33','2018-03-15 11:35:10',NULL),(3,'active',1,57,'2018-03-15 11:06:48','2018-03-18 14:57:49',NULL),(4,'active',1,57,'2018-03-26 14:03:18','2018-04-05 19:14:16',NULL),(5,'active',2,57,'2018-03-26 14:03:48','2018-04-05 19:14:16',NULL),(6,'not_active',1,57,'2018-04-03 17:29:21','2018-04-05 19:13:37','2018-04-05 19:13:37'),(7,'active',1,57,'2018-04-15 00:38:23','2018-04-15 00:38:47','2018-04-15 00:38:47'),(8,'active',0,57,'2018-05-20 04:18:44','2018-05-20 04:19:00',NULL),(9,'active',0,57,'2019-01-03 15:22:03','2019-01-03 15:32:03',NULL);
/*!40000 ALTER TABLE `sizes` ENABLE KEYS */;
UNLOCK TABLES;

--
-- Table structure for table `slider_images`
--

DROP TABLE IF EXISTS `slider_images`;
/*!40101 SET @saved_cs_client     = @@character_set_client */;
/*!40101 SET character_set_client = utf8 */;
CREATE TABLE `slider_images` (
  `id` int(11) NOT NULL AUTO_INCREMENT,
  `image` varchar(300) COLLATE utf8_unicode_ci NOT NULL,
  `slider_id` int(11) NOT NULL,
  `created_at` timestamp NOT NULL DEFAULT current_timestamp(),
  `updated_at` timestamp NULL DEFAULT NULL,
  `deleted_at` timestamp NULL DEFAULT NULL,
  PRIMARY KEY (`id`)
) ENGINE=InnoDB DEFAULT CHARSET=utf8 COLLATE=utf8_unicode_ci;
/*!40101 SET character_set_client = @saved_cs_client */;

--
-- Dumping data for table `slider_images`
--

LOCK TABLES `slider_images` WRITE;
/*!40000 ALTER TABLE `slider_images` DISABLE KEYS */;
/*!40000 ALTER TABLE `slider_images` ENABLE KEYS */;
UNLOCK TABLES;

--
-- Table structure for table `slider_translations`
--

DROP TABLE IF EXISTS `slider_translations`;
/*!40101 SET @saved_cs_client     = @@character_set_client */;
/*!40101 SET character_set_client = utf8 */;
CREATE TABLE `slider_translations` (
  `id` int(11) NOT NULL AUTO_INCREMENT,
  `slider_id` int(11) NOT NULL,
  `locale` varchar(300) COLLATE utf8_unicode_ci NOT NULL,
  `title` varchar(300) COLLATE utf8_unicode_ci NOT NULL,
  `details` text COLLATE utf8_unicode_ci DEFAULT NULL,
  `created_at` timestamp NOT NULL DEFAULT current_timestamp(),
  `updated_at` timestamp NULL DEFAULT NULL,
  `deleted_at` timestamp NULL DEFAULT NULL,
  PRIMARY KEY (`id`)
) ENGINE=InnoDB AUTO_INCREMENT=41 DEFAULT CHARSET=utf8 COLLATE=utf8_unicode_ci;
/*!40101 SET character_set_client = @saved_cs_client */;

--
-- Dumping data for table `slider_translations`
--

LOCK TABLES `slider_translations` WRITE;
/*!40000 ALTER TABLE `slider_translations` DISABLE KEYS */;
INSERT INTO `slider_translations` VALUES (25,13,'en','Gfdgdfgfd','<p>hfghfgh</p>\r\n<!--                                                 \r\n                                            -->','2018-03-12 10:05:03','2018-03-12 10:05:27',NULL),(26,13,'ar','Gdfgdfgdfg','<p>gfhfghgfh</p>\r\n<!--                                                 \r\n                                            -->','2018-03-12 10:05:03','2018-03-12 10:05:27',NULL),(27,14,'en','Uyiyuiyu',NULL,'2018-03-12 10:12:26','2018-03-12 10:12:26',NULL),(28,14,'ar','Iyuiyuiyuiyuiyui',NULL,'2018-03-12 10:12:26','2018-03-12 10:12:26',NULL),(29,15,'en','1',NULL,'2018-04-05 17:57:45','2018-04-05 17:57:45',NULL),(30,15,'ar','1',NULL,'2018-04-05 17:57:45','2018-04-05 17:57:45',NULL),(31,16,'en','2',NULL,'2018-04-05 17:57:53','2018-04-05 17:57:53',NULL),(32,16,'ar','2',NULL,'2018-04-05 17:57:53','2018-04-05 17:57:53',NULL),(33,17,'en','3',NULL,'2018-04-05 17:58:00','2018-04-05 17:58:00',NULL),(34,17,'ar','3',NULL,'2018-04-05 17:58:00','2018-04-05 17:58:00',NULL),(35,18,'en','En',NULL,'2018-04-15 00:49:21','2018-04-15 00:49:21',NULL),(36,18,'ar','Ar',NULL,'2018-04-15 00:49:21','2018-04-15 00:49:21',NULL),(37,19,'en','4',NULL,'2018-05-20 06:22:03','2018-05-20 06:22:38',NULL),(38,19,'ar','4',NULL,'2018-05-20 06:22:03','2018-05-20 06:22:38',NULL),(39,20,'en','5',NULL,'2018-05-20 06:22:59','2018-05-20 06:22:59',NULL),(40,20,'ar','5',NULL,'2018-05-20 06:22:59','2018-05-20 06:22:59',NULL);
/*!40000 ALTER TABLE `slider_translations` ENABLE KEYS */;
UNLOCK TABLES;

--
-- Table structure for table `sliders`
--

DROP TABLE IF EXISTS `sliders`;
/*!40101 SET @saved_cs_client     = @@character_set_client */;
/*!40101 SET character_set_client = utf8 */;
CREATE TABLE `sliders` (
  `id` int(11) NOT NULL AUTO_INCREMENT,
  `image` varchar(300) COLLATE utf8_unicode_ci NOT NULL,
  `createdBy` int(11) NOT NULL,
  `status` enum('active','not_active') COLLATE utf8_unicode_ci NOT NULL DEFAULT 'active',
  `order_by` int(11) DEFAULT NULL,
  `created_at` timestamp NOT NULL DEFAULT current_timestamp(),
  `updated_at` timestamp NULL DEFAULT NULL,
  `deleted_at` timestamp NULL DEFAULT NULL,
  PRIMARY KEY (`id`)
) ENGINE=InnoDB AUTO_INCREMENT=21 DEFAULT CHARSET=utf8 COLLATE=utf8_unicode_ci;
/*!40101 SET character_set_client = @saved_cs_client */;

--
-- Dumping data for table `sliders`
--

LOCK TABLES `sliders` WRITE;
/*!40000 ALTER TABLE `sliders` DISABLE KEYS */;
INSERT INTO `sliders` VALUES (13,'uploads/images/sliders/vYmBqmeGTIjlsXS8nOcyh8REOSaUWBxxRPDxQ0r1.png',57,'active',3,'2018-03-12 10:05:03','2018-04-05 17:56:27','2018-04-05 17:56:27'),(14,'uploads/images/sliders/LnRCArKswTRKvTkQpySofk3lEekcx01c98rB0c7F.png',57,'active',6,'2018-03-12 10:12:26','2018-04-05 17:56:23','2018-04-05 17:56:23'),(15,'uploads/images/sliders/yBCnqoDJ0iVFVJA1eDvMpmwuCOXdyg97Lswn1AyS.png',57,'active',1,'2018-04-05 17:57:45','2019-02-05 15:32:52',NULL),(16,'uploads/images/sliders/1XKReSwCZtdCoZD542JsO5INTabpxiyJOmbrRQw5.png',57,'active',2,'2018-04-05 17:57:53','2019-02-04 16:19:38','2019-02-04 16:19:38'),(17,'uploads/images/sliders/wDN100cSg0JZ4yYXH7Zx3YjitZ6ZGT9JOOImHcZt.jpeg',57,'active',3,'2018-04-05 17:58:00','2019-02-04 16:17:25','2019-02-04 16:17:25'),(18,'uploads/images/sliders/UPWK2oCYYFIrZBymwikrSxEfjgQ6GLMpF9EMcBON.jpeg',57,'active',1,'2018-04-15 00:49:21','2018-04-15 01:09:28','2018-04-15 01:09:28'),(19,'uploads/images/sliders/26GnqhJ9XkE4pyoQw1PWMnxKrCOO7zji035xnPKV.png',57,'active',4,'2018-05-20 06:22:03','2018-05-26 19:38:30','2018-05-26 19:38:30'),(20,'uploads/images/sliders/v23OLB3LcFggw3IozPjYYa6rIPZ0ELGF1TOlg7Qf.png',57,'active',0,'2018-05-20 06:22:59','2019-02-05 15:32:26','2019-02-05 15:32:26');
/*!40000 ALTER TABLE `sliders` ENABLE KEYS */;
UNLOCK TABLES;

--
-- Table structure for table `social_accounts`
--

DROP TABLE IF EXISTS `social_accounts`;
/*!40101 SET @saved_cs_client     = @@character_set_client */;
/*!40101 SET character_set_client = utf8 */;
CREATE TABLE `social_accounts` (
  `id` int(11) NOT NULL AUTO_INCREMENT,
  `title` varchar(300) COLLATE utf8_unicode_ci NOT NULL,
  `bio` varchar(300) COLLATE utf8_unicode_ci NOT NULL,
  `image` varchar(300) COLLATE utf8_unicode_ci NOT NULL,
  `social_category_id` int(11) NOT NULL,
  `createdBy` int(11) NOT NULL,
  `status` enum('active','not_active') COLLATE utf8_unicode_ci NOT NULL DEFAULT 'not_active',
  `order_by` int(11) DEFAULT NULL,
  `created_at` timestamp NOT NULL DEFAULT current_timestamp(),
  `updated_at` timestamp NOT NULL DEFAULT '0000-00-00 00:00:00',
  `deleted_at` timestamp NULL DEFAULT NULL,
  PRIMARY KEY (`id`)
) ENGINE=InnoDB AUTO_INCREMENT=9 DEFAULT CHARSET=utf8 COLLATE=utf8_unicode_ci;
/*!40101 SET character_set_client = @saved_cs_client */;

--
-- Dumping data for table `social_accounts`
--

LOCK TABLES `social_accounts` WRITE;
/*!40000 ALTER TABLE `social_accounts` DISABLE KEYS */;
INSERT INTO `social_accounts` VALUES (4,'@mohanad','IT Manager','/uploads/images/social/1.jpg',1,1,'active',NULL,'2018-01-25 15:20:59','0000-00-00 00:00:00',NULL),(5,'@Khaled','Art Manager','/uploads/images/social/1.jpg',1,1,'active',NULL,'2018-01-25 15:21:02','0000-00-00 00:00:00',NULL),(6,'Ahmed','Eng Manager','/uploads/images/social/1.jpg',2,1,'active',NULL,'2018-01-25 15:21:13','0000-00-00 00:00:00',NULL),(7,'Emad','KSA Manager','/uploads/images/social/1.jpg',2,1,'active',NULL,'2018-01-25 15:21:16','0000-00-00 00:00:00',NULL),(8,'Mohammad','UAE Manager','/uploads/images/social/1.jpg',3,1,'active',NULL,'2018-01-25 15:21:24','0000-00-00 00:00:00',NULL);
/*!40000 ALTER TABLE `social_accounts` ENABLE KEYS */;
UNLOCK TABLES;

--
-- Table structure for table `social_category`
--

DROP TABLE IF EXISTS `social_category`;
/*!40101 SET @saved_cs_client     = @@character_set_client */;
/*!40101 SET character_set_client = utf8 */;
CREATE TABLE `social_category` (
  `id` int(11) NOT NULL AUTO_INCREMENT,
  `image` varchar(300) COLLATE utf8_unicode_ci NOT NULL,
  `createdBy` int(11) NOT NULL,
  `status` enum('active','not_active') COLLATE utf8_unicode_ci NOT NULL DEFAULT 'not_active',
  `order_by` int(11) DEFAULT NULL,
  `created_at` timestamp NOT NULL DEFAULT current_timestamp(),
  `updated_at` timestamp NOT NULL DEFAULT '0000-00-00 00:00:00',
  `deleted_at` timestamp NULL DEFAULT NULL,
  PRIMARY KEY (`id`)
) ENGINE=InnoDB AUTO_INCREMENT=4 DEFAULT CHARSET=utf8 COLLATE=utf8_unicode_ci;
/*!40101 SET character_set_client = @saved_cs_client */;

--
-- Dumping data for table `social_category`
--

LOCK TABLES `social_category` WRITE;
/*!40000 ALTER TABLE `social_category` DISABLE KEYS */;
INSERT INTO `social_category` VALUES (1,'/uploads/images/category/cat1.png',1,'active',1,'2018-01-24 08:13:44','0000-00-00 00:00:00',NULL),(2,'/uploads/images/category/cat2.png',1,'active',2,'2018-01-24 08:13:44','0000-00-00 00:00:00',NULL),(3,'/uploads/images/category/cat3.jpg',1,'active',3,'2018-01-24 08:13:44','0000-00-00 00:00:00',NULL);
/*!40000 ALTER TABLE `social_category` ENABLE KEYS */;
UNLOCK TABLES;

--
-- Table structure for table `social_category_translations`
--

DROP TABLE IF EXISTS `social_category_translations`;
/*!40101 SET @saved_cs_client     = @@character_set_client */;
/*!40101 SET character_set_client = utf8 */;
CREATE TABLE `social_category_translations` (
  `id` int(11) NOT NULL AUTO_INCREMENT,
  `social_category_id` int(11) NOT NULL,
  `locale` varchar(300) COLLATE utf8_unicode_ci NOT NULL,
  `title` varchar(300) COLLATE utf8_unicode_ci NOT NULL,
  `created_at` timestamp NOT NULL DEFAULT current_timestamp(),
  `updated_at` timestamp NOT NULL DEFAULT '0000-00-00 00:00:00',
  `deleted_at` timestamp NULL DEFAULT NULL,
  PRIMARY KEY (`id`)
) ENGINE=InnoDB AUTO_INCREMENT=7 DEFAULT CHARSET=utf8 COLLATE=utf8_unicode_ci;
/*!40101 SET character_set_client = @saved_cs_client */;

--
-- Dumping data for table `social_category_translations`
--

LOCK TABLES `social_category_translations` WRITE;
/*!40000 ALTER TABLE `social_category_translations` DISABLE KEYS */;
INSERT INTO `social_category_translations` VALUES (1,1,'en','Twitter','2018-01-24 08:17:13','0000-00-00 00:00:00',NULL),(2,1,'ar','تويتر','2018-01-24 08:17:13','0000-00-00 00:00:00',NULL),(3,2,'en','Snapchat','2018-01-24 08:17:13','0000-00-00 00:00:00',NULL),(4,2,'ar','سناب شات','2018-01-24 08:17:13','0000-00-00 00:00:00',NULL),(5,3,'en','Instagram','2018-01-24 08:17:13','0000-00-00 00:00:00',NULL),(6,3,'ar','إنستجرام','2018-01-24 08:17:13','0000-00-00 00:00:00',NULL);
/*!40000 ALTER TABLE `social_category_translations` ENABLE KEYS */;
UNLOCK TABLES;

--
-- Table structure for table `subscriptions`
--

DROP TABLE IF EXISTS `subscriptions`;
/*!40101 SET @saved_cs_client     = @@character_set_client */;
/*!40101 SET character_set_client = utf8 */;
CREATE TABLE `subscriptions` (
  `id` int(10) unsigned NOT NULL AUTO_INCREMENT,
  `user_id` int(10) unsigned NOT NULL,
  `package_id` int(10) unsigned NOT NULL,
  `from` date NOT NULL,
  `to` date NOT NULL,
  `created_at` timestamp NULL DEFAULT NULL,
  `updated_at` timestamp NULL DEFAULT NULL,
  `deleted_at` timestamp NULL DEFAULT NULL,
  PRIMARY KEY (`id`)
) ENGINE=InnoDB AUTO_INCREMENT=52 DEFAULT CHARSET=utf8 COLLATE=utf8_unicode_ci;
/*!40101 SET character_set_client = @saved_cs_client */;

--
-- Dumping data for table `subscriptions`
--

LOCK TABLES `subscriptions` WRITE;
/*!40000 ALTER TABLE `subscriptions` DISABLE KEYS */;
INSERT INTO `subscriptions` VALUES (1,139,20,'2018-04-18','2018-04-18','2018-04-03 03:30:36','2018-04-03 03:30:36',NULL),(2,140,21,'2018-04-18','2018-10-18','2018-04-18 21:02:29','2018-04-18 21:02:29',NULL),(3,143,20,'2018-04-19','2018-07-19','2018-04-19 17:18:25','2018-04-19 17:18:25',NULL),(4,144,20,'2018-04-19','2018-07-19','2018-04-19 17:19:45','2018-04-19 17:19:45',NULL),(5,145,20,'2018-04-19','2018-07-19','2018-04-19 19:10:59','2018-04-19 19:10:59',NULL),(6,146,20,'2018-04-19','2018-07-19','2018-04-19 19:20:35','2018-04-19 19:20:35',NULL),(7,147,20,'2018-04-19','2018-07-19','2018-04-19 19:22:30','2018-04-19 19:22:30',NULL),(8,148,20,'2018-04-21','2018-07-21','2018-04-22 05:30:05','2018-04-22 05:30:05',NULL),(9,70,20,'2018-04-21','2018-07-21','2018-04-22 05:30:05','2018-04-22 05:30:05',NULL),(10,155,21,'2018-04-23','2018-10-23','2018-04-23 14:56:31','2018-04-23 14:56:31',NULL),(11,159,21,'2018-04-23','2018-10-23','2018-04-23 15:06:31','2018-04-23 15:06:31',NULL),(12,161,21,'2018-04-23','2018-10-23','2018-04-23 15:15:37','2018-04-23 15:15:37',NULL),(13,163,20,'2018-05-09','2018-08-09','2018-05-09 15:43:26','2018-05-09 15:43:26',NULL),(14,164,22,'2018-05-09','2019-05-09','2018-05-09 15:48:25','2018-05-09 15:48:25',NULL),(15,168,20,'2018-05-17','2018-08-17','2018-05-17 19:55:03','2018-05-17 19:55:03',NULL),(16,169,21,'2018-05-17','2018-11-17','2018-05-17 19:55:06','2018-05-17 19:55:06',NULL),(17,188,23,'2018-05-26','2019-01-26','2018-05-26 19:10:54','2018-05-26 19:10:54',NULL),(18,2,21,'2018-06-05','2018-12-05','2018-06-05 19:54:46','2018-06-05 19:54:46',NULL),(19,196,20,'2018-06-27','2018-09-27','2018-06-27 13:49:29','2018-06-27 13:49:29',NULL),(20,198,22,'2018-06-27','2019-06-27','2018-06-27 14:12:02','2018-06-27 14:12:02',NULL),(21,207,21,'2018-07-31','2019-01-31','2018-07-31 14:15:17','2018-07-31 14:15:17',NULL),(22,208,21,'2018-08-02','2019-02-02','2018-08-02 16:05:05','2018-08-02 16:05:05',NULL),(23,211,23,'2018-08-15','2019-04-15','2018-08-15 19:10:35','2018-08-15 19:10:35',NULL),(24,212,23,'2018-08-16','2019-04-16','2018-08-16 18:33:45','2018-08-16 18:33:45',NULL),(25,213,20,'2018-08-28','2018-11-28','2018-08-28 20:56:27','2018-08-28 20:56:27',NULL),(26,214,22,'2018-08-28','2019-08-28','2018-08-28 20:59:11','2018-08-28 20:59:11',NULL),(27,216,20,'2018-08-29','2018-11-29','2018-08-29 14:43:48','2018-08-29 14:43:48',NULL),(28,217,20,'2018-08-29','2018-11-29','2018-08-29 14:53:08','2018-08-29 14:53:08',NULL),(29,218,20,'2018-08-30','2018-11-30','2018-08-30 17:05:11','2018-08-30 17:05:11',NULL),(30,221,23,'2018-09-01','2019-05-01','2018-09-01 17:09:00','2018-09-01 17:09:00',NULL),(31,222,20,'2018-09-02','2018-12-02','2018-09-02 14:16:20','2018-09-02 14:16:20',NULL),(32,223,20,'2018-09-02','2018-12-02','2018-09-02 14:18:29','2018-09-02 14:18:29',NULL),(33,224,23,'2018-09-02','2019-05-02','2018-09-02 14:20:35','2018-09-02 14:20:35',NULL),(34,235,20,'2018-09-02','2019-12-02','2018-09-02 14:33:10','2018-09-02 14:33:10',NULL),(35,245,20,'2019-02-21','2019-05-21','2019-02-21 14:40:29','2019-02-21 14:40:29',NULL),(36,243,20,'2019-02-25','2019-05-25','2019-02-25 18:02:07','2019-02-25 18:02:07',NULL),(37,250,20,'2019-02-28','2019-05-28','2019-02-28 07:02:01','2019-02-28 07:02:01',NULL),(38,251,23,'2019-02-28','2019-10-28','2019-02-28 07:21:11','2019-02-28 07:21:11',NULL),(39,252,23,'2019-02-28','2019-10-28','2019-02-28 12:40:27','2019-02-28 12:40:27',NULL),(40,253,24,'2019-03-05','2019-09-05','2019-03-05 08:41:35','2019-03-05 08:41:35',NULL),(41,257,24,'2019-03-22','2019-09-22','2019-03-22 21:38:09','2019-03-22 21:38:09',NULL),(42,258,24,'2019-03-22','2019-09-22','2019-03-22 23:57:22','2019-03-22 23:57:22',NULL),(43,259,24,'2019-03-22','2019-09-22','2019-03-23 00:22:28','2019-03-23 00:22:28',NULL),(44,261,24,'2019-03-24','2019-09-24','2019-03-24 17:04:15','2019-03-24 17:04:15',NULL),(45,256,24,'2019-03-24','2019-09-24','2019-03-24 18:42:40','2019-03-24 18:42:40',NULL),(46,262,24,'2019-03-26','2019-09-26','2019-03-27 05:09:51','2019-03-27 05:09:51',NULL),(47,264,24,'2019-04-01','2019-10-01','2019-04-02 06:36:37','2019-04-02 06:36:37',NULL),(48,266,24,'2019-04-11','2019-10-11','2019-04-11 23:06:50','2019-04-11 23:06:50',NULL),(49,270,24,'2019-04-15','2019-10-15','2019-04-15 23:46:23','2019-04-15 23:46:23',NULL),(50,271,24,'2019-04-16','2019-10-16','2019-04-16 17:08:14','2019-04-16 17:08:14',NULL),(51,273,24,'2019-05-08','2019-11-08','2019-05-08 23:16:57','2019-05-08 23:16:57',NULL);
/*!40000 ALTER TABLE `subscriptions` ENABLE KEYS */;
UNLOCK TABLES;

--
-- Table structure for table `user_orders`
--

DROP TABLE IF EXISTS `user_orders`;
/*!40101 SET @saved_cs_client     = @@character_set_client */;
/*!40101 SET character_set_client = utf8 */;
CREATE TABLE `user_orders` (
  `id` int(11) NOT NULL AUTO_INCREMENT,
  `user_id` int(11) NOT NULL DEFAULT 0,
  `device_id` varchar(300) DEFAULT NULL,
  `order_id` varchar(300) CHARACTER SET utf8 COLLATE utf8_bin NOT NULL,
  `status` varchar(300) CHARACTER SET utf8 COLLATE utf8_bin NOT NULL,
  `payment_method` int(11) NOT NULL DEFAULT 1 COMMENT '1=>cash, 2=>knet',
  `total_cost` float NOT NULL,
  `name` varchar(300) CHARACTER SET utf8mb4 DEFAULT NULL,
  `email` varchar(100) DEFAULT NULL,
  `mobile` varchar(20) DEFAULT NULL,
  `address` text CHARACTER SET utf8mb4 DEFAULT NULL,
  `created_at` timestamp NOT NULL DEFAULT current_timestamp(),
  `updated_at` timestamp NULL DEFAULT NULL,
  `deleted_at` timestamp NULL DEFAULT NULL,
  PRIMARY KEY (`id`)
) ENGINE=MyISAM AUTO_INCREMENT=289 DEFAULT CHARSET=latin1;
/*!40101 SET character_set_client = @saved_cs_client */;

--
-- Dumping data for table `user_orders`
--

LOCK TABLES `user_orders` WRITE;
/*!40000 ALTER TABLE `user_orders` DISABLE KEYS */;
INSERT INTO `user_orders` VALUES (100,70,NULL,'Order_760265908','canceled',1,515,'','','','','2018-04-10 16:10:29','2019-05-02 12:23:17',NULL),(101,70,NULL,'Order_131661977','canceled',1,515,'','','','','2018-04-10 16:11:12','2019-05-02 12:23:17',NULL),(102,70,NULL,'Order_383192184','canceled',1,515,'','','','','2018-04-10 16:12:00','2019-05-02 12:23:17',NULL),(103,70,NULL,'Order_580933506','canceled',1,515,'','','','','2018-04-10 16:12:19','2019-05-02 12:23:17',NULL),(104,70,NULL,'Order_282097958','canceled',1,515,'','','','','2018-04-10 16:12:35','2019-05-02 12:23:17',NULL),(105,70,NULL,'Order_438977826','canceled',1,480,'','','','','2018-04-10 16:19:50','2019-05-02 12:23:17',NULL),(106,70,NULL,'Order_439404467','canceled',1,480,'','','','','2018-04-10 16:21:18','2019-05-02 12:23:17',NULL),(107,70,NULL,'Order_570062478','canceled',1,480,'','','','','2018-04-10 16:22:00','2019-05-02 12:23:17',NULL),(108,70,NULL,'Order_881882102','canceled',1,250,'','','','','2018-04-10 16:33:05','2019-05-02 12:23:17',NULL),(92,70,NULL,'Order_378180268','canceled',1,3500,'','','','','2018-04-05 13:01:11','2019-05-02 12:23:28',NULL),(93,70,NULL,'Order_654624642','canceled',1,2383,'','','','','2018-04-05 13:11:38','2019-05-02 12:23:28',NULL),(14,24,NULL,'Order_729965736','canceled',1,100,'','','','','2018-03-27 14:01:33','2019-05-02 12:23:28',NULL),(16,25,NULL,'Order_760825777','canceled',1,100,'','','','','2018-03-27 14:18:22','2019-05-02 12:23:28',NULL),(109,70,NULL,'Order_506760558','canceled',1,250,'','','','','2018-04-10 16:35:39','2019-05-02 12:23:17',NULL),(110,70,NULL,'Order_492934697','canceled',1,250,'','','','','2018-04-10 16:37:11','2019-05-02 12:23:17',NULL),(111,70,NULL,'Order_293887156','canceled',1,250,'','','','','2018-04-10 16:38:07','2019-05-02 12:23:17',NULL),(112,70,NULL,'Order_899895900','canceled',1,250,'','','','','2018-04-10 16:38:19','2019-05-02 12:23:17',NULL),(113,70,NULL,'Order_216626532','canceled',1,0,'','','','','2018-04-10 16:38:24','2019-05-02 12:23:17',NULL),(114,70,NULL,'Order_822079268','canceled',1,725,'','','','','2018-04-10 16:52:51','2019-05-02 12:23:17',NULL),(115,118,NULL,'Order_678109189','canceled',1,255,'','','','','2018-04-11 15:34:39','2019-05-02 12:22:43',NULL),(116,118,NULL,'Order_344725661','canceled',1,393,'','','','','2018-04-11 15:41:26','2019-05-02 12:22:43',NULL),(117,118,NULL,'Order_255947881','canceled',1,0,'','','','','2018-04-12 15:44:09','2019-05-02 12:22:43',NULL),(118,134,NULL,'Order_673984294','canceled',1,170,'','','','','2018-04-18 17:01:12','2019-05-02 12:22:43',NULL),(119,134,NULL,'Order_902985769','canceled',1,0,'','','','','2018-04-18 17:01:15','2019-05-02 12:22:43',NULL),(95,58,NULL,'Order_568382696','canceled',1,80,'','','','','2018-04-09 13:46:07','2019-05-02 12:23:17',NULL),(94,70,NULL,'Order_433875478','canceled',1,800,'','','','','2018-04-08 18:01:53','2019-05-02 12:23:28',NULL),(96,118,NULL,'Order_345853049','canceled',1,80,'','','','','2018-04-09 16:07:02','2019-05-02 12:23:17',NULL),(97,70,NULL,'Order_574617952','canceled',1,800,'','','','','2018-04-09 16:28:02','2019-05-02 12:23:17',NULL),(98,70,NULL,'Order_753804914','canceled',1,995,'','','','','2018-04-09 17:06:49','2019-05-02 12:23:17',NULL),(99,70,NULL,'Order_258375438','canceled',1,515,'','','','','2018-04-10 16:03:33','2019-05-02 12:23:17',NULL),(38,57,NULL,'Order_844054565','canceled',1,333,'','','','','2018-03-27 19:04:01','2019-05-02 12:23:28',NULL),(120,70,NULL,'Order_182258592','canceled',1,4,'','','','','2018-04-19 13:23:13','2019-05-02 12:22:43',NULL),(121,70,NULL,'Order_420875190','canceled',1,8,'','','','','2018-04-19 13:24:41','2019-05-02 12:22:43',NULL),(122,70,NULL,'Order_896069991','canceled',1,8,'','','','','2018-04-19 13:26:58','2019-05-02 12:22:43',NULL),(123,70,NULL,'Order_767886542','canceled',1,608,'','','','','2018-04-19 13:29:19','2019-05-02 12:22:43',NULL),(124,133,NULL,'Order_500981641','canceled',1,185,'','','','','2018-04-19 15:24:46','2019-05-02 12:22:43',NULL),(125,70,NULL,'Order_128631879','canceled',1,30,'','','','','2018-04-19 19:39:19','2019-05-02 12:22:43',NULL),(126,70,NULL,'Order_253724802','canceled',1,80,'','','','','2018-04-19 19:40:50','2019-05-02 12:22:43',NULL),(127,70,NULL,'Order_553715548','canceled',1,40,'','','','','2018-04-19 19:41:41','2019-05-02 12:22:43',NULL),(128,70,NULL,'Order_139323595','canceled',1,60,'','','','','2018-04-19 19:58:34','2019-05-02 12:22:43',NULL),(129,70,NULL,'Order_504517334','canceled',1,100,'','','','','2018-04-19 20:01:49','2019-05-02 12:22:43',NULL),(130,70,NULL,'Order_874441214','canceled',1,80,'','','','','2018-04-19 20:02:43','2019-05-02 12:22:43',NULL),(131,70,NULL,'Order_470963959','canceled',1,80,'','','','','2018-04-19 20:04:33','2019-05-02 12:22:43',NULL),(132,70,NULL,'Order_622766829','canceled',1,30,'','','','','2018-04-19 20:05:24','2019-05-02 12:22:43',NULL),(133,70,NULL,'Order_373604519','canceled',1,40,'','','','','2018-04-19 20:07:34','2019-05-02 12:22:43',NULL),(134,70,NULL,'Order_193970100','canceled',1,30,'','','','','2018-04-19 20:09:11','2019-05-02 12:22:43',NULL),(135,70,NULL,'Order_724545150','canceled',1,40,'','','','','2018-04-19 20:13:11','2019-05-02 12:22:11',NULL),(136,70,NULL,'Order_130881585','canceled',1,30,'','','','','2018-04-19 20:14:36','2019-05-02 12:22:11',NULL),(137,70,NULL,'Order_804028657','canceled',1,80,'','','','','2018-04-19 20:18:19','2019-05-02 12:22:11',NULL),(138,70,NULL,'Order_735216558','canceled',1,60,'','','','','2018-04-19 20:24:53','2019-05-02 12:22:11',NULL),(139,70,NULL,'Order_403226336','canceled',1,60,'','','','','2018-04-19 20:27:02','2019-05-02 12:22:11',NULL),(140,70,NULL,'Order_212034052','canceled',1,80,'','','','','2018-04-19 20:28:29','2019-05-02 12:22:11',NULL),(141,149,NULL,'Order_469343770','canceled',1,530,'','','','','2018-04-22 14:06:05','2019-05-02 12:22:11',NULL),(142,70,NULL,'Order_960956063','canceled',1,480,'','','','','2018-04-24 21:46:53','2019-05-02 12:22:11',NULL),(143,132,NULL,'Order_393625274','canceled',1,16270,'','','','','2018-05-09 18:58:32','2019-05-02 12:22:11',NULL),(144,163,NULL,'Order_680692597','canceled',1,200,'','','','','2018-05-14 16:20:40','2019-05-02 12:22:11',NULL),(145,163,NULL,'Order_421915757','canceled',1,0,'','','','','2018-05-14 16:20:40','2019-05-02 12:22:11',NULL),(146,192,NULL,'Order_377245341','canceled',1,120,'','','','','2018-06-04 18:54:36','2019-05-02 12:22:11',NULL),(147,192,NULL,'Order_444231024','canceled',1,120,'','','','','2018-06-04 19:11:49','2019-05-02 12:22:11',NULL),(148,192,NULL,'Order_760826139','canceled',1,120,'','','','','2018-06-04 19:42:18','2019-05-02 12:22:11',NULL),(149,192,NULL,'Order_377996349','canceled',1,120,'','','','','2018-06-04 19:46:12','2019-05-02 12:22:11',NULL),(150,192,NULL,'Order_130394780','canceled',1,80,'','','','','2018-06-04 19:49:27','2019-05-02 12:22:11',NULL),(151,192,NULL,'Order_611482912','canceled',1,120,'','','','','2018-06-04 19:52:15','2019-05-02 12:22:11',NULL),(152,192,NULL,'Order_878135695','canceled',1,160,'','','','','2018-06-04 20:19:56','2019-05-02 12:22:11',NULL),(153,192,NULL,'Order_821285142','canceled',1,80,'','','','','2018-06-04 20:24:42','2019-05-02 12:22:11',NULL),(154,192,NULL,'Order_283445197','canceled',1,160,'','','','','2018-06-04 20:26:04','2019-05-02 12:22:11',NULL),(155,193,NULL,'Order_162477016','canceled',1,80,'','','','','2018-06-18 19:53:21','2019-05-02 12:21:32',NULL),(156,193,NULL,'Order_540515377','canceled',1,160,'','','','','2018-06-19 12:42:40','2019-05-02 12:21:32',NULL),(157,185,NULL,'Order_385414382','canceled',1,49,'','','','','2018-06-26 02:44:35','2019-05-02 12:21:32',NULL),(158,194,NULL,'Order_695385018','canceled',1,40,'','','','','2018-06-26 13:52:56','2019-05-02 12:21:32',NULL),(159,194,NULL,'Order_513657825','canceled',1,109,'','','','','2018-06-26 14:59:08','2019-05-02 12:21:32',NULL),(160,194,NULL,'Order_932119868','canceled',1,40,'','','','','2018-06-27 13:28:41','2019-05-02 12:21:32',NULL),(161,174,NULL,'Order_967277316','canceled',1,85,'','','','','2018-06-27 14:01:49','2019-05-02 12:21:32',NULL),(162,194,NULL,'Order_116190589','canceled',1,40,'','','','','2018-06-27 14:15:12','2019-05-02 12:21:32',NULL),(163,185,NULL,'Order_145212187','canceled',1,100,'','','','','2018-06-27 14:50:47','2019-05-02 12:21:32',NULL),(164,185,NULL,'Order_712689961','canceled',1,170,'','','','','2018-06-27 14:51:21','2019-05-02 12:21:32',NULL),(165,194,NULL,'Order_273300534','canceled',1,20,'','','','','2018-06-27 15:50:33','2019-05-02 12:21:32',NULL),(166,194,NULL,'Order_182858263','canceled',1,20,'','','','','2018-07-09 20:57:26','2019-05-02 12:21:32',NULL),(167,194,NULL,'Order_561899125','canceled',1,85,'','','','','2018-07-17 07:00:18','2019-05-02 12:21:32',NULL),(168,195,NULL,'Order_879180425','canceled',1,340,'','','','','2018-07-18 17:38:03','2019-05-02 12:21:32',NULL),(169,201,NULL,'Order_395722005','canceled',1,85,'','','','','2018-07-19 13:09:45','2019-05-02 12:21:32',NULL),(170,185,NULL,'Order_409937236','canceled',1,85,'','','','','2018-07-21 07:26:44','2019-05-02 12:21:32',NULL),(171,185,NULL,'Order_592220933','canceled',1,80,'','','','','2018-08-04 04:51:43','2019-05-02 12:21:32',NULL),(172,171,NULL,'Order_944081642','canceled',1,10,'','','','','2018-08-08 03:24:44','2019-05-02 12:21:32',NULL),(173,238,NULL,'Order_547803551','canceled',1,40,'','','','','2019-01-09 20:57:06','2019-05-02 12:21:32',NULL),(174,238,NULL,'Order_690349402','canceled',1,20,'','','','','2019-01-09 22:33:33','2019-05-02 12:21:32',NULL),(175,194,NULL,'Order_432328527','canceled',1,151.41,'','','','','2019-02-10 04:53:50','2019-05-02 12:19:15',NULL),(176,194,NULL,'Order_571544431','canceled',1,0,'','','','','2019-02-10 04:53:51','2019-05-02 12:19:15',NULL),(177,194,NULL,'Order_868952227','canceled',1,49,'','','','','2019-02-10 04:56:27','2019-05-02 12:19:15',NULL),(178,215,NULL,'Order_956524544','canceled',1,60,'','','','','2019-02-19 14:58:16','2019-05-02 12:19:15',NULL),(179,246,NULL,'Order_795150623','canceled',1,40,'','','','','2019-02-21 14:52:35','2019-05-02 12:19:15',NULL),(180,238,NULL,'Order_463947647','canceled',1,30,'','','','','2019-02-25 18:21:16','2019-05-02 12:19:15',NULL),(181,238,NULL,'Order_252059486','canceled',1,0,'','','','','2019-02-25 18:21:52','2019-05-02 12:19:15',NULL),(182,249,NULL,'Order_756633592','canceled',1,120,'','','','','2019-02-25 19:23:40','2019-05-02 12:19:15',NULL),(183,248,NULL,'Order_358976965','canceled',1,60,'','','','','2019-02-25 19:41:39','2019-05-02 12:19:15',NULL),(184,248,NULL,'Order_857746074','canceled',1,0,'','','','','2019-02-25 19:41:40','2019-05-02 12:19:15',NULL),(185,249,NULL,'Order_768515839','canceled',1,30,'','','','','2019-02-25 19:42:34','2019-05-02 12:19:15',NULL),(186,249,NULL,'Order_732692080','canceled',1,0,'','','','','2019-02-25 19:43:02','2019-05-02 12:19:15',NULL),(187,249,NULL,'Order_157855934','canceled',1,0,'','','','','2019-02-25 19:45:32','2019-05-02 12:19:15',NULL),(188,238,NULL,'Order_196675596','canceled',1,30,'','','','','2019-02-26 14:18:49','2019-05-02 12:19:15',NULL),(189,238,NULL,'Order_913238037','canceled',1,30,'','','','','2019-02-26 14:30:04','2019-05-02 12:19:15',NULL),(190,238,NULL,'Order_853431974','canceled',1,30,'','','','','2019-02-26 14:46:25','2019-05-02 12:19:15',NULL),(191,238,NULL,'Order_213540011','canceled',1,75,'','','','','2019-02-26 18:10:42','2019-05-02 12:19:15',NULL),(192,248,NULL,'Order_393197152','canceled',1,70,'','','','','2019-02-26 18:16:40','2019-05-02 12:19:15',NULL),(193,248,NULL,'Order_607727814','canceled',1,0,'','','','','2019-02-26 18:16:41','2019-05-02 12:19:15',NULL),(194,248,NULL,'Order_504718227','canceled',1,0,'','','','','2019-02-26 18:16:42','2019-05-02 12:19:15',NULL),(195,238,NULL,'Order_828960046','canceled',1,50,'','','','','2019-02-26 18:25:50','2019-05-02 12:18:50',NULL),(196,238,NULL,'Order_359609755','canceled',1,10,'','','','','2019-02-26 18:46:13','2019-05-02 12:18:50',NULL),(197,238,NULL,'Order_501624366','canceled',1,30,'','','','','2019-02-26 18:51:09','2019-05-02 12:18:50',NULL),(198,238,NULL,'Order_959158737','canceled',1,40,'','','','','2019-02-26 23:08:58','2019-05-02 12:18:50',NULL),(199,238,NULL,'Order_316130903','canceled',1,30,'','','','','2019-02-26 23:10:18','2019-05-02 12:18:50',NULL),(200,238,NULL,'Order_578940391','canceled',1,0,'','','','','2019-02-26 23:11:28','2019-05-02 12:18:50',NULL),(201,238,NULL,'Order_919399035','canceled',1,0,'','','','','2019-02-26 23:11:28','2019-05-02 12:18:50',NULL),(202,238,NULL,'Order_327069002','canceled',1,30,'','','','','2019-02-26 23:15:30','2019-05-02 12:18:50',NULL),(203,238,NULL,'Order_563549581','canceled',1,0,'','','','','2019-02-26 23:17:42','2019-05-02 12:18:50',NULL),(204,238,NULL,'Order_102820667','canceled',1,0,'','','','','2019-02-26 23:18:04','2019-05-02 12:18:50',NULL),(205,238,NULL,'Order_649223838','canceled',1,0,'','','','','2019-02-26 23:18:09','2019-05-02 12:18:50',NULL),(206,238,NULL,'Order_767132582','canceled',1,0,'','','','','2019-02-26 23:18:10','2019-05-02 12:18:50',NULL),(207,238,NULL,'Order_420219449','canceled',1,0,'','','','','2019-02-26 23:18:16','2019-05-02 12:18:50',NULL),(208,238,NULL,'Order_287256012','canceled',1,0,'','','','','2019-02-26 23:18:17','2019-05-02 12:18:50',NULL),(209,238,NULL,'Order_758697365','canceled',1,0,'','','','','2019-02-26 23:18:20','2019-05-02 12:18:50',NULL),(210,238,NULL,'Order_481720810','canceled',1,30,'','','','','2019-02-26 23:21:25','2019-05-02 12:18:50',NULL),(211,238,NULL,'Order_657420610','canceled',1,10,'','','','','2019-02-26 23:22:26','2019-05-02 12:18:50',NULL),(212,238,NULL,'Order_691876935','canceled',1,10,'','','','','2019-02-26 23:27:25','2019-05-02 12:18:50',NULL),(213,238,NULL,'Order_525256318','canceled',1,0,'','','','','2019-02-26 23:48:25','2019-05-02 12:18:50',NULL),(214,238,NULL,'Order_161098680','canceled',1,10,'','','','','2019-02-26 23:50:06','2019-05-02 12:18:50',NULL),(215,238,NULL,'Order_764221198','canceled',1,0,'','','','','2019-02-26 23:50:18','2019-05-02 12:18:19',NULL),(216,238,NULL,'Order_338318922','canceled',1,10,'','','','','2019-02-27 00:11:49','2019-05-02 12:18:19',NULL),(217,238,NULL,'Order_412433055','canceled',1,30,'','','','','2019-02-27 00:13:05','2019-05-02 12:18:19',NULL),(218,238,NULL,'Order_182333538','canceled',1,70,'','','','','2019-02-27 00:21:11','2019-05-02 12:18:19',NULL),(219,238,NULL,'Order_513614058','canceled',1,130,'','','','','2019-02-27 00:29:08','2019-05-02 12:18:19',NULL),(220,238,NULL,'Order_408100739','canceled',1,190,'','','','','2019-02-27 00:32:31','2019-05-02 12:18:19',NULL),(221,238,NULL,'Order_579040490','canceled',1,30,'','','','','2019-02-27 00:47:54','2019-05-02 12:18:19',NULL),(222,238,NULL,'Order_450889101','canceled',1,100,'','','','','2019-02-27 00:50:50','2019-05-02 12:18:19',NULL),(223,238,NULL,'Order_965720374','canceled',1,10,'','','','','2019-02-27 00:55:26','2019-05-02 12:18:19',NULL),(224,238,NULL,'Order_713543989','canceled',1,190,'','','','','2019-02-27 01:01:31','2019-05-02 12:18:19',NULL),(225,238,NULL,'Order_978481619','canceled',1,210,'','','','','2019-02-27 01:19:46','2019-05-02 12:18:19',NULL),(226,238,NULL,'Order_603786490','canceled',1,30,'','','','','2019-02-27 19:08:28','2019-05-02 12:18:19',NULL),(227,238,NULL,'Order_783136700','canceled',1,10,'','','','','2019-02-27 19:08:56','2019-05-02 12:18:19',NULL),(228,194,NULL,'Order_656467895','canceled',1,64.88,'','','','','2019-03-05 08:57:44','2019-05-02 12:18:19',NULL),(229,194,NULL,'Order_224648591','canceled',1,0,'','','','','2019-03-05 08:57:45','2019-05-02 12:18:19',NULL),(230,254,NULL,'Order_348485328','canceled',1,31,'','','','','2019-03-05 19:09:58','2019-05-02 12:18:19',NULL),(231,253,NULL,'Order_441903773','canceled',1,27,'','','','','2019-03-05 19:31:05','2019-05-02 12:18:19',NULL),(232,253,NULL,'Order_625712187','canceled',1,0,'','','','','2019-03-05 19:31:06','2019-05-02 12:18:19',NULL),(233,255,NULL,'Order_706236361','canceled',1,20,'','','','','2019-03-20 23:53:01','2019-05-02 12:18:19',NULL),(234,238,NULL,'Order_476009997','canceled',1,300,'emad','emadtraner@gmail.com','67528902','uwait City','2019-04-08 18:47:42','2019-05-02 12:18:19',NULL),(238,0,'353111083487080','Order_617329680','canceled',1,10,'mohammed','fgdf@sdgdg.wegweg','46346364','dfdfs s hrt hrt rth trh trh h','2019-04-09 20:24:58','2019-05-02 12:17:52',NULL),(239,0,'353111083487080','Order_992972193','canceled',1,10,'mohammed','fgdf@sdgdg.wegweg','46346364','dfdfs s hrt hrt rth trh trh h','2019-04-09 20:26:04','2019-05-02 12:17:52',NULL),(240,0,'353111083487080','Order_730873809','canceled',1,10,'mohammed','fgdf@sdgdg.wegweg','46346364','dfdfs s hrt hrt rth trh trh h','2019-04-09 20:29:54','2019-05-02 12:17:52',NULL),(241,0,'353111083487080','Order_938294593','canceled',1,10,'mohammed','fgdf@sdgdg.wegweg','46346364','dfdfs s hrt hrt rth trh trh h','2019-04-09 20:35:12','2019-05-02 12:17:52',NULL),(242,0,'353111083487080','Order_396607128','canceled',1,10,'mohammed','fgdf@sdgdg.wegweg','46346364','dfdfs s hrt hrt rth trh trh h','2019-04-09 20:35:59','2019-05-02 12:17:52',NULL),(243,0,'353111083487080','Order_130499414','canceled',1,10,'mohammed','fgdf@sdgdg.wegweg','46346364','dfdfs s hrt hrt rth trh trh h','2019-04-09 20:49:50','2019-05-02 12:17:52',NULL),(244,0,'353111083487080','Order_180975747','canceled',1,10,'mohammed','fgdf@sdgdg.wegweg','46346364','dfdfs s hrt hrt rth trh trh h','2019-04-09 20:50:15','2019-05-02 12:17:52',NULL),(245,0,'353111083487080','Order_265805548','canceled',1,10,'mohammed','fgdf@sdgdg.wegweg','46346364','dfdfs s hrt hrt rth trh trh h','2019-04-09 20:51:06','2019-05-02 12:17:52',NULL),(246,0,'F7648602-828B-4C78-AEEB-56A272DE74D9','Order_676006711','canceled',1,150,'nbbb','gcvv@hg.jh','55575885','bcvv','2019-04-09 21:12:48','2019-05-02 12:17:52',NULL),(247,0,'358240051111110','Order_614434235','canceled',1,30,'rerere','hgjhj@kjk.com','656465','kjkhjkhkjhkj','2019-04-09 21:53:44','2019-05-02 12:17:52',NULL),(248,0,'F7648602-828B-4C78-AEEB-56A272DE74D9','Order_573046004','canceled',1,60,'emad hexa','emadtraner@gmail.com','15522545','gaza','2019-04-10 18:59:18','2019-05-02 12:17:52',NULL),(249,0,'F7648602-828B-4C78-AEEB-56A272DE74D9','Order_509687575','canceled',1,60,'ggg','ggg@hh.hgg','556555','ggv','2019-04-10 20:11:47','2019-05-02 12:17:52',NULL),(250,0,'F7648602-828B-4C78-AEEB-56A272DE74D9','Order_613209998','canceled',1,60,'gggg','vvvgy@g.ggg','55558555','hvg','2019-04-10 20:28:10','2019-05-02 12:17:52',NULL),(251,0,'F7648602-828B-4C78-AEEB-56A272DE74D9','Order_720250674','canceled',1,90,'hggg','hggg@hdg.hg','55555855','hfghj','2019-04-10 20:35:05','2019-05-02 12:17:52',NULL),(252,0,'F7648602-828B-4C78-AEEB-56A272DE74D9','Order_651110133','canceled',1,90,'ggggf','hcg@gh.gg','58888888','gvbcv','2019-04-10 20:39:11','2019-05-02 12:17:52',NULL),(253,0,'353111083487080','Order_225729217','canceled',1,60,'تبتب','hdhdh@gggg.com','8656565656','dhdyrydydydy','2019-04-10 21:37:29','2019-05-02 12:17:52',NULL),(254,0,'353111083487080','Order_575936873','canceled',1,400,'cycyc','vufyf@tcyfy.com','938383535','gctctctctftd','2019-04-10 22:16:51','2019-05-02 12:17:52',NULL),(255,0,'AE0C09CD-6FCE-45A1-B933-18A29DD22ED3','Order_221061409','canceled',1,50,'emad al hassani','emadtraner@gmail.com','25252525','jordan','2019-04-10 22:50:47','2019-05-02 12:17:52',NULL),(256,0,'AE0C09CD-6FCE-45A1-B933-18A29DD22ED3','Order_763905719','canceled',1,133.5,'emad','enadtraner@gmail.com','111222333','kuwait','2019-04-11 18:23:56','2019-05-02 12:17:52',NULL),(257,0,'AE0C09CD-6FCE-45A1-B933-18A29DD22ED3','Order_967731981','canceled',1,230,'emad hexa','emadtraner@gmail.com','15522545','gaza','2019-04-11 18:58:22','2019-05-02 12:17:52',NULL),(258,0,'353111083487080','Order_364575231','canceled',1,150,'emad hexa','emadtraner@gmail.com','15522545','اؤايابا','2019-04-11 19:04:40','2019-05-02 12:17:22',NULL),(260,0,'AE0C09CD-6FCE-45A1-B933-18A29DD22ED3','Order_237709145','canceled',1,360,'ttt','tt@tt.tt','123654789000','dhcc','2019-04-15 20:34:07','2019-04-27 07:27:03',NULL),(261,0,'AE0C09CD-6FCE-45A1-B933-18A29DD22ED3','Order_855460603','canceled',1,230,'ttt','yy@yy.yy','1236544899','ttthj','2019-04-15 20:35:25','2019-05-02 12:17:22',NULL),(262,0,'353111083487080','Order_924946804','canceled',1,180,'emad hexa','emadtraner@gmail.com','15522545','ydydy','2019-04-15 20:38:19','2019-04-27 07:27:03',NULL),(263,0,'AE0C09CD-6FCE-45A1-B933-18A29DD22ED3','Order_730958823','canceled',1,50,'ggg','ggg@hg.hgg','5555555','gghh','2019-04-15 20:47:00','2019-04-27 07:27:03',NULL),(264,0,'AE0C09CD-6FCE-45A1-B933-18A29DD22ED3','Order_548049167','canceled',1,150,'hbbb','bbbbb@hhh.hh','08858555','b$)$bg','2019-04-15 20:52:29','2019-05-02 12:17:22',NULL),(265,0,'AE0C09CD-6FCE-45A1-B933-18A29DD22ED3','Order_590996041','canceled',1,230,'hbbbb','ggg@hgg.hhh','888888888','bvvvvg','2019-04-15 20:59:35','2019-04-27 07:27:03',NULL),(266,0,'AE0C09CD-6FCE-45A1-B933-18A29DD22ED3','Order_557504144','canceled',1,100,'bvvv','gggg@ggg.hg','8888855','ggvh','2019-04-15 21:06:22','2019-04-27 07:27:03',NULL),(267,0,'AE0C09CD-6FCE-45A1-B933-18A29DD22ED3','Order_476337372','canceled',1,50,'hgv','gggg@hhh.hhh','888888888','hggghh','2019-04-15 21:09:47','2019-05-02 12:17:22',NULL),(268,0,'AE0C09CD-6FCE-45A1-B933-18A29DD22ED3','Order_319820369','canceled',1,0,'hgv','gggg@hhh.hhh','888888888','hggghh','2019-04-15 21:09:48','2019-04-27 07:27:03',NULL),(269,0,'AE0C09CD-6FCE-45A1-B933-18A29DD22ED3','Order_611420161','canceled',1,0,'gggg','bgg@ggg.hh','55555555888','gghj','2019-04-15 21:10:11','2019-04-27 07:27:03',NULL),(270,0,'AE0C09CD-6FCE-45A1-B933-18A29DD22ED3','Order_212698659','canceled',1,0,'gggg','bgg@ggg.hh','55555555888','gghj','2019-04-15 21:10:12','2019-04-27 07:27:03',NULL),(271,0,'AE0C09CD-6FCE-45A1-B933-18A29DD22ED3','Order_455341016','canceled',1,50,'bbbbb','hhg@hgg.jhh','8555552333','hghh','2019-04-15 21:13:36','2019-05-02 12:17:22',NULL),(272,0,'AE0C09CD-6FCE-45A1-B933-18A29DD22ED3','Order_845155775','canceled',1,50,'bvvvv','hgg@hgg.bb','288888888','vvhhh','2019-04-15 21:14:24','2019-05-02 12:17:22',NULL),(273,0,'AE0C09CD-6FCE-45A1-B933-18A29DD22ED3','Order_252592688','canceled',1,50,'hbvvv','hhh@hg.hh','8888888','hbh','2019-04-15 21:15:46','2019-05-02 12:17:22',NULL),(274,0,'AE0C09CD-6FCE-45A1-B933-18A29DD22ED3','Order_782955943','canceled',1,50,'hhhhb','bhh@hg.hh','888888888','hhhh','2019-04-15 21:18:30','2019-05-02 12:17:22',NULL),(275,0,'AE0C09CD-6FCE-45A1-B933-18A29DD22ED3','Order_650764155','canceled',1,50,'hhh','hhg@gg.hh','25555555','gbh','2019-04-15 21:27:53','2019-05-02 12:17:22',NULL),(276,0,'AE0C09CD-6FCE-45A1-B933-18A29DD22ED3','Order_746282911','canceled',1,50,'gggg','gggg@ggg.hh','88888888','gggg','2019-04-15 21:29:37','2019-05-02 12:17:22',NULL),(277,0,'AE0C09CD-6FCE-45A1-B933-18A29DD22ED3','Order_612472099','canceled',1,50,'hgvvv','ggg@ggg.hhh','588888','gggh','2019-04-15 21:32:44','2019-05-02 12:17:22',NULL),(278,0,'AE0C09CD-6FCE-45A1-B933-18A29DD22ED3','Order_279486565','canceled',1,50,'hgvv','bbb@bhh.hh','555588888','bbggh','2019-04-15 21:33:59','2019-05-02 12:17:22',NULL),(279,0,'96B0D0F5-F9E6-4E17-8709-5C40898E9D0C','Order_890977290','new',1,420,'منى','kwhs@licd.com','99755897','سلوى قطعه ١','2019-05-07 16:39:47','2019-05-07 16:39:47',NULL),(280,194,'96B0D0F5-F9E6-4E17-8709-5C40898E9D0C','Order_952051888','new',1,360,'mauzouq alazemi','kw8y@live.com','55343334','الصباحيه قطعه ٢شارع٩','2019-05-16 11:09:11','2019-05-16 11:09:11',NULL),(281,194,'96B0D0F5-F9E6-4E17-8709-5C40898E9D0C','Order_397627621','new',1,0,'mauzouq alazemi','kw8y@live.com','55343334','الصباحيه قطعه ٢شارع٩','2019-05-16 11:09:12','2019-05-16 11:09:12',NULL),(282,274,'E186ECF4-B5EC-4D81-830E-F0A1784E6A5A','Order_295425228','new',1,80,'ابراهيم  العازمي','bofaleh88@yahoo.com','60000995','منو','2019-05-16 13:42:20','2019-05-16 13:42:20',NULL),(283,274,'E186ECF4-B5EC-4D81-830E-F0A1784E6A5A','Order_544854942','new',1,0,'ابراهيم  العازمي','bofaleh88@yahoo.com','60000995','منو','2019-05-16 13:42:20','2019-05-16 13:42:20',NULL),(284,238,'DAC127DC-C0E5-4BD0-BC20-873904960176','Order_176972075','new',1,200,'emad hexa','emadtraner@gmail.com','15522545','kwkw','2019-05-16 19:56:50','2019-05-16 19:56:50',NULL),(285,274,'E186ECF4-B5EC-4D81-830E-F0A1784E6A5A','Order_181060522','new',1,210,'ابراهيم  العازمي','bofaleh88@yahoo.com','60000995','الظهر','2019-05-17 06:48:21','2019-05-17 06:48:21',NULL),(286,274,'E186ECF4-B5EC-4D81-830E-F0A1784E6A5A','Order_329257477','new',1,30,'ابراهيم  العازمي','bofaleh88@yahoo.com','60000995','الظهر','2019-05-17 09:26:20','2019-05-17 09:26:20',NULL),(287,274,'E186ECF4-B5EC-4D81-830E-F0A1784E6A5A','Order_993800564','new',1,210,'ابراهيم  العازمي','bofaleh88@yahoo.com','60000995','الظهر','2019-05-17 15:10:51','2019-05-17 15:10:51',NULL),(288,274,'E186ECF4-B5EC-4D81-830E-F0A1784E6A5A','Order_245289728','new',1,150,'ابراهيم  العازمي','bofaleh88@yahoo.com','60000995','الظهر','2019-05-19 05:02:59','2019-05-19 05:02:59',NULL);
/*!40000 ALTER TABLE `user_orders` ENABLE KEYS */;
UNLOCK TABLES;

--
-- Table structure for table `user_permissions`
--

DROP TABLE IF EXISTS `user_permissions`;
/*!40101 SET @saved_cs_client     = @@character_set_client */;
/*!40101 SET character_set_client = utf8 */;
CREATE TABLE `user_permissions` (
  `id` int(11) NOT NULL AUTO_INCREMENT,
  `user_id` int(11) NOT NULL,
  `permission` varchar(50) NOT NULL,
  `created_at` datetime DEFAULT NULL,
  `updated_at` datetime DEFAULT NULL,
  `deleted_at` datetime DEFAULT NULL,
  PRIMARY KEY (`id`)
) ENGINE=InnoDB AUTO_INCREMENT=16 DEFAULT CHARSET=utf8;
/*!40101 SET character_set_client = @saved_cs_client */;

--
-- Dumping data for table `user_permissions`
--

LOCK TABLES `user_permissions` WRITE;
/*!40000 ALTER TABLE `user_permissions` DISABLE KEYS */;
INSERT INTO `user_permissions` VALUES (1,228,'sdasd','2018-12-24 11:13:03','2018-12-24 11:13:03',NULL),(2,229,'expo,clothing','2018-12-24 11:28:21','2018-12-24 11:32:17','2018-12-24 11:32:17'),(3,229,'expo,clothing','2018-12-24 11:32:17','2018-12-24 11:32:39','2018-12-24 11:32:39'),(4,229,'expo,clothing','2018-12-24 11:32:39','2018-12-24 11:32:39',NULL),(5,230,'admins,expo,clothing','2018-12-24 12:34:32','2018-12-24 12:34:32',NULL),(6,231,'expo,clothing','2018-12-24 12:42:34','2018-12-24 12:42:34',NULL),(7,232,'expo,city','2018-12-24 12:46:28','2018-12-24 12:46:28',NULL),(8,233,'expo','2018-12-24 12:49:39','2018-12-24 12:49:39',NULL),(9,234,'material','2018-12-24 12:51:00','2018-12-24 12:51:00',NULL),(10,239,'expo','2019-01-17 13:05:07','2019-01-17 13:06:58','2019-01-17 13:06:58'),(11,239,'expo,clothing,material,colors,packages,role','2019-01-17 13:06:58','2019-01-17 13:08:14','2019-01-17 13:08:14'),(12,239,'material,live-chat','2019-01-17 13:08:14','2019-01-17 13:08:45','2019-01-17 13:08:45'),(13,239,'expo,live-chat','2019-01-17 13:08:45','2019-01-17 13:09:25','2019-01-17 13:09:25'),(14,239,'live-chat','2019-01-17 13:09:25','2019-01-17 13:15:00','2019-01-17 13:15:00'),(15,239,'expo','2019-01-17 13:15:00','2019-01-17 13:15:00',NULL);
/*!40000 ALTER TABLE `user_permissions` ENABLE KEYS */;
UNLOCK TABLES;

--
-- Table structure for table `users`
--

DROP TABLE IF EXISTS `users`;
/*!40101 SET @saved_cs_client     = @@character_set_client */;
/*!40101 SET character_set_client = utf8 */;
CREATE TABLE `users` (
  `id` int(10) unsigned NOT NULL AUTO_INCREMENT,
  `name` varchar(191) COLLATE utf8mb4_unicode_ci NOT NULL,
  `bio` varchar(300) COLLATE utf8mb4_unicode_ci DEFAULT NULL,
  `email` varchar(191) COLLATE utf8mb4_unicode_ci NOT NULL,
  `image` varchar(300) COLLATE utf8mb4_unicode_ci DEFAULT NULL,
  `contract_image` varchar(300) COLLATE utf8mb4_unicode_ci DEFAULT NULL,
  `mobile` varchar(30) COLLATE utf8mb4_unicode_ci NOT NULL,
  `balance` int(11) NOT NULL DEFAULT 0,
  `facebook` varchar(300) COLLATE utf8mb4_unicode_ci DEFAULT NULL,
  `linkedin` varchar(300) COLLATE utf8mb4_unicode_ci DEFAULT NULL,
  `twitter` varchar(300) COLLATE utf8mb4_unicode_ci DEFAULT NULL,
  `password` varchar(191) COLLATE utf8mb4_unicode_ci NOT NULL,
  `lat` float(10,8) DEFAULT NULL,
  `lan` float(11,8) DEFAULT NULL,
  `address` varchar(300) COLLATE utf8mb4_unicode_ci DEFAULT NULL,
  `remember_token` varchar(100) COLLATE utf8mb4_unicode_ci DEFAULT NULL,
  `FCM_token` text COLLATE utf8mb4_unicode_ci NOT NULL,
  `device_type` enum('ios','android') COLLATE utf8mb4_unicode_ci NOT NULL,
  `api_token` text COLLATE utf8mb4_unicode_ci NOT NULL,
  `admin` int(11) NOT NULL DEFAULT 0,
  `admin_type` tinyint(2) DEFAULT 1 COMMENT '1 for admin 2 for sub admin ',
  `user_type` tinyint(1) NOT NULL DEFAULT 1,
  `status` enum('active','not_active') COLLATE utf8mb4_unicode_ci NOT NULL DEFAULT 'active',
  `created_at` timestamp NULL DEFAULT NULL,
  `updated_at` timestamp NULL DEFAULT NULL,
  `deleted_at` timestamp NULL DEFAULT NULL,
  PRIMARY KEY (`id`),
  UNIQUE KEY `users_email_unique` (`email`)
) ENGINE=InnoDB AUTO_INCREMENT=275 DEFAULT CHARSET=utf8mb4 COLLATE=utf8mb4_unicode_ci ROW_FORMAT=COMPACT;
/*!40101 SET character_set_client = @saved_cs_client */;

--
-- Dumping data for table `users`
--

LOCK TABLES `users` WRITE;
/*!40000 ALTER TABLE `users` DISABLE KEYS */;
INSERT INTO `users` VALUES (2,'wasim wasim',NULL,'wasim.k.safi@gmail.com',NULL,NULL,'',0,NULL,NULL,NULL,'$2y$10$XzmAA9que0bJJ.rRsCqL5.UhrWfc09TRZAFqv2XVgAAYFItzq/eD2',NULL,NULL,NULL,'zPWLwWaymdBSzQJhd2dyFE5FSRTDOktvTqQL01i6uzEbL9BsGyLydckqciij','','ios','',1,1,2,'active','2018-03-04 13:57:27','2018-03-04 13:57:27',NULL),(12,'Kareem OS','','kareem9@aa.com','uploads/images/users/z0paQ72Zh5ivU73ehAi02hzY1akEMLkCUIKBhu1r.jpeg',NULL,'1340606644',0,'facebook.com','linkedin.com','twitter.com','$2y$10$tpuQvRoQBhtbfei.E0vLhO/QcOZc6oGcG16QQCD3PoGzyrdsJYuTK',1.05252194,3.01515007,'rimal',NULL,'fcm_tokenfcm_tokenfcm_tokenfcm_tokenfcm_token','ios','pFOTSgmef9J7FEopognP1nfNOAoG3iHZNuIkRBuBvLpjMsETOqBdu38b30CA4EeqFzGYbuXE6FdZs4RMVjO5d2IH2hytxuAOVwa6VgORymqtR1Mi1JU1oCGYgnnaOpZW6JwlLemM4q8w8x2Km7yTsXEztns4BZ64Yz4GWxVGYO7V9u10XUiu',1,1,2,'active','2018-02-13 07:14:52','2018-02-13 07:31:34',NULL),(56,'ahmed 123',NULL,'gmail@ah.coq',NULL,NULL,'33333331',0,NULL,NULL,NULL,'$2y$10$Ix5ZKgr.BVHhX0sjJtno9e/pgbEpjtQF26Dh4WpZ2yrlbeBHsjjWy',NULL,NULL,NULL,NULL,'123','ios','Z1wc9yMfMdMOMsjUaLFsHQExioDRInJWsWaZyvIqlxBVKvYOieeMY4yLN21WxTM0435VacIhPDQGqiLn1ELeQrNDy4QqtG0dkEWecfD2eKxzjjhRywm7E3oGTkNFMrBtNb54mHKuliYfgrv2S3GjAmI431HOfhqiHAbFYTyKuokUbjKyvFKt',1,1,2,'active','2018-03-22 14:13:07','2018-03-22 14:13:07',NULL),(57,'Administrator',NULL,'test@test.com','uploads/images/user/xqHr8zfIlIA6WJOrKGXJbsXG8VJgPDXAbBhqJWnh.jpeg',NULL,'1144785',0,NULL,NULL,NULL,'$2y$10$qy5iFZ0/fZ1oFms5ER2x3e24YNSrOTCog6KeNES9tm4Fvz0CH7JUa',NULL,NULL,NULL,'mpoDyqbkvvtv9eAUeBXoJ8Tt1FlQXPxfidujJeD3GyVhUwlZUO84BqwNR16F','1211','ios','SMSJ6P2liwCW9QQySvuTgFJM9cGUlAxt3r64hjhRhV0EZQgy90JEpOlI7ThlvhDDBYwld9y527dCAfxnPtHU8BZM32e5sCyiPnjblwdgmCWR3QYqMHJQxxy7LjnlwWA3MTPZIZyz0lRGmK0ZHDzq7zRDia0PehrzLBALFSpnRgCvnVkic0Pu',1,1,3,'active','2018-03-22 14:17:13','2018-05-28 20:04:56',NULL),(58,'Mostafa Testing',NULL,'qqq@qqq.qqq','uploads/images/users/SqXEZatkKrYs3ik0NZnISGlgBtTiBipqbsAMt4Nz.jpeg',NULL,'0505050504321',0,NULL,NULL,NULL,'$2y$10$N5VZVdEnBfQMEdnuf86n8.pjxHcb6b0C9FfWmQB3SoAoxc0Es43y6',NULL,NULL,NULL,NULL,'dw2FY6-V9UI:APA91bGhao8yvZ8G-djPcFuffXDa3F8rgCra-Zm72TYsrCcqA2Vc1sv9H-dYzEzn2ygVafC5Ed9TvnTOraeKsrn3IxynpRb5Af3vh7rT0klhPdSXC8WmHdTXYRYQAKIm-qKbitsUVB6BPw6rJANJrPM_w0tJkfeSuQ','ios','JeDMXVnRG5Ax5LslVexGlMeLLCX5ZKoZ1M8AyGuzPTyI416t5WuR6mPQWbodTz9J07U4Ja5stIhRg4MG9jHm4MnV02sLF4w9S7ERgCqahNySF9QDtriLIXaq53TVlet6oH0EjOibugroBgu8ex4ltCpxHxRCWYRni1XJJuxtZ9bAS7bLAJR7',1,1,2,'active','2018-03-22 14:28:45','2018-07-29 14:13:34',NULL),(59,'Qwerty',NULL,'qwerty@qwerty.com',NULL,NULL,'23456787654',0,NULL,NULL,NULL,'$2y$10$UffaEonYjAN.Nt0fXjswveL0KwA/mTR6gELZa1CxU8IErYyTb0lLy',NULL,NULL,NULL,NULL,'TestToken','ios','xHgRzGxQuNkQMdTHS6mxEhGFDHbzjReUp9bd6TSc11g64PyeU5U59ZlWkkXbGTb9XFbmldJgV5dQCTqVnz3rTk3p1rhwikXPkrhDswCk51RSVQcj9Y1pFxa4zmgw2YK4c3d1ELaZYmmG22WP6fXk9kRXjx39kUzgthLeVdrXwMiG2zoWsTSO',1,1,2,'active','2018-03-22 14:46:16','2018-03-22 14:46:16',NULL),(60,'Gaaa',NULL,'qq@ww.aa',NULL,NULL,'101010',0,NULL,NULL,NULL,'$2y$10$c.9vEMBUmSxrZT0d9TNlpeiXcWA0hH7OkVRHSvl1qdUvkgeGPDFoe',NULL,NULL,NULL,NULL,'TestToken','ios','AZ4UdrbBlLfa7GbI5i7f7Glv8NNUvgEDXMmT3jqHcjCbj8ExX2leYqy5qe8GkCYqxs8NFwZ8kVLeUDdXyDpxmDE16gCMISQAUT8wGcFt1oLXJg79N8hYEi9rENOIpYpSkpvy0EKiYwGatjXM2YvTgVvmsRc2MylFFk96wAX3PftZlEPPWSBg',1,1,2,'active','2018-03-22 17:21:26','2018-03-22 17:21:26',NULL),(61,'Des',NULL,'qwe@qwe.qwe',NULL,NULL,'9595959',0,NULL,NULL,NULL,'$2y$10$qpJE4Pye/APLcSkAWmj6puCC24Gsav1dc6j.nu0Odk5jWbTFidaIy',NULL,NULL,NULL,NULL,'TestToken','ios','1r6gOGedDJllNYjGJTQ2KEAhypYnkLhCaV1sYLZhMRpOqWCxMaTD9NOgeBa9IsUTgrOYY2yvRE2LbNXP9DeUxfpWjYn409np79ydGKf2z3kKkVM1eXFH0wUJw8W3Dll5W1tDnGoUV9sJtlq0DNVoCmXBqeN7KAYWWz5HgY8NPHE3Mz5tYREO',1,1,2,'active','2018-03-22 17:40:57','2018-03-22 17:40:57',NULL),(62,'ahmed idhair',NULL,'eng.fsifes@gmail.com',NULL,NULL,'0595530807',0,NULL,NULL,NULL,'$2y$10$KzFCFim1aAUzGhiufuAyceTagp/xMC7y3hz7A7LJk.kHhq/Rk7ipq',NULL,NULL,NULL,NULL,'c-CE9T2KVCc:APA91bGP5bZG2CmkE7g_rb8e379ON8mjqb9YHhjZBb8szRAIwPsBJKLqCNmRRTAM5ewmZJNuCD2c77qkxvQO-pYMgDUrfALUFJrbOy7ZEG4HiFZxPqtxyslJpsCkfLP-YONWal3AFxLq','ios','bRsWCuJPaYEENa7uYZc1lTvt5jmcrPBQ7U5OK0aizMIyOIcFB3Nus7ctAmNlz3uSqYv1GDGw0prt6T3NEIy7sxItpRml3Y0L5LFRBzN36BYnWnKxhxJzNFBl9CQe6MersvqXPxC1y0H1MYGqssXaDbHbR3xdT2uRnkDGkc9v0zcFwmeHq9PS',0,1,1,'active','2018-03-25 14:39:39','2019-04-11 13:16:25',NULL),(64,'dasdasdasd',NULL,'test999@test.com','uploads/images/user/tYihZZo8LSpp0WM3p55AByml4xEOH76SNpcHV0pX.jpeg',NULL,'999989999',0,NULL,NULL,NULL,'$2y$10$f7qfiBOsAZfsUobE5zweS.80CfVW22RC9rbHfUY3is0287lhhT9gS',NULL,NULL,NULL,NULL,'','ios','j9zSS6FWUTTx8HAOb4w38quPR2AvnWSj17xIxEBAe2IVLSRYkjIRHlBKJkFjKr6yBLUgScGGLyuus7sAsbIMG2GzhJck7k1bteOCBAJ5LMwikSrLC3GXozD1N6slJD11sEhXRU8FdzFkTA8bpGUIRXXPKabiFJ9CKyG04Sr0hE8LnBfN7LBC',1,1,2,'active','2018-03-25 14:41:56','2018-03-25 14:41:56',NULL),(65,'fffffffffff',NULL,'test112211@test.com','uploads/images/user/S0bi43N2T3RKm1sqKnibq5LViap6pxXmurTxpBNV.jpeg',NULL,'43434343',0,NULL,NULL,NULL,'$2y$10$W2iAeEsHxYQT5wsTLTrLaemG1v0yGh6qoE3F839IhH4hPWuNB5V4W',NULL,NULL,NULL,NULL,'','ios','0SIrafVtpSvHawz4CN3qNiYCXb7VrA8pyTjTDg3QcoHDESrSaAnYNXd4fscJg9MbtlneOxPLSLyYUQWYy8Fb16PhDQcvtLragtg49NOfn1jJwwIa88oqUuUjX8GqvHkQxFlIkmgGVct1ZsiE7EzYvssNEC4by3JJ3Fm5az5dGl23edN1Kimu',1,1,2,'active','2018-03-25 15:00:05','2018-03-25 15:00:05',NULL),(66,'iMostafa',NULL,'aa@aa.com','uploads/images/users/FDh4vQdwq3Z6Oa224AwlYRd6MOK4hBdVt2nlI1KE.jpeg',NULL,'00101010',0,NULL,NULL,NULL,'$2y$10$CS9HC8H2Hi/nQycyUg4JBe5pzAWFDomZzvhQm39WSVjGdGPGyShKO',NULL,NULL,NULL,NULL,'qwerty','ios','Et2vMNaXwGhsQKkJgPbrPnHxd0LHLS1LVGrUmnoZYJLaEOyRniVO2uxdDLdejhDBhvvFp1Heqsb5GOBjhXl3sjDTW5CrT31OX1oRvnXecBmn8IvY6Ym6Oq4KAUuJTJ0uds0EZb6UH4G4iV6Fuj2A4a1uconqtd4JSurW0txmDTXAdiGo7CpT',1,1,2,'active','2018-03-25 17:02:40','2018-03-25 17:35:37',NULL),(67,'1234',NULL,'exprro@h.com',NULL,NULL,'987654321',0,NULL,NULL,NULL,'$2y$10$pYfsHT8fLJwRERxbHk5l7OVxD9uQs2vUYAiUQ8CwFyqgorFhBnxr6',NULL,NULL,NULL,NULL,'1211','ios','PLinB9XH34EpQVLCLRVWY1M0QC1pnaYEbyIGqlmMo9ZufvqtSzkJFLcUPTncu5L5cbL576DpvJgT3g1kSHVWmZlTGk6Na3LLAHyBA7l4eI4svugst1PsIFTVk5yOqrA53Q5a42jqPJNFX2Zo3ARQoZE3A7VvpwLVbGCzMA1rCd48jUa5gasK',0,1,1,'active','2018-03-28 13:20:10','2018-03-28 13:20:10',NULL),(68,'1234',NULL,'expo222@h.com',NULL,NULL,'323876222',0,NULL,NULL,NULL,'$2y$10$rBygfkEAwNvnyS6DOz1zYuVj4VA.WRaSWs1Xw6FTa7f9Gxs6fzzoS',NULL,NULL,NULL,NULL,'1211','ios','tQTthwelSmbzgCCZDdBJd2SjQZiYYdYsSYObm2dzerFNuGZmXmVoUEawHuPcOSpgYDilaJegDbcMtC3AVZEfmtl4cdhEwTdJiZ3drI6F9QJlSzte2YYUpU3lNgWmtgRpho0NytLzYZ5N4SgTl9mX7IGPMcVA8ei2h0LbCWyG4tCGJaGAguf9',0,1,1,'active','2018-03-28 14:19:19','2018-03-28 14:19:19',NULL),(69,'1234',NULL,'expo@haaaa.com',NULL,NULL,'3238765',0,NULL,NULL,NULL,'$2y$10$UWS3rz9QU4lfNaeFNjMAB.3u5nUUEHSrPhnWGG9P4McRRhm8g/Ca.',NULL,NULL,NULL,NULL,'1211','ios','2Ikgqev49egNavbGYo50Atn6PE8pTBpKUXCutizG7fefO1cbYeMQanKJu60cmecMq6R2AB4MLD80x3dDi2A0jJIZ6vkET0gQ4s4ETF4sMzLfMAITaUdVvvL3HCGyiA7lk9dS4eJwHWH2ocnuVfVdes7c5bPLSXzrg0A9Nd7IzZF19fZjq2Ci',0,1,1,'active','2018-03-28 14:21:41','2018-03-28 14:21:42',NULL),(70,'Ahmed Ashraf',NULL,'ahmed.idhair2134@gmail.com','uploads/images/users/NkMFJP21wcvzN4NV1Kfnix7CTijQ8YngVc4tr0yB.jpeg',NULL,'0595530807',0,NULL,NULL,NULL,'$2y$10$3OhR.S09dXT06U0OxetPMuQVnTWQPFtPNFQJ7crUNdow/95rHqDzK',NULL,NULL,NULL,'h9SPeWYAlAnqM1Ew49CVSqn78l939fd4Aj1LeuGwXg7fPWZFSypwG6MPJ5rK','fwvE-z0e-DM:APA91bEdj8gfxnae0EIzmenZhK3HErMmZF10D1uBl4VQhz_bVt7AdFnKwndZEbWSa_sgAxidUgyR9SInl17FpOW7i_NIVgUNAHib-LdNQrQupxg-Ke7JT9zgurHBxVzVLOXmMd3s-_fm5RV5Egidr8Nrrq-aC_G3kg','android','lTcDDws7EkpVuS0rkN7ZeVghDoV5G5ITrnTOwKrTdAfT3TmSkbZpkI74Y33cNujTFeD8m8GATmkJrbfjGYhIGG9IHErV0loGy4JS3ZhzltcfXvLdcTjYAFVLSmIvsyvn8Ivd7y6prFHjWZlw6YnDTIWrQhoXKB507AhWy9ykw0cWjIyHyu1O',0,1,1,'active','2018-03-28 14:54:55','2018-06-26 14:41:31',NULL),(71,'ahmed 123',NULL,'gmail111@ah.co',NULL,NULL,'3333333121',0,NULL,NULL,NULL,'$2y$10$.Vmo7UjOnyLFrYdulWZnnea6QIaZ1zvKaGKmUuRGpxmfzi7gsDRzW',NULL,NULL,NULL,NULL,'123','ios','MiRXRH3O3QeWlVmmwoZE9rFWbAUkcrLxqPRAWtLyk9z7AtnpRUwMpZjAHhvv4LvpdUShO7VbVahnuKswxaKkwc107ooCbqQ9fYDRHbflz4oXAfQjTDsUKBixoSHWbfiREfgRLyoFkKnjMbjwEKx5aAeUlV9Bw3wXZeEmLCkiVAXsGWzX3oDM',1,1,2,'active','2018-03-28 15:59:41','2018-03-28 15:59:41',NULL),(72,'Hevana',NULL,'oo@oo.oo',NULL,NULL,'666666',0,NULL,NULL,NULL,'$2y$10$hA.0FPWIyICi5uhEc8Pf1.gsNEmItmtJi8nt4ceKtGGNOknOiXivi',NULL,NULL,NULL,NULL,'TestToken','ios','7Am7ag3cKsV9TOWzo6nEtsCamNw4UmCRF5A4uTOyMxN8nZcN3YaMiZQf7uMSxa3u84YEt71OvYj4aK23BnLWRaS85l41IkxDV4bsOW8m66R0KmlmuV93wyHbr4KqGITLImwlkdvgS8EPjboE6gjcYk2coPHEqeMHeEEZAJmfHLr5n21pK4pX',1,1,2,'active','2018-03-28 18:58:50','2018-03-28 18:58:50',NULL),(73,'ahmed 123',NULL,'gmail@ahq.co',NULL,NULL,'33333331123123',0,NULL,NULL,NULL,'$2y$10$TVGY8NSUG7r.4.jef/mlfeZc5wM.y0L.SKQZg/65bFqV0aB47G4Fm',NULL,NULL,NULL,NULL,'123','ios','TYeMADdKogXE66EezSYafpaB3GTRg8bFUiHmhG10uXHbCFvnMfCfiR1BFizeLmNIe65Z6XTkQIhu2Riwk4Y4MbGRkEcZlUNkRDMq4aE3nTKEtMqP7qKOrNqbnAHYF8VR1UMPox7fNh0jKBIm2YJWjp6WAtMzoKGkrYW9cpfRLLNylovr4nBC',1,1,2,'active','2018-03-28 19:53:09','2018-03-28 19:53:09',NULL),(74,'Hannah',NULL,'gg@gg.g1','uploads/images/users/p3YbHd9goVrGUhBsawkotpF3wBR7hxDb8kfrhrjX.jpeg',NULL,'05959595',0,NULL,NULL,NULL,'$2y$10$AkRZ0o.1BMwty1ZMn42zKuXTVTHLEiC93W6Dq6Ye5EJiQKo2yCulW',NULL,NULL,NULL,NULL,'qwerty','ios','o5VZmN6I2fvOYklrp6pos7Tb7avs1uPp77Mlkc9eP3RjPMmogls6ds6stjBkd4Ge1ulUtViRh7pN37mchRhlf9du2OrCNakRdPjLeLnCqI85pzq0acncsrC0Iupr2PT6Tp0Ggn5KB9UOdEfZ33hCdFArCOqxpsjnPMcWWMLYp2WqxNG9p912',1,1,2,'active','2018-03-29 19:15:46','2018-03-29 19:56:41',NULL),(75,'fffffffffff',NULL,'hh@h2.coo','uploads/images/user/NxpY5r34cUNGi5c1QkDl63oAGuLw3CsbAGw6lYNJ.png',NULL,'435345345',0,NULL,NULL,NULL,'$2y$10$.eQWpx3Cq2jGQJD6jSyh/u0WNNS0M7t7w.IIm1q8IGpIYhyRG1jku',NULL,NULL,NULL,NULL,'','ios','bKJQwphcvzGU2a5Wd2XSunS2oLIbVoWgHFsQNCTxouFL73fJXsNXQ0mLdycoU35ialO6uzCjLZpBnWjQVKBtargA9guTD8ndrZAs3ERAhTlp8IvXRPYw4Big5bioYXj1BXOU03FSSJUVcQ5S8SPKVlBoOWhv30OiwhfSohjS3EVLovUy1SUG',1,1,2,'active','2018-04-01 20:04:39','2018-04-01 20:04:39',NULL),(114,'Aber khalid',NULL,'atalla@email.com','uploads/images/user/w5dvx0IBlFyP4Snk4tGR60kGwFj2GNN7L0y2Yrr2.jpeg',NULL,'009651111111',0,NULL,NULL,NULL,'$2y$10$PVt87NRXcwJdYJwHoSY0p.Gaary/4B088y5Cie3ikdmWLPnwTab86',NULL,NULL,NULL,NULL,'123','android','zMF6LrdHNLpZ3UZvmhfaY60s81H4RQcIqIF4u1Ccpx1hmSSqf83TrYZ6quA8G9hNi0T149EZ9J2H2jcoJ6K9ao4HWdxXwpWn8Zs2Rvy3Slq6k9TAfATDgMOD8tTPPUiYKEjK2ECVpmiGyT0FAnU5EuKowHhPlTHkO538Mg9CjyOVCtFxxb0h',1,1,2,'active','2018-04-05 16:46:40','2018-04-05 18:07:05',NULL),(115,'woman 2',NULL,'test2@test.com','uploads/images/user/s3EWh6MxWTwSrWbZbZZcSW96FrA879BtSV27MCse.jpeg',NULL,'112233665544',0,NULL,NULL,NULL,'$2y$10$ylS.6ugCU0fQzGVHHCMMQeOUl9AKWDUOew5VLlgkf/jnJoEApSmRq',NULL,NULL,NULL,NULL,'','ios','7E4EPUo43zbXhmiSzqt3wxIaVfhaR7lAJC6LMtyzeyVDtYbnHO0uWPtYSp9M2vr5lgLNbPv9OnZvhbjwi3PbB2KMf1Xt2FBeDzP7jk4Ph0H1oxVkYt2DziGSVQLKwjwNur3sT5wem9bNpz1cOhKMjypQKT03zji4UKAGXr2Wnx1ONQTYciQm',1,1,2,'active','2018-04-08 12:37:09','2018-04-08 12:37:09',NULL),(116,'nana',NULL,'test3@test.com','uploads/images/user/xP8KJ5mv8QP6DMU9Cq84H8m31hAq6iPA62jBuXKz.jpeg',NULL,'123456789',0,NULL,NULL,NULL,'$2y$10$OeEtlfAhmYMFaOCa/elOr.T0W44zV8nAD59SI6hIt4ObhMn6PgWPG',NULL,NULL,NULL,NULL,'','ios','7Ued0PHt89dghTIe7xiE601c6NALRcjjzydfqUOBvedseMSRH3iTCJbuir3n9kFcZEivtP4H9dWCS7xpqzbYlw8OEQXj12qrwgsJYXHLviK3ly8aCGwAxHy7lnkRwwlS6VAL5k6vOnTmariQ2FPA5iN8hCAgOfNdrAGVvNzCVHQcwn3sMHq0',1,1,2,'active','2018-04-08 12:44:16','2018-04-08 12:44:16',NULL),(117,'LUCY',NULL,'test4@test.com','uploads/images/user/zw26Vskf2UZm5dtNQXO8ccx44TvJnnPWYC3roXPz.jpeg',NULL,'123655269585',0,NULL,NULL,NULL,'$2y$10$a5U/Sge7Ctpc7..c5vNMdeG1lLKjnOGImZSdi7iU8eNWVOF88Qh5C',NULL,NULL,NULL,NULL,'e2jUZyWKpjw:APA91bG_c6kIBaDHbXR475tk2X2L0qX6cDb4J0sTfMWeNft4td4UZxQ7YFcBX-DSnzJiiisw3dZSOafgClk1NgX5MqQ_U0QI3r1aQpj_eCAvqvcVYaAPr284AYtcLYiB-J48P0Lym0SN','ios','4aozosuOMVW6cVAqfY7odllQAk2LT005zyqqjSRbnXEyS5lIS9C39JrG2Kw8DqEB7Q1nUezEAdIgXTmGaCkE1FLT74i87NLqseyu6476NFh6zuTmFeJgDpprxoEgRuVP09VGnSVcTZE9ktJnX0UUQWZ2nYHGOrB3aZxqP9DIPh8xgO2b6WQS',1,1,2,'active','2018-04-08 12:52:33','2018-05-09 17:16:30',NULL),(118,'iMostafa',NULL,'aaa@aaa.aaa','uploads/images/users/Lux3zOmOEjXXTSbyCdo9irLNQG8WERW4kgOcDy0F.jpeg',NULL,'0595822630',0,NULL,NULL,NULL,'$2y$10$12mFFa0mEz8zp/Lj1EpKZ.9syfes0S3AIl9ZBBXwYW0ML.lNLCB9K',NULL,NULL,NULL,NULL,'dw2FY6-V9UI:APA91bGhao8yvZ8G-djPcFuffXDa3F8rgCra-Zm72TYsrCcqA2Vc1sv9H-dYzEzn2ygVafC5Ed9TvnTOraeKsrn3IxynpRb5Af3vh7rT0klhPdSXC8WmHdTXYRYQAKIm-qKbitsUVB6BPw6rJANJrPM_w0tJkfeSuQ','ios','ScGbdVqeL8usdxqA1bbeQiGcOAZWmPUtvBoNAugtL6g5KJzAB96dEPHMWHMsvGstUaJOs5s6dlknR8tmd8TFbPNWd6bTnGZ8rFywvY6mnVXpuo5yiExX660W1AJqYUf3S8oEDvcmfKFPoF8otQHDskWVcGx0Yj5VF6aYWIak647msnGlwwH3',1,1,2,'active','2018-04-08 19:15:50','2018-07-29 14:13:59',NULL),(119,'123',NULL,'gmail@ah.cod',NULL,NULL,'33333333',0,NULL,NULL,NULL,'$2y$10$ucy8c3T4a1P/pdF3f8mvZ.UyjfbMUXz2t1rZ8GW5aZqt39PgNimeC',34.42389297,31.50467682,NULL,NULL,'123','ios','pkVPjxGfGsSdLUOslz5uuD1Z7H52ZgJKxV42TY5QLwLDXWRcKqyUiwLGAPoWR0pS0N8tXUoQfgZtYYtIHGCdVgqxHnRvzL9FdJDC7zMzXPdKJjEB4e7v0JDIylT0O0xxxXva5whxUO6WPKVzc4fuF67B7JYYCbfSOj4xUdG3TBIOIWOSbKYZ',1,1,2,'active','2018-04-09 13:55:08','2018-04-09 13:55:08',NULL),(120,'Zzzx',NULL,'zzz@zzz.zzz',NULL,NULL,'111222555',0,NULL,NULL,NULL,'$2y$10$Iasl/0F50Ur.ODE24HQBdOLA1cJcO4PUEOhKyplWvR1hPjvEMTDOa',NULL,NULL,NULL,NULL,'test','ios','zvCM1sgsgQzKxEJKe49PJ9GRUsz6m4D3T67Pl2EJuKsygvsMl2SiabNOUyQecPoJd3K00mnPYsPCESV7VC33ecAPbRUrCMbARJBbqN9wox76IGNjJ8NRWRTinf3Y1h7j39G8f9RyKIwKPFZqRglCxcCDI0bjLPgY1CCakD7mmVBm50dAllWW',1,1,2,'active','2018-04-09 14:18:03','2018-04-09 14:18:03',NULL),(121,'123',NULL,'gmail@ahma.comm',NULL,NULL,'333333311234',0,NULL,NULL,NULL,'$2y$10$bROGfknHIzNLPzLwDjVYXuknkvE.k51AFVQpF9CJ3y756vwifsjk2',34.43450928,31.50399208,NULL,NULL,'123','ios','1iUgKmUMRaVyAPz7gnJ0a7Zmo0MfGUe6AgcchMPZvjOP8v0pdUDGvaFzJO4aR4ESfawWNr16VemeRlBq0nxaGk3fRrFfdlb1QMGyNmp2UdsJC7pMctPPWKzSObjO243OOx87lU2rS7lvZHrQfwmc0fb76SmP21u1yRGzalhwBfe3sKkqK1DZ',1,1,2,'active','2018-04-09 14:20:08','2018-04-09 14:20:08',NULL),(122,'rryui',NULL,'ddd@ddd.ddd',NULL,NULL,'1255825',0,NULL,NULL,NULL,'$2y$10$WgvG9.is9ybm4forgaR6PuN5W9Lnc5SU/hXbqSFZ9uqbj4GkQWjoO',31.50148201,34.43772507,NULL,NULL,'test','ios','M4EbFodMyJiiQjAGwY71Oe1e85EJUWRLavuUad5p0t8R2PSJ1Paey3StS39VAnlcaTaX4gZiK7pihzNcTyVtXrkMIplNkQbNk1jL0D3sp6Cxazph7yL12tGAgF46uc7Wl72uyuru9DYHfXzNQRWCi74DbdKKLU79IfKeSHaPBkwyEsxgnQ2e',1,1,2,'active','2018-04-09 14:26:13','2018-04-09 14:26:13',NULL),(123,'BABA',NULL,'expo@test.com','uploads/images/user/nLTlrNXQJqdcQRQyRpcY2crbeCzC27tudi0NcZVd.jpeg',NULL,'90938400',0,NULL,NULL,NULL,'$2y$10$/tGYrnhJaGyj77a8o.OKAOd0dVbJ3JGOIfEoWcZYY.XAGf58vStOS',NULL,NULL,NULL,NULL,'eci5k-oRDQM:APA91bGqy2_qomr7i_jOklyaE8KljH9KynMfFY3ZJAMlrqoqlJYZSwsOrDx-DtYq1pCdAyFPX6KXHcO6FKXTy0kiRe_EM56lkk2RypCCABaT6sPJ6s1Tj36NjJoHdb2E_ZoPlAxMzb_r','android','Casd9EXnWczXHlRhsv2xrjh7sfK2dPWNxzaZiExrpKXXx8iMMMwH3vuBVHzg3T3hwktdy3f4txI1Mi9yzHcez8vn4ozF5GcnQHmyogl2zBh1aVrotjk09JIrL8uVQOimf1rIDwKw2bC1hFgVXlk2leZKQHnuNRmPcWl4MRpId0BoMuRe15wX',1,1,2,'active','2018-04-09 16:43:05','2018-06-04 15:30:30',NULL),(124,'1234',NULL,'expo@h.com',NULL,NULL,'323876',0,NULL,NULL,NULL,'$2y$10$1c/vxIlcCpw30hEuZreCMu72/w1VZCLwZLV8e8YZMywv9ISJ9vmpq',NULL,NULL,NULL,NULL,'en2N91aph5Q:APA91bGTzIfT22QHwm2FIoExagx8iPcHB-GBpmhO48NzYNCIN3xDuWguOdDC6IeCpfslJC_zDSSKI70l3olTH3ZRmFFg9aQMRXrz6-NVEY5EWAmUY1K5-waIiyNIDjD7tRzpmanTYGXp','ios','uTKLZudn7MlVtnRaMprzBubWarAMKIGTea47srfBvXIviUOXeuJOccVdanvUzTovXvzLBFZhPfilDN8wHtlkTBku88yVRVnpOhWfk2t1nMeCc3pk4KMnKhrbo0PMrO9StJTo2WWhaogIhcIADQFpW0Q82wwv5EJAsY3Fx3YDm0ttFfZ4RWtH',0,1,1,'active','2018-04-10 17:24:25','2018-04-23 17:40:43',NULL),(125,'1234',NULL,'expo@h.con',NULL,NULL,'1323876',0,NULL,NULL,NULL,'$2y$10$FCUtUxqL95GMsq8vtE25zO58x2kVCjoG4e45GX.NmLiEaRdEtpuay',NULL,NULL,NULL,NULL,'1211','ios','X2oOTMjcoYpcWU4EzJu5Kg0ead42gKK4XsHUqmpoMtpQ9ywbzkrvN0safUL1dmp1i6PUFcaZhJdzCFNnuSM6AagA0eo5uYIlG3aFXxDOFGZnCpUuLtHipZzB2pW935KeoO2mv6fZa2IqGVX1K1Jr0sS9SXRGAcJANbVzWh1kwObwyifGz5US',0,1,1,'active','2018-04-10 17:36:11','2018-04-10 17:36:11',NULL),(126,'hfgg',NULL,'rrr@rr.com',NULL,NULL,'059553080707',0,NULL,NULL,NULL,'$2y$10$ifpdfMeuh2WVfd6u2KCS..pbExbGFtSd3br1iDKBS4oBaS1H2T7pa',42.55096054,42.55096054,NULL,NULL,'123','android','xQs3knww0pgrKF244ddyCItNWbd4QS8okOFQUXDOAojrD4g6tfqgwjGx56KIlBEFHXhxbLGfdkIWR5XXN5B4Dgm2aQpTKreSZToL0I7anHBpwvJTeiwKJboPfNG7b1DkCMk0u2nleNLQIOEy0C0RzbTwrsOmftHXGaUCeSf807N2j3uHGJgz',1,1,2,'active','2018-04-11 22:01:20','2018-04-11 22:01:20',NULL),(127,'gff',NULL,'klklkl@gmail.com',NULL,NULL,'05955308070807',0,NULL,NULL,NULL,'$2y$10$S49wmt1URK0wwdWi7fEILOi/t4IvsoahOH3czNKGHUZomqZIxIPu.',34.30882645,34.30882645,NULL,NULL,'123','android','y4tFyO9A3CtU37QxIRX688Fg7yefX9cSzNeXeRZ3uRb8eSyXw8DdJAax8ASDCK9deiWUDw1LEVhRohFvZsK0jZEx6K83w1cC9anmF9r03gIbZCgpIra6hEPISSmcYHlQgeUkpFwTjNb4bhrILWR7KAMR1P3kCHiZWn9lLN424OC19gBz8XWz',1,1,2,'active','2018-04-11 22:09:25','2018-04-11 22:09:25',NULL),(129,'business man',NULL,'expo@expo.com','uploads/images/user/OkmD600rY89TOkzs7IlprSJS3LmoZxKH878pQd1H.jpeg',NULL,'112236547899',0,NULL,NULL,NULL,'$2y$10$SN6.WQv.exhg6Z2D.HaZ1eCpkX.kVgY7LOxJpdcwXLwqZuWQpkY/i',NULL,NULL,NULL,NULL,'','ios','t2ILoQaGwAgqyFRVdee4cLoe9h6Sc9f3oMlY3ckdWD44C1bwx2BimAis6VQjwAj5CViT61MQCZeNg0kQcAJ9B0s3eeg2s8cqqSQWf76w4UW6tZtcvlVZvxAUoAtdGIi8GdAREdTbWnsuWkE9DaffzMWj40bltoUImmjj4sWXu3pJX0uevp8N',1,1,2,'active','2018-04-12 13:03:10','2018-04-12 13:03:10',NULL),(130,'qqqqqq',NULL,'aaa@aa.sd',NULL,NULL,'2121545487',0,NULL,NULL,NULL,'$2y$10$9xITWhglR/mvp4Vm38l3rO.gNO9nmIYHgLAQ54nkyWZyZLsTNzWRm',31.50399208,34.43450928,NULL,NULL,'test','ios','l9GRFEER2okdztZRCcBw8IuxacomwXo2gkBjngP3oEBM8Dao7IZNBV1XofS6qQ2ow2WreFLvAKgQZQ44oYYwIjkpzGWS8w1jcppn0EKHVVktfpzOyIIRDl9aXEnHyHjLP2WkEa3hu1U9kc7zFU8Efk6kVTVdbAhWE7vIXy2r3GYM4FQGU0wb',1,1,2,'active','2018-04-12 16:43:05','2018-04-12 16:43:05',NULL),(131,'ahmed',NULL,'ahmed@email.com','uploads/images/user/eiDR9jGUoBp4IBPHpVoCzFtoj9mRA3EvrjsvukTE.png',NULL,'1234567890',0,NULL,NULL,NULL,'$2y$10$GowhlyKtWxNsT3N3O1fQt.66G3wk4vO8rK.obmblRslP2nwGpR8cS',NULL,NULL,NULL,NULL,'','ios','3paC95aQDf1JMJpWWHDGqTKxZnGyYfjb8CBNea6kxi1q1EMs3NYOQQmnKFplkw7Ta5LfVGukbv1QqKmGzJcTi98uztqAuYpHDvrJ6u27i2I68RPBVZgcD4O0ZYyygQzIvaqbZnWutgefeXa1wPepZ1R8zF6q3TuPCNB61jgqu8tkvH6imbRl',1,1,2,'active','2018-04-14 21:51:36','2018-04-14 21:51:36',NULL),(132,'Hexa man',NULL,'hexalab22018@gmail.com','uploads/images/users/odXG80vEz6949yHxymELjgvEgx4btK7Nlc2MpiyE.jpeg',NULL,'00965599300300',0,NULL,NULL,NULL,'$2y$10$.o2PNErg34Q3unx7mBFcoerjYfa0jmCS7wpL.5KJ/PitPRrrzNbly',29.27610397,48.06547165,NULL,NULL,'eci5k-oRDQM:APA91bGqy2_qomr7i_jOklyaE8KljH9KynMfFY3ZJAMlrqoqlJYZSwsOrDx-DtYq1pCdAyFPX6KXHcO6FKXTy0kiRe_EM56lkk2RypCCABaT6sPJ6s1Tj36NjJoHdb2E_ZoPlAxMzb_r','android','yH4aUDiFiZ2nbgDDjQVz3gZUC4Y5xzDrghnAsl9yWhk9iirPI6bF6npu4MoeKtdi3fNrWgj0RUmi8v1m6xyGOSumtQcjgyuzQrpajUSS9l105J2zcNJtjjsXjdivyovESh5pnG68hOST0kPuYwSButxtZYyULLMixUZia9en9CdPcwFFfnmE',1,1,2,'active','2018-04-18 16:42:54','2018-06-04 15:32:08',NULL),(133,'Tarik',NULL,'tarik.zaeem@gmail.com','uploads/images/users/hgsHdeEak2Lfkl5QtwbIeFpA2wDmb2H0RtRbrOTi.jpeg',NULL,'0096559300300',0,NULL,NULL,NULL,'$2y$10$mIUgaA0Ju0ZRiktxfb5MYeBgNOM05g6tqSBmiK6RaKLyA3av6TJ8e',48.06547165,48.06547165,NULL,'PaH36SL4vRRFC520DQhUvQWCpeaIquHq2oOwdkHaVcgOOKg7QS2i1pfG0I9a','eci5k-oRDQM:APA91bGqy2_qomr7i_jOklyaE8KljH9KynMfFY3ZJAMlrqoqlJYZSwsOrDx-DtYq1pCdAyFPX6KXHcO6FKXTy0kiRe_EM56lkk2RypCCABaT6sPJ6s1Tj36NjJoHdb2E_ZoPlAxMzb_r','android','zmcVa6JoxMngSbIFZXvvowckI3aFIpjSkBc0SwKqg1WVxUJPvHnPXF0D0OSpgOflHUWo3opk72p8JZN2EoQAswNnWSGDujYtZ28pc7Y7ukALy1n4HlFF5mbrX1YGa5h32VU1xc6wyP6Wafqj7WzTU3gBYFThdgAWxVTUJ3TMbR1flLAmL98L',1,1,2,'active','2018-04-18 16:43:37','2018-05-09 17:20:04',NULL),(134,'tarik test',NULL,'hexa@hexa.com','uploads/images/users/J6kw1gWJYxQgE4OfTJsc3eAGEilOQhsnlRHlrIBn.jpeg',NULL,'987654321',0,NULL,NULL,NULL,'$2y$10$DWkrkl.15D.j08kT.Di26elMFnj9fZuMA0YUj5JX5itd1DyCcNWxe',NULL,NULL,NULL,NULL,'e2jUZyWKpjw:APA91bG_c6kIBaDHbXR475tk2X2L0qX6cDb4J0sTfMWeNft4td4UZxQ7YFcBX-DSnzJiiisw3dZSOafgClk1NgX5MqQ_U0QI3r1aQpj_eCAvqvcVYaAPr284AYtcLYiB-J48P0Lym0SN','ios','lyTVSd4V0W0JhI4yjfzvcjMk2eFCK2lBNGh2iNipcVDDXSQ3VMN9JPjeKJCJOAvwOx15QBEjmVeJTv8DsmcB7iaihodgrAVc0i15Cvkg6lx4Cqgl1jAiVV8gAbQ3LSn0ixCg31BZOrCrN1KDOMBSJAG0tib9tb56VvPtDnXJj8dBcW6rapoz',0,1,1,'active','2018-04-18 16:48:20','2018-05-09 17:14:19',NULL),(135,'Shift',NULL,'shift@test.com','uploads/images/user/BRWoH1MyHJPVxVw31BtDLF5t1XMLgSRDIVy2bJjE.jpeg',NULL,'12584684684',0,NULL,NULL,NULL,'$2y$10$.hWVcjAGjpE91IQLeqJf0.MQhfXxUE6Hx60cmZtX/XzyDLB0VBmYu',NULL,NULL,NULL,NULL,'','ios','r38Fbkdc5a7lWPbNWnG5qyEAjIJZQApKMS11J4x9T0dhB9ugMvFabeEofg7zuT0yVD3SWwkzPF7JOqutHde4n5tS8DOyoXclCNbse1cvIQjGvbrzfAkRuBgLFybUe23CxxNsSrqwMoIUfq2MyRXKg1L18oDnvS4FpMmkWuUGivpGdzeILyzd',1,1,2,'active','2018-04-18 19:00:23','2018-04-18 19:00:23',NULL),(136,'gdfvjj',NULL,'auuu@gmail.com',NULL,NULL,'05955080705',0,NULL,NULL,NULL,'$2y$10$.rQKQyt6ug0WG0NOx4cPYef6qqx5IUgYpFilUKcFL7LB2EhFb3ZTm',39.65181732,39.65181732,NULL,NULL,'123','android','h2hSDmBFgO0Qth3zP8NVljdlLRf0lgtcXn1agIsWpX9q2GqXOPnJKOZTRZ2WJuPrIgihmWBJvIBa3l2BTlkhZbcVZlbbdSXUPbnNDfbcKxtFE0ttovRRrGLWO2nNnB96ho4bhgboYIJ91wR3qdm3WOEx5nZbjtHakVaBrXFKzJNg8Y6PwC6F',1,1,2,'active','2018-04-18 19:27:58','2018-04-18 19:27:58',NULL),(137,'fuhfh',NULL,'gffgg@gm.com',NULL,NULL,'05955366699',0,NULL,NULL,NULL,'$2y$10$dfJuYQFCrDUQa3qcd/aQiOBeVHwpkm3aYagBwpIf/2bAW8arEbWuG',31.44561768,31.44561768,NULL,NULL,'123','android','0iwiPcNhWZSdl6VTCQEHzx0jFc5YBWeLz5AxEPh13tpLlChQKgrqCLB7ZRtnYgYdNz496WyVtL8ETvwyBy52raOFPDcLv1nzCvE7tf71ojkUQaZqUv5lqCQvX7rLdUPYcnGjQSKIx22KnUpB6OnalaVGoko1kmVemTZaJp0JgvSJ5rooWET7',1,1,2,'active','2018-04-18 19:39:16','2018-04-18 19:39:16',NULL),(138,'jgjgj',NULL,'dgdhduf@gmail.com',NULL,NULL,'865656868686565',0,NULL,NULL,NULL,'$2y$10$kzLIJI3wEWvhyAyvOGwSBe84x/WmLs7J7Uk8tusJN10ttoJOo.qHK',47.92236328,47.92236328,NULL,NULL,'123','android','yBSmD7np80PFr4ZjNELREzDJFmXwWCLgapJT5XpyAWvr8yjiAQ1CFt889C3BPffhB9HCwbVoGA6B2WWRX25G0pDbUI1YrYRuyqy4H5ftfwTrtnCWU55DVHhEenOQq4yo1nTX1TcNW0KO5FhkD1WJJa6eWau1UGqjBBUNzTbv64w8Q4xQy9R6',1,1,2,'active','2018-04-18 20:43:11','2018-04-18 20:43:11',NULL),(139,'ufufjf',NULL,'ffff@gmail.com',NULL,NULL,'0986868686',0,NULL,NULL,NULL,'$2y$10$vCL/qlspCAiFxaNGkF7rd.u06K77zBxAEaqchRq08FYrUhbVFvXP.',38.98767471,38.98767471,NULL,NULL,'123','android','X5V3wvpIbAujLCQPwFripIGO9TAQAYJ8kSj0nwWFwqsEURq1WGtEGsxfncT2PVyh8CYlMTTvrpJmvEIsrvT2xk69eSyOObgSu6TC6RdBwX9f7D8ey4FYWhqAILpuKhx9bjjJc3OfHnwD88LrqtqfLoWtJCyskptBzjO91MHXE52WzS1bRbJo',1,1,2,'active','2018-04-18 20:53:52','2018-04-18 20:53:52',NULL),(140,'hchchch',NULL,'dddhigk@gmail.com',NULL,NULL,'868686',0,NULL,NULL,NULL,'$2y$10$A.n7TRJlua0xrb5k9wjNhOcboDARHn91MHbK/e4XqvB63U0zhdGte',47.05830383,47.05830383,NULL,NULL,'123','android','pMQzmZO0U3ucAR6EH8t3rrWv9yfcsLADSb1CjPZ6yCv9IOZsozrN16stqtEGztYsiVw5MD3oBiMJfX8MmtQXTxSR3WUTLt3Toj4sHlngiRl3RaMTJufaCMxS8r0ZMoCIQu5GEt4txp6uFU7AhGEP3fok9rY4LfbZvQE826b0UNe5MAgrXHe9',1,1,2,'active','2018-04-18 21:02:29','2018-04-18 21:02:29',NULL),(141,'Atallah',NULL,'ahmed.a.atallah@gmail.com',NULL,NULL,'0595262925',0,NULL,NULL,NULL,'$2y$10$KC5FTOTYjvU22iTYutKFDObEwBph6lL0B5L5fQxjWGgPxbxLQ4sKW',47.94326401,47.94326401,NULL,NULL,'123','android','Rqcvh85AHZMihHHw2ANpycfDBWvqUlChFqGD9vSpd4e34HilTN4c7M1ctWKrnf9FGhkZ9MOOOGDeBPAFDdrtyKg6KFdoTlTtqcTl8cJo0URdj3ovlB3gqBB9u6YVgpJIXnNzQmMrsTCLnvNsQV68d0ojdbj6AEqfO2gIc8afAtE4VvbX7uI4',1,1,2,'active','2018-04-19 17:10:03','2018-04-19 17:10:03',NULL),(142,'Atallah',NULL,'atalla4@email.com',NULL,NULL,'05952629264',0,NULL,NULL,NULL,'$2y$10$jeW/YdAFyfpn9/T0hK262.U1KNl3ZJKznS35uCU49Pui7VjmfsB3C',28.41262245,28.41262245,NULL,NULL,'123','android','DqZieZzLYsklIwaAZtujJUJAmZ3ZnGi71XYZ4wholrCeVuPkHShPC63nGjHwef49kT9YCt67F0z1n7l2c18DbX7NbdJMPbWBHsRHhIJ3v4hPyFJFBF9U0D3T0mll6R6O1o9pLCpElLVH3or8udTLL3Nz21zVbi6DugKIRCY47I674UMhhnFE',1,1,2,'active','2018-04-19 17:13:51','2018-04-19 17:13:51',NULL),(143,'Atallah',NULL,'atallah4@email.com',NULL,NULL,'05955262926',0,NULL,NULL,NULL,'$2y$10$iXi3tFaXKdDIeOfhYJUeoOInYMAUHJxKkNahzkTQom.arbubvHzZe',47.96141052,47.96141052,NULL,NULL,'123','android','Wn5QdVYFfLAJOrg7gUEWGkDcPMeIQn68A1eSvOVYouy4ax3adtQKbR1MF24hJg5xK8ikBN1rc5H8GZL6K2GT7Ce2K6AhJ5tqYInbL1dBvFapNiW9eIv8fARxArpmF9yCwGQWwUUgnt45g7BpT0RqepzQJfbQu2W1h5bbTg9PlO5k9pXLXy50',1,1,2,'active','2018-04-19 17:18:25','2018-04-19 17:18:25',NULL),(144,'Atallah',NULL,'atallaah@email.com',NULL,NULL,'0595262924',0,NULL,NULL,NULL,'$2y$10$l25lQE1.mLRAkCh1fKxtPOMg4eYDcRlGHQdd4Vw0txl1wGRfvJcrW',12.87449455,12.87449455,NULL,NULL,'123','android','6pSLXxeffTbQ9HtEXl52kRWTVTrllKXvrJAIfFmIMpIz8Rz7frxr4Zf8wH77ysbSfhTNhwBgO8V5qb1FceeT2UzZti7IK7R3bviNr43TiqUoRy88szRa6ttGxBbVGKzYf4lfbxmrCMjBsTcVMrDDXNanjUO3FiXjMJsry3kOJj5Wm5YgOgdw',1,1,2,'active','2018-04-19 17:19:45','2018-04-19 17:19:45',NULL),(145,'Ahmed',NULL,'atallahhh@email.com',NULL,NULL,'0595262927',0,NULL,NULL,NULL,'$2y$10$A2xo6H.uWC2MeWciKHI.lOi8C8SyPV1CLnu7YUENLRj6CTYUv5WSG',47.76347351,47.76347351,NULL,NULL,'123','android','Yil7oqe2tCbRBsOOMfRUolSdbz1RMORVhg7qJ5aUrRsRZZ7852StfriC0AsYyrhpL0PEbVBfnSajC6Nl0WEHy1OKnbn2hmttPbBSyKdYS0bEDrbJS57KtJK2lMG9ggt7sqQ2GtGlTFDNpTdfNjLTjD0Kn7Ss4hxDhZI9fqE1wgPt2rKi1Po0',1,1,2,'active','2018-04-19 19:10:59','2018-04-19 19:10:59',NULL),(146,'Ahmed',NULL,'atallah@mail.com',NULL,NULL,'095262926',0,NULL,NULL,NULL,'$2y$10$NZ5WNsucl97aNDmF3NGV2OdNbIOYgL8jjNhAW/usXOBeB1Eqnz9mS',17.85838699,17.85838699,NULL,NULL,'123','android','NvfE1XcDzUlonCEC9OQIAgKbl91msbrT3awjt0MMASDpN2j0AafSiA1yy1t9m5x1Bz69M5wg96FCYpmQsQBXsj2PjU02PpcoJ9X6qJGHdKHA82ykeaSj9Gj5Ovh2OB4LgiLaiunI2jSDkTaGK5wHoCO4axZF5f1liNxJXIC9mC0q74O1FCXQ',1,1,2,'active','2018-04-19 19:20:35','2018-04-19 19:20:35',NULL),(147,'Ahmed',NULL,'atallah@email.com',NULL,NULL,'0595262926',0,NULL,NULL,NULL,'$2y$10$w86KjoCVT9i1pyCAg5oYHe.tYUgnfkifI0YaHR.bFNZjYpRQX0pIS',20.90297699,20.90297699,NULL,'fkRwvBVBpLAfjYunjjIV8xFyA9nFhTWDXDtWzZzWT4TaZSbCZ3meoCht0DSB','123','android','Xcvb5Xo7jsueC8XAiWAgH21oZ8ssH8VojsYaAGkbE9br3DgjK02Qs4xlzSKkLceNMnEjzq7ESrm2kWHeRYCJLtRehJkygyUAwgeIzpLQ20wdO7ZKCFDmD0wos5mRWOrBKj5latB7uKCV22b3H2H9y8zD93dGKtlYIr2ODNaYlUaDTmlkzZx7',1,1,2,'active','2018-04-19 19:22:25','2018-05-24 18:43:16',NULL),(148,'vvjvj',NULL,'dggc@hh.com',NULL,NULL,'686868686860',0,NULL,NULL,NULL,'$2y$10$dp/ultp266btz5jxM/7mf.QEg/HzdurciKYzDTd..GBB7dSAioKL6',34.30882645,34.30882645,NULL,NULL,'123','android','AbegjWjKg0gyVzScIaQ8veo6yQzqhIPEaLtyoOfJEzGbEcSfzTd705tTBJhzAr2ljUyX0ZrVaQ67O1m06aHOqzDLgC8NOAFUlDJygsFntjMyLbbNmwBfh1c0biaOtU9oH2ieqf34sFbjKZx4j1IWekL1QQQpxuIZG5eXei1liSOpr9BxxDNv',1,1,2,'active','2018-04-22 05:29:59','2018-04-22 05:29:59',NULL),(149,'iMostafa Sh',NULL,'mmm@mmm.mm',NULL,NULL,'112236857',0,NULL,NULL,NULL,'$2y$10$nuWuC/13oHxRF/sToMvjFuebo9eOzzq9s.h69BENsuBhnaBY4diPS',NULL,NULL,NULL,NULL,'en2N91aph5Q:APA91bGTzIfT22QHwm2FIoExagx8iPcHB-GBpmhO48NzYNCIN3xDuWguOdDC6IeCpfslJC_zDSSKI70l3olTH3ZRmFFg9aQMRXrz6-NVEY5EWAmUY1K5-waIiyNIDjD7tRzpmanTYGXp','ios','F9UyMTRSOVOWgzlBX2794o0UnJVNew0DfQb6CsjTp5aJnrrtf7V8McjZJomIuvIG4Gio9fW6xDk6rCGL5vWp7fZcdBo0D9mR8ykZ2RgbOw227kpNJmjVxaigUMXQ8aEMHIZ3I3clnezSgWiYcIo461GdqKIfjwogpaxIGdJ2aZeXGrSQVOfq',0,1,1,'active','2018-04-22 13:51:12','2018-04-22 14:05:35',NULL),(150,'1234',NULL,'expo@hasdasd.com',NULL,NULL,'3212323',0,NULL,NULL,NULL,'$2y$10$7E4ZX5J39SMM1Zuao1xkTe2egLihpZ0nfjQgoyMrtXczN7XzPOj4e',NULL,NULL,NULL,NULL,'1211','ios','1bdQFL1huzF3J3rkTJjlwb6Is6d88lAkDBdcNGQ5jM7qenTnIvoAWLpTns4LKjKqjTgIDVLIWutmXaZYrApn22xTYYWdTJjXgrBMUfmdpiJyzY9xnl0tXLs0jsrYMQXZfyduRXf0uE1YobYbmS0d1yCSB8YqjXuyweY1dvhKNwXdBSfHbXyN',0,1,1,'active','2018-04-22 13:58:01','2018-04-22 13:58:01',NULL),(151,'uvuvy ff@gg.ff',NULL,'g@nn.bb',NULL,NULL,'445111',0,NULL,NULL,NULL,'$2y$10$bq/YCV4IBsig3XuVBvbsJu8lBPiHvzjuyx6JwoBjGL.dSjDO1Ajym',NULL,NULL,NULL,NULL,'en2N91aph5Q:APA91bGTzIfT22QHwm2FIoExagx8iPcHB-GBpmhO48NzYNCIN3xDuWguOdDC6IeCpfslJC_zDSSKI70l3olTH3ZRmFFg9aQMRXrz6-NVEY5EWAmUY1K5-waIiyNIDjD7tRzpmanTYGXp','ios','4puC7OD2xdP0CcURr2D7H7TsIxeRm71jsFe9hxK11pxatwIkiHZCCB4SmGzqlONyw3Nr1HjMFOgLc9ukzOldROYCYdVUL8EdHDb8BHMBn9TayADkdaGaEZbxuvcyzvy1BuOB4opuNIpOwElJHKCznM6oapncIiDrJgG89ZJ5NIyXIe5BNA6x',0,1,1,'active','2018-04-22 14:17:40','2018-04-22 14:17:40',NULL),(152,'aghjbjk',NULL,'qq@uu.yy',NULL,NULL,'15845608555',0,NULL,NULL,NULL,'$2y$10$pxKWq/G89w68ybXkPg1oTuWmJrwUuQNeulNRhuRfjt0PmYScQNqDm',31.50399208,34.43450928,NULL,NULL,'en2N91aph5Q:APA91bGTzIfT22QHwm2FIoExagx8iPcHB-GBpmhO48NzYNCIN3xDuWguOdDC6IeCpfslJC_zDSSKI70l3olTH3ZRmFFg9aQMRXrz6-NVEY5EWAmUY1K5-waIiyNIDjD7tRzpmanTYGXp','ios','AKRdiqGzANY30hK9gBD25BS3OLcjNKdeC3jwh58QlQ7s854HitmXujzTFryJi4xXqacrHD5J9SniSoTYNa1XzngbCGWzOVJzj040HDpum5MbiOQQP6xcK4d7yu1qk4lQIv6JY64KvyF7pp3w5HYgj6rGO5SzJqrlvW4X0u5CUA3A95FTdyGy',1,1,2,'active','2018-04-23 13:20:54','2018-04-23 13:20:54',NULL),(153,'kg lg lg',NULL,'hchc@hfufy.gv',NULL,NULL,'324657657',0,NULL,NULL,NULL,'$2y$10$vmHP054xwBa/v22wRTErZuX/podDL7f80XR5DK.RDIFY5jwGI44Em',31.50156021,34.43492126,NULL,NULL,'en2N91aph5Q:APA91bGTzIfT22QHwm2FIoExagx8iPcHB-GBpmhO48NzYNCIN3xDuWguOdDC6IeCpfslJC_zDSSKI70l3olTH3ZRmFFg9aQMRXrz6-NVEY5EWAmUY1K5-waIiyNIDjD7tRzpmanTYGXp','ios','l7PSrAl23BtlofYMVP76FIdT0WWPPVcE6hrlMugceaTxolB9TIwrUsMtYL0Z7OwuqxnbyXEEHAkev5OcYxj5BkViZg9psvZ42ZtXCcZjr1IAVnS5fIbzxlJxva4t6ZCrnOHIctSB1gU9ggJBTloYPy4XpDR75dUEtpuSE1iZ1ZGCit7SVmQc',1,1,2,'active','2018-04-23 13:27:42','2018-04-23 13:27:42',NULL),(154,'qwegs',NULL,'gagaga@gagaga.aa',NULL,NULL,'21545464',0,NULL,NULL,NULL,'$2y$10$SAkZoi4T2nQpiqQmaE9c0ulETFneEb.r3V2OQ1nPkN.0S8tWzXuNe',31.50399208,34.43450928,NULL,NULL,'en2N91aph5Q:APA91bGTzIfT22QHwm2FIoExagx8iPcHB-GBpmhO48NzYNCIN3xDuWguOdDC6IeCpfslJC_zDSSKI70l3olTH3ZRmFFg9aQMRXrz6-NVEY5EWAmUY1K5-waIiyNIDjD7tRzpmanTYGXp','ios','jro3m95YooPW6LdD5G4gScOqYZVhagJCutIxEJyIfG9G95JPUZf5pb0ue5uOgSmIa97RjuxtgfQ0qW4SYXZCJeQXuXw65qBSPJLgQu6R3WfqfswW9euvyhuwikzNmKPreBGdMBYP95VCkBRA8jO99ZwBUoKe8eE4vLAfc8fflmVMuZNywXqV',1,1,2,'active','2018-04-23 14:54:50','2018-04-23 14:54:50',NULL),(155,'qa',NULL,'qa@aq.q',NULL,NULL,'0000005555',0,NULL,NULL,NULL,'$2y$10$TsFyooXAb88QWDF4bkueJOFl6aT5M8wzYI0L5PwK/hU/f3lGtsyi.',10.98070049,10.98070049,NULL,NULL,'123','android','LdMHvxHqV2MXdOybfY09gyZNVioT9MNr3udeS0QOm8o7ExGS3Z7KurYhLlgzTQdY2IPIrWucUJ63Xd8aAsBHhPW0ed4H6l0eotwYhnArcOTCQ3HcRNoimg1rhZwbUbPPIERRgE7T2gTCzG2w30Jt3nYB6TQahhEo5ilSUuNFYguWGVMhHdOn',1,1,2,'active','2018-04-23 14:56:26','2018-04-23 14:56:26',NULL),(156,'123',NULL,'gmail@ash.cod',NULL,NULL,'3333333',0,NULL,NULL,NULL,'$2y$10$MhlVe.NYVvCK.25.RoCld.aRBkKLA3gspZaYlzkjcNrLZ5WOJwQHC',34.42389297,31.50467682,NULL,NULL,'123','ios','FDvysbbO9lBJ54MeuVHIaP8NkflKbVkC3labpls2sRNwYvEyJbW74qWJ5N6DXKK1OM8jumHPx6JjqKmxFiRKBVynRBb8Q7LLJ8lXsAFyhW0X1CxcCFXWB9YNGrDnwvwZGV8Dgs2ULpxMnCjDHgELHggeH8QUMz6E6mYaQr1FaxuDBFTuNrzT',1,1,2,'active','2018-04-23 15:03:52','2018-04-23 15:03:52',NULL),(157,'123',NULL,'gmail@aash.cod',NULL,NULL,'333333333',0,NULL,NULL,NULL,'$2y$10$.S95fwZgtofFGhODZkYOiOa4ffmxyHllLSB.pU5UhbYi8emP5h3M.',34.42389297,31.50467682,NULL,NULL,'123','ios','SrCnWhYJv6oMPZP1aR2buU9vDnyo79rXf4TMyXXkZZkV9PdqzzkzPsJkIpZ7WyvzNHfGqSqkTtzCRilxbZUPXdheu2BTVSnssfHHw8wDooFBtmcjrm2kMvGghhR45AsptkYMl6wBws4I66z6dCrEltjnn8hzCgoEfD5qdxANE5nCmVCs31fa',1,1,2,'active','2018-04-23 15:04:36','2018-04-23 15:04:36',NULL),(158,'123',NULL,'gmail@aash.codd',NULL,NULL,'3333333233',0,NULL,NULL,NULL,'$2y$10$248gRt0CLC4y.Dvk9XvRSuKog4klwxLGxvqHYOZqb4lnbbG/0wpVa',34.42389297,31.50467682,NULL,NULL,'123','ios','7zzkyShhvDytyyHQxph9B5EefX5j4oPZssB7aDD3vHidr4V0uJ6gnC7ULZDlhtvg8nbwRpaKFsimeqyzOTY0ScU0rRJj3OS3vvIP9DIsfoZIinfh9xAU80MIVspNy780fyopXnZLCiotw4xka65H4G8nmIabhIraBZnoZFyUkPO7Xph1FnRf',1,1,2,'active','2018-04-23 15:05:36','2018-04-23 15:05:36',NULL),(159,'123',NULL,'gmail@aash.coddd',NULL,NULL,'33333332332',0,NULL,NULL,NULL,'$2y$10$bpP8eSRN2bIeTmYiHAfA9OOisZmAd81yIUUdnX9AcNpdztD4PP8uK',34.42389297,31.50467682,NULL,NULL,'123','ios','cIEFSroGeVkq3alWhiz469EHglMv7VPRiVfXnjRPVPPmCBKi8sKh4am8t7DvuSJ1pN9XoufQFpC6mcgxbMVngwSDAcJXe61LNMMBnYA4bOpAGynLSf41ugDaI1U7d81HKFKYJJTckdSbDlvKNvwJD2qMYDLk7v1zcj1Bw70pKOy8ZhSOXFyt',1,1,2,'active','2018-04-23 15:06:26','2018-04-23 15:06:26',NULL),(160,'fgjbi',NULL,'ibib@hubu.bbb',NULL,NULL,'2222222',0,NULL,NULL,NULL,'$2y$10$Ea8F6HWguft3LT5J1Qj1x.2tBzNmK6B1aV3BdxqbyCfuuFXs3mEwy',31.50245476,34.43464279,NULL,NULL,'en2N91aph5Q:APA91bGTzIfT22QHwm2FIoExagx8iPcHB-GBpmhO48NzYNCIN3xDuWguOdDC6IeCpfslJC_zDSSKI70l3olTH3ZRmFFg9aQMRXrz6-NVEY5EWAmUY1K5-waIiyNIDjD7tRzpmanTYGXp','ios','OLryqYD2SwBLscl97nS4sZFNMOM209TvX2VQiyWdR6g34wqgtcutL9a24C79YMwL7813vS73h92jGpWK7Ob1nWm39mLnQOFrRS9VWnZGtUdkFavcuNNvl2MV2H1xoeCz4blOe3ERDU30f0jEAHMtlrMQra3fX24x5A9dqZLN7fzdN8meCa0B',1,1,2,'active','2018-04-23 15:07:54','2018-04-23 15:07:54',NULL),(161,'ghil',NULL,'qegjk@jcsh.nn',NULL,NULL,'128745362586',0,NULL,NULL,NULL,'$2y$10$CAYxyRwR0HelJN4sFaDqJeMHld12RfirEoAqcE5cl/3FqqpkcXKHa',31.50399208,34.43450928,NULL,NULL,'en2N91aph5Q:APA91bGTzIfT22QHwm2FIoExagx8iPcHB-GBpmhO48NzYNCIN3xDuWguOdDC6IeCpfslJC_zDSSKI70l3olTH3ZRmFFg9aQMRXrz6-NVEY5EWAmUY1K5-waIiyNIDjD7tRzpmanTYGXp','ios','dQ9BXrXzqshlGvptC5TBsjQXXRrKzgnhZnHFlAYhd3zDTweFOuaL4flZaM9uvaUdSsPks0FennVHTK5oVpNIgaSKJTZcJakZidK9DLt7hFlkVwzE5J6oAakgeVVScCrfHr7t3t3OhMVLrIfqw4QQlya7fCm14pdhneohCPRJPLwPTJ7C1qBd',1,1,2,'active','2018-04-23 15:15:32','2018-04-23 15:15:32',NULL),(162,'123',NULL,'gmail@ah.co',NULL,NULL,'3333333432324',0,NULL,NULL,NULL,'$2y$10$ilSS5T2PsT2CbKYbyquPO.La1rB98kSd3FtBZfd7PllgFsvJhbFWe',34.42389297,31.50467682,NULL,'9N22a6qkdFo77Hrw1u5ezOHXG0YgMmuQNED5Rd2xbfDl24RInyJzPXvL7yEn','123','ios','Qz9iGahARGlqFO8d4ujRWigoACj0601kIeBEpIXdQOsKesl7vRrGNpqha9INfiGbKJhMqbkWUlKJWCtTPHUDLKIO2V9Pnqk3uZzJxEKqTCp0KT1sZn6oro2uisSJiI7TxbuqycDFAPpqEqgLV3mqiZaaF4edkY4uPgcNhBsdW6qznEjUIgni',1,1,2,'active','2018-04-26 16:03:56','2018-04-26 16:03:56',NULL),(163,'Tarik',NULL,'tarik@gmail.com',NULL,NULL,'00972599300300',0,NULL,NULL,NULL,'$2y$10$z1LrtzR6jwX0QpnPu.cRzOIE.rGaDVAwkvN2Xbk.sXKLRppzVl3ru',48.06547165,48.06547165,NULL,NULL,'eci5k-oRDQM:APA91bGqy2_qomr7i_jOklyaE8KljH9KynMfFY3ZJAMlrqoqlJYZSwsOrDx-DtYq1pCdAyFPX6KXHcO6FKXTy0kiRe_EM56lkk2RypCCABaT6sPJ6s1Tj36NjJoHdb2E_ZoPlAxMzb_r','android','YVdKdB8I57zXHW8iBgcryvQG4eT6D7JAvXZGuYiUUGFJXl5gZyZJecj43ROQVHn6vUnlbVjZEONXf67IybQrKhOJNwyXmU5QltxgWMoyhSiFYClDs9uWaJ367NhMjCfW2ndqPYrW9zVnBCFvUtcfKmdahnkdzsN92MfPcBV0xOjNeJHCzQ07',1,1,2,'active','2018-05-09 15:43:19','2018-05-14 16:12:01',NULL),(164,'hexa',NULL,'hexalab2081@gmail.com',NULL,NULL,'00970567903130',0,NULL,NULL,NULL,'$2y$10$68FjVpEVyTEi6xe.R.eKveX31Ifl1./73xI9xfpkPYFY3FUYJd4JC',29.33329773,48.01589203,NULL,NULL,'e2jUZyWKpjw:APA91bG_c6kIBaDHbXR475tk2X2L0qX6cDb4J0sTfMWeNft4td4UZxQ7YFcBX-DSnzJiiisw3dZSOafgClk1NgX5MqQ_U0QI3r1aQpj_eCAvqvcVYaAPr284AYtcLYiB-J48P0Lym0SN','ios','YqPcXV8ItYtrE6zw4P9tIee40BR9uaGl6OR2PRE1SmUlpmqSiUR1FeCGTOkrKdfVb8dBp290eTgSShibI9VrBxgmHqCRslBhiRgjBhWMwmSrxaKeYoR59dnB5R4W5OIwWaurXt5kpD9JVWlaUmxOdNYzq9EK6MVLHc5U9jutVyoBXzrL1oKh',1,1,2,'active','2018-05-09 15:48:19','2018-05-09 15:48:19',NULL),(165,'hexa line',NULL,'test@gmail.com',NULL,NULL,'00965552555555',0,NULL,NULL,NULL,'$2y$10$M7WrlvTZyhE657hrBZtCP.sT5rrZvl0O9KWjX6OdOdISvemN88J1m',NULL,NULL,NULL,NULL,'e2jUZyWKpjw:APA91bG_c6kIBaDHbXR475tk2X2L0qX6cDb4J0sTfMWeNft4td4UZxQ7YFcBX-DSnzJiiisw3dZSOafgClk1NgX5MqQ_U0QI3r1aQpj_eCAvqvcVYaAPr284AYtcLYiB-J48P0Lym0SN','ios','bzyqlWBpCoKZQzBp4M5p5QkUETszogjBdCRUVGn7c2Mr8wF7ehobTe127y2ZocrYh2CYeIdMo57w2l6lXBVA9kzxQ9nN9YrxyzUFcRibh0kxtBlvW73TYxgl3u6txvhgLR0tbNzTUH7j18PHGBNnQb11aIRd1SKfWlKEZubkwg5NngIc7wpo',0,1,1,'active','2018-05-14 15:36:25','2018-05-14 15:36:25',NULL),(166,'noor alsharee',NULL,'noor@linekw.com',NULL,NULL,'50324005',0,NULL,NULL,NULL,'$2y$10$pP2/G.vl/dzpK/DJWQYIhepHUl0GNjIjnQ7hjkWzh0AYyKu8nuuny',NULL,NULL,NULL,NULL,'czETCk6RKH8:APA91bHkkIDUWWchdnMzo9yM07e-chXLgdUzY3hUEIOu-aGhynQ4X-2FQcWpbHx790P6CfD86DfhnQAmO3OCTSvz04JpZDY8qW5I4rlMxKd7aRRhf-7orZdIaKLpnKxuBKSw0ox9skwd','ios','RTLAiKarhMU4CG9Cwoel88nb5WJbO7PKzFK6ZJgMY0q6kGK69QzZ8pSDDJsnKOqE5mtlpIkcYW7cmSU37H2cwxTF0ZzNNSUI8q94zKiBviK0Prm2836qCBT0ze1hSXopts5gApa4Vh2ZQc4mXblNJ1A7R4OfrM24kKJzwYmnAnu5ZaKlaRM3',0,1,1,'active','2018-05-15 12:57:18','2018-05-15 12:57:18',NULL),(167,'ghghg',NULL,'ffdsd@gfgf.com','uploads/images/user/R0f1IAnKiPJeugXi7dcaHxE5ssi6JzzpCWWf3Bfj.jpeg',NULL,'fgfgf2334#@',0,NULL,NULL,NULL,'$2y$10$Nbb4.FkZjmYqME.6mSFme./izvSAMYhVKV5bZMk4Sv62z7RMMmoO2',NULL,NULL,NULL,NULL,'','ios','FHBjraQlbiQ4BSxknbDjCaOwLSsF4Y3gzQiCWJm0GBtBEElJfbyawBjPzTrfq9bLNmReEFiqgsVOVUJ4HDJ65r01MJWt3VBPOezYydjaMP7d2ccT1SzCgGFmMBFvMHLdekdsqyRquZWSd7yyxK9wL0ocp8CzbcHxXxns56vuiyiGnuo4c5oa',1,1,2,'active','2018-05-17 18:19:55','2018-05-17 18:19:55',NULL),(168,'gusuwush',NULL,'fvffv@gmail.com',NULL,NULL,'549685555',0,NULL,NULL,NULL,'$2y$10$Jw6h6paxBxakKVj0TQrR9OsAeNPkBfr1PhEgV8ldmobXs/MfSqSQm',47.90688705,47.90688705,NULL,NULL,'123','android','2yueXrEU2r6llmK8Bi1kSxQdy2CTVObQKjnreccEnGXvCqpjHquSAnKFiUybMcusEL6wJZHmXQwZncUAQrSlvbqFg3Xwj45wvMk54HD4IyEl985gOx8TtfxkfHrFGnxlW1oTiCnVKG2PK7QFX5PNR7BZBL8uNVn4NnkFreVgjU2PYiOJtSO0',1,1,2,'active','2018-05-17 19:54:57','2018-05-17 19:54:57',NULL),(169,'ghgg',NULL,'hjav@hazhsj.com',NULL,NULL,'7675467875',0,NULL,NULL,NULL,'$2y$10$zb6HWNyT1Vt5ezrcYiLOBexp2F8KrEwmVyQE3sz2QGggdX7vytN6C',29.35858917,47.90681076,NULL,NULL,'c8Q1RVN4prA:APA91bFOpTK80KST0XpH7ZFxA1LN3j865W1aiS65zu7hG5AdoIagx-eRPvTwx86fXNabzZT5FO5Yx1KvLAcmnBf95D0_-psm7k0zzF3nN1TUl2F71ptwtnv_SVigpEKCiJOwEHe-JYvl','ios','jhAmb8wK75DkeaF5rXpWu62xdMHDnarOGCEcYII12GitSQk88IIn2QVTbWewWkv8ycDp0mopaemB7UF11kdEJEicdkrqcg59vcNVJM7A7rSYlsouTywym1mxWp2hrv6ROD3clvjOwdfc2fXS02ERv8GYpiVmNPa8pNeIJT4AYqsjL50Nrq7C',1,1,2,'active','2018-05-17 19:55:00','2018-05-17 19:55:00',NULL),(170,'hazem housed',NULL,'h.yousef@linekw.com',NULL,NULL,'*#*5565556',0,NULL,NULL,NULL,'$2y$10$bFLIofYBoYiOMh0qS/fy6eXHWhkW50LX8GiqL6uEt5VuH6Qw/K4eK',NULL,NULL,NULL,NULL,'dd3Eg7h1Jao:APA91bGoRnqngR4gWePM1iCOdGK5__0BZQofu3lgM6PL8lWli2BuFp6cjxWOJt3sZw5ljkZaCSceG71hhwwKmyxmkAUqHCCB_htJKi0dslouktA0ywsQHXapwRnmBmar5d7ZxR-1O6bScFpQWjD-4QPsdHzbjWqAnQ','ios','Axk8uzyc8T64dn30dGDJO17GlwhjpRuL1VXn7XH1i2lUGwZSIquCrwQ1UAxubperwMIdjoijDx8pXLpqw7r7QofvTEoP7IEi6g66fDodkl2Vo4mO2kehljblz2VBhGVCUHMV8tMNyacB7FGWTLEt0Q9pAOHb5lNwen7Ff9d6tlaEk8F1gmLW',0,1,1,'active','2018-05-19 20:17:26','2018-08-08 14:33:28',NULL),(171,'fhgc fhvc',NULL,'hazem.abuhalaweh@hotmail.com',NULL,NULL,'868788',0,NULL,NULL,NULL,'$2y$10$4BMhC3e2pvticXel8EgAduuRnk/thq4Rd6bb4TPx6d44Jt1k.lsx2',NULL,NULL,NULL,NULL,'dd3Eg7h1Jao:APA91bGoRnqngR4gWePM1iCOdGK5__0BZQofu3lgM6PL8lWli2BuFp6cjxWOJt3sZw5ljkZaCSceG71hhwwKmyxmkAUqHCCB_htJKi0dslouktA0ywsQHXapwRnmBmar5d7ZxR-1O6bScFpQWjD-4QPsdHzbjWqAnQ','ios','OciVP9EnCOJv1A7PQOk8szy7bp4Nz4ITQkTkyTWyUsW0373a2G6ya77T6HQ8CN6XPLgizhScgnKL8M4RNW78Qm7sXonooRTWoGc8cMMSSiNaAowaCFb3J8DsXmyHMTEuQCMNuub7LAuQyL8YWbrWsN4boT9yRllwdaMfQCt6EebKGuTt8ZJ5',0,1,1,'active','2018-05-20 06:50:14','2018-08-08 03:22:52',NULL),(172,'test ratsts',NULL,'qqq@qqq.qq',NULL,NULL,'12121212454',0,NULL,NULL,NULL,'$2y$10$JgTdJR3S0ATySigat.Xt4eH8waocAwuIx0OChedRx77jf73/gelD6',NULL,NULL,NULL,NULL,'d7B2ytgIA9g:APA91bHp1zHbBVFr2PZ4glnwSOwmnWcWFSgKMeDG71Atpbgv6ysPhVzF8VRBRPgpt7qwW4IPXw4n73XQyGC2VdkyL9noM2vm-kRJO-XC8dNu3kmyiJ-eytZRK-E-GTdfgQekvyP5Z23j','ios','Bz0I5IXxy1xHXoYOX9FY4w5u1m4mA7FiVYB98VKlZcFff7rLoENzPre5114xPVt7duUwLT7lWxHgXbHEt7oBTNmM0mYEXMNyk5aDwchM9rsDLGukdaJNUsI07fNsmmHoYCGNCBNllv9RFhFAJ6hrNgjez34HJGD6C8VBC1aK1uKdgpEHsNB9',0,1,1,'active','2018-05-20 17:30:38','2018-05-20 17:30:38',NULL),(173,'ahmed atallah',NULL,'ahned@email.com',NULL,NULL,'12345678905',0,NULL,NULL,NULL,'$2y$10$7PlAoZC43xaCjtXeHBjRBOq00/aFSNr3lxd/JqUHPo9qO1GdSrCAm',NULL,NULL,NULL,NULL,'eGy9jhDXFeY:APA91bE-aKM2_9AsFcv0AWGo1GpeUZRtedwxgpTHAj3dV5W2_EClZ16okwLmkYraYGDV78pkwQTbgiLtzz-dK2Syd0BXQScKKL2cQVCeJ3n9mL95CQgKAJa8QW2tNqb2mPp91EYBYu-C','android','gtkPnLxIijaESG2TC8rKYo1aeTYcC4HNNgZKI5kivZg4E9IvPqFKEore9FNpqvs0pL2cuirhUpmkH5V3ImJlZYsVkXnNIxXD0YQjbBz9psPhmpVN53vxDhfk8MRcaKuBhx9pUD6H9u2GD154WOf9JYWtkjO0yPKbTEKpGbOY54NZJgna0lzk',0,1,1,'active','2018-05-20 20:03:34','2018-05-20 20:06:12',NULL),(174,'fhvfgg vbvcc',NULL,'hazemabuhalaweh@Gmail.com',NULL,NULL,'858556885',0,NULL,NULL,NULL,'$2y$10$VVUqR6moFjuTGz61z.Wf.eyBEX8cc8kq4MaIxrvcKFefifdTpS01G',NULL,NULL,NULL,'4zQ5k97mNb8alOp55mQzWgGtWRphqHF2Q4abq0A9L8iFoukQKLtICXfMmlT7','cnpdkFFVlNc:APA91bE6hlXdoY93EsiSfgG43J-RV0ZzjU7E0GKC5sVkQCdqdrqRK0drtvGtv0ArZreryLtGRK4UaY-NoJZQzqPwq9_s-9stVFhhZOs_39CyBNPDCA7xNBE32A4AFESx-DrrGKig7JwY','ios','iMpRXprpS1TBCItXPCSLnu3Gttd0qIGk18wMGNFO1rBbUfJcWRGHRpHUNO8Hrk1VIXfDzoNaQwVU2RJ3dqeSCKSrDyosfa39cp08hZXhSj1neEBBhvODLT0OLi3wSnHKhHdUX52abX3pnVhpL9zZPBFTZxfbNakdq0KNXpWOPoxAw6ZRaNDY',0,1,1,'active','2018-05-22 16:34:45','2018-09-02 16:06:31',NULL),(175,'fufygff fufygfdyi',NULL,'hufgdtd@gmail.com',NULL,NULL,'5685688',0,NULL,NULL,NULL,'$2y$10$4ikarm/OltjMDLhuKlhV3e9D69J4Rh7Ed.fV8NpoeovsaotAmSEOK',NULL,NULL,NULL,NULL,'123','android','1XJ5afuWc280xpHmY3gkuhmomg4MlcbsgDUUpdF4x6q2nM9XTH8d9WTS98Go1oX9DIgmKSo8yKO6mUud8V9lDhV9vs5D5nIo99qMnTG7ZA0nayR8xJXpzdO6KhqPNFEjGHredGKwOHbWwfryTqCt3VwdqZotSQokhqIqqK2uCBPZ4IJ0tqGa',0,1,1,'active','2018-05-22 17:11:50','2018-05-22 17:11:50',NULL),(176,'ghhghg huhhh',NULL,'ggg@gmail.com',NULL,NULL,'56888688',0,NULL,NULL,NULL,'$2y$10$tPFLeezcIfUOJ3/USrY/SOleHT361F8MEyeO2c3jf6uvAvwIf3jUS',NULL,NULL,NULL,NULL,'ewzWwQ3Oobw:APA91bFHzeqiUa_Kqo0PyBhLvMIzxdRcpJZXoQV892s_djkhT6z0NK4NHk4F_8SwyrvLvxNptCPMlH2Aos8L7Mf-PGFaW-FOpFDoeh_auXVrIRY8ooMtQfYzXZ24AgPSCNBH6WKEA8FG','android','EktxgmdBZu6fszJOEc0lUV3vVEZKrBX1OEPhaIh75Yf8V1eUOWauz1DTUdzoUDZyhBCcMROGnS1qnaSbbuoyjTydNIOOEMGwnW8mE2QqZPd2jDJzbqElIfTHAPbJjejMwtF8PCvFUhbMxcxMdwvYekhqfvsW9tqTaNIrQOTp3Weobn44ewy4',0,1,1,'active','2018-05-22 17:12:23','2018-05-22 17:12:33',NULL),(177,'ghgg ghggg',NULL,'hkg@gmail.com',NULL,NULL,'55856555',0,NULL,NULL,NULL,'$2y$10$U0d7PYwQJDgKRrU2DqZueub3gx1SkWgnrGySr4tzEcw0uvRXo8w0y',NULL,NULL,NULL,NULL,'c8Q1RVN4prA:APA91bFOpTK80KST0XpH7ZFxA1LN3j865W1aiS65zu7hG5AdoIagx-eRPvTwx86fXNabzZT5FO5Yx1KvLAcmnBf95D0_-psm7k0zzF3nN1TUl2F71ptwtnv_SVigpEKCiJOwEHe-JYvl','ios','qESOECVJa5xBLY8rl7OkcX1ot8sh5NEG114lhWXmLhUBnPlAgNTZuHxokVhgjIWENsECSYCyJIUdr51qpeV3cpPFCSwtWfOjte2XtQoUwtTMbIACkSSKFSDGKEAaNQMqxxdSstHKIrf3I3P3VlkMWit0wQeb94taQD9b3tJEtJiOtXWSBr8o',0,1,1,'active','2018-05-22 17:13:23','2018-05-22 17:13:23',NULL),(178,'fugitive fhggg',NULL,'tft@gmail.com',NULL,NULL,'1265555',0,NULL,NULL,NULL,'$2y$10$7Pz4ibXO9wVLA9QRUthrweJdnbnB4iPgDWBx0gv84a95HzzzucC.2',NULL,NULL,NULL,NULL,'c8Q1RVN4prA:APA91bFOpTK80KST0XpH7ZFxA1LN3j865W1aiS65zu7hG5AdoIagx-eRPvTwx86fXNabzZT5FO5Yx1KvLAcmnBf95D0_-psm7k0zzF3nN1TUl2F71ptwtnv_SVigpEKCiJOwEHe-JYvl','ios','UNiCdcZ9rsFKmdvwixx7pZuAJYCEWNsUMXp840CVUZQoRIPmKvEu8ZFdGP82MnyY3Q9OeFjQ5K3pg3Gpoh4yk4BsJpEY5wGmGUumEkYlzalqZsolhpfXatWHuit9IiW2c4A1zdgnj7OR1ODtZw1tbtKevR5KFuYWVtjQO9mM45Y67boDED6S',0,1,1,'active','2018-05-22 17:14:09','2018-05-22 17:14:09',NULL),(179,'gjdh hjggf',NULL,'ygy@gmail.com',NULL,NULL,'9988888',0,NULL,NULL,NULL,'$2y$10$jtvGL4g5BTDoO3sdK1Kr/.cQ1T0CoFWe82Uz591/AswAw3g6KJnIe',NULL,NULL,NULL,NULL,'123','android','ZjBchZYlVbkBr9RGEv1bjISfQ0amdyo6PYN4o43dz6eLfT8n8jzoQ4FZe5crfXpkaQP564yFraBq3ng9SzxV5hFrDTVtFAmMPTMJfGDTIJfWlIw0dNkTDnDVvfrGVBvst2RzbJKV3W4xbZI3AsOOgwzGHjoxaK8TGajDzGheB2gPYrypZHCm',0,1,1,'active','2018-05-22 17:15:00','2018-05-22 17:15:00',NULL),(180,'test tst',NULL,'test@tst.test',NULL,NULL,'123657',0,NULL,NULL,NULL,'$2y$10$eNcUC2NJDxlyLOhjdehHZeYNHEkMh.1bjjUKP6hOP1Cw3jcBPCnRC',NULL,NULL,NULL,NULL,'e2jUZyWKpjw:APA91bG_c6kIBaDHbXR475tk2X2L0qX6cDb4J0sTfMWeNft4td4UZxQ7YFcBX-DSnzJiiisw3dZSOafgClk1NgX5MqQ_U0QI3r1aQpj_eCAvqvcVYaAPr284AYtcLYiB-J48P0Lym0SN','ios','xhwwHhDiDcm8FGK5qsGT8HBvrNl1Ph5zbGdXIJ0Q6OwnhWvqIBM4Z7EmJINKvfG6WtsUG2Qdina5eBleq3BSgzoD57s8JJPE5T9p5Tj1oov9etxFsQDfgbWdipzunzDROwtpJ9Z9eA0o4PAv9P2Fmy1l6bIvrmXgy5dmO8JhnGO56fYUG3rQ',0,1,1,'active','2018-05-22 18:49:00','2018-05-22 18:49:00',NULL),(181,'test test',NULL,'zaeem13@yahoo.com',NULL,NULL,'123654790',0,NULL,NULL,NULL,'$2y$10$ZofXPBCFcZOMuka/eL/8v.417oACNqLPeGoj.7QGNPJOSCARR7fe2',NULL,NULL,NULL,NULL,'123','android','qyIHSU8p21rPm3JCIWPB7iMfIF8NqXM31qjdUVvUCTaQe1fmJbreGjHSFx2N0V8cvyxc4J7k62E1vKyQmYYhynsiOCuJeS9b3UZS9rimIkPRZiTzwlE6hLKpEIEIJWbfWqheUalYQJmSfTn1dsP4rsxakyDkftHjUeojdF0bbRuZD2visXzx',0,1,1,'active','2018-05-22 18:49:38','2018-05-22 18:49:38',NULL),(182,'testhh testhbb',NULL,'ahmed123@gmail.com',NULL,NULL,'123654789',0,NULL,NULL,NULL,'$2y$10$Gl0BPtyel.9BZnl0DByJ3OVtaorhYWA8VH7M3STiKYXdLmUpA2EB6',NULL,NULL,NULL,NULL,'eGy9jhDXFeY:APA91bE-aKM2_9AsFcv0AWGo1GpeUZRtedwxgpTHAj3dV5W2_EClZ16okwLmkYraYGDV78pkwQTbgiLtzz-dK2Syd0BXQScKKL2cQVCeJ3n9mL95CQgKAJa8QW2tNqb2mPp91EYBYu-C','android','9SaBUW513f6hDLqxVqc6BTmEE9xf36ktZsF3ZjRTSW0YELoZZc6fVpMtEW0m0WR9C0yX5I7RoWBfRvux44RsVClBmFZDyFCcr9JXlFf3gq6wpdA4RuW65mUfyhEKu3WfJos0BBdtQLiyVRi74bbwyDPTkkSx3Qdz9xkQxyF8sLB3dhQNEdFQ',0,1,1,'active','2018-05-23 15:15:44','2018-05-23 15:16:20',NULL),(183,'vvgv bbbbbb',NULL,'ggg@gg.com',NULL,NULL,'5866887455',0,NULL,NULL,NULL,'$2y$10$QTxYt0eGIRilS5IFb6RFKeE4tE3w37L2QEANp7ABqPodgjnqoaAGm',NULL,NULL,NULL,NULL,'eGy9jhDXFeY:APA91bE-aKM2_9AsFcv0AWGo1GpeUZRtedwxgpTHAj3dV5W2_EClZ16okwLmkYraYGDV78pkwQTbgiLtzz-dK2Syd0BXQScKKL2cQVCeJ3n9mL95CQgKAJa8QW2tNqb2mPp91EYBYu-C','android','DO5h34mjmh4z1jbivH8Fx7t3j5SSIFrqM0b7UEmSLv6CfRvcUppOSH1zbXjWW9gMMXmM8lfk5qAnNFJuNRdh619Ap8LD7wIRtPipnSDKrP6Z5nNI0N5f0WYJGdH28ZnatwNOtt7OA566yr1sHDQlpaR89rrUjXQK60KyNToXb3TnILWLAGn7',0,1,1,'active','2018-05-23 15:24:31','2018-05-23 15:24:31',NULL),(184,'emad moniem',NULL,'emad@gmail.com',NULL,NULL,'0595300291',0,NULL,NULL,NULL,'$2y$10$5VQk/ZTFuxM3/1.Rji.QC.rS0Q1aq2Vf6nqLz3/Z4cLSQDHoT2Ps.',NULL,NULL,NULL,NULL,'e2jUZyWKpjw:APA91bG_c6kIBaDHbXR475tk2X2L0qX6cDb4J0sTfMWeNft4td4UZxQ7YFcBX-DSnzJiiisw3dZSOafgClk1NgX5MqQ_U0QI3r1aQpj_eCAvqvcVYaAPr284AYtcLYiB-J48P0Lym0SN','ios','slU8LnLnfOIARebhGfUhbl4eQ5k9e0Ge0iGurybcRdHjtSGgRg4EFd8oxPcwnb2rQuYZwI69tE7XBvpal1nrI9d3SxMxXh9oCAhC773JuUHpOmZ2FUxQpdm4K9ZfNIWSi7Y2Xj5tixZkSRlbTNxVNhPD8wRgPjAmPZZqh2COJv7C4zfGCauB',0,1,1,'active','2018-05-23 17:22:33','2018-05-23 17:22:33',NULL),(185,'fgfgchg gugghg',NULL,'fhfgf@fhggg.com',NULL,NULL,'568558885',0,NULL,NULL,NULL,'$2y$10$GyO9b1.N4LC6gMMcq4BahONffdvxcBuWqZnrqNEpETvp9HKXpz5qC',NULL,NULL,NULL,NULL,'c8Q1RVN4prA:APA91bFOpTK80KST0XpH7ZFxA1LN3j865W1aiS65zu7hG5AdoIagx-eRPvTwx86fXNabzZT5FO5Yx1KvLAcmnBf95D0_-psm7k0zzF3nN1TUl2F71ptwtnv_SVigpEKCiJOwEHe-JYvl','ios','WdXIojIs7aQTCcY1yoDlUGirwxldf3w3WgSrqW1fPzgwj75uGtRTIHnqr3w1OEfG8SWkYEyuPSg2O0FIsmEOIBCzuHeznUfmqXAWXEl961pNxyYQVWWO1dTStNS9mSJgGqzyuFqtkvhfWz9SjDyIVvrwltkGFdsQLLIUBphpc4J1HYopvdr9',0,1,1,'active','2018-05-24 16:08:01','2018-05-24 16:08:02',NULL),(186,'gufggf gygtgf',NULL,'fughg@fhg.com',NULL,NULL,'56855869',0,NULL,NULL,NULL,'$2y$10$H20yOvowycj93eDukBRDVOQP8n7ld/nEplPOiFiqGWAbUNG9dfyP.',NULL,NULL,NULL,NULL,'ewzWwQ3Oobw:APA91bFHzeqiUa_Kqo0PyBhLvMIzxdRcpJZXoQV892s_djkhT6z0NK4NHk4F_8SwyrvLvxNptCPMlH2Aos8L7Mf-PGFaW-FOpFDoeh_auXVrIRY8ooMtQfYzXZ24AgPSCNBH6WKEA8FG','android','hG93gPcoGHDiXA3t80rbJjk1Q1xLdHVnIOjE8FPbxt77UVXMA6NvbrnAP0vUBH02ifGYcZMMPWtrICLy1JHB1fEm9i054F0xpQQOy4FuQxDFEmswH34CdPaeXnUigCABwBfs4r0jrWcfNwvM7uLgSH2KlGqqKEqbroaN6hngYuOlgRWVfG9B',0,1,1,'active','2018-05-24 16:08:55','2018-05-24 16:08:56',NULL),(187,'rrfg grfg',NULL,'deematestline@gmail.com',NULL,NULL,'6886889',0,NULL,NULL,NULL,'$2y$10$cdPOdMhzYtK7ANDbPO741eVBQ/3q1h0E/E.LWC7w6elK3tnQFH5Gq',NULL,NULL,NULL,'GiqYF9mZXSy7M6yWFwgnlLWTdT6iiZIz40tL1RrwB13ls1GkEJzIaKBKCMKq','ewzWwQ3Oobw:APA91bFHzeqiUa_Kqo0PyBhLvMIzxdRcpJZXoQV892s_djkhT6z0NK4NHk4F_8SwyrvLvxNptCPMlH2Aos8L7Mf-PGFaW-FOpFDoeh_auXVrIRY8ooMtQfYzXZ24AgPSCNBH6WKEA8FG','android','bi5WNsa3SZhbyGWMJq9ueSUTTSVb5HJXDiWwreBGjEqcnJYZRQXnEleWvv70YDmRoOcgE9KF3sfq1O1q4PKhKRUltcfwEQAkN51xirM6ruYdEJ6eWRrYOPWEBkfYd4YN4nzBGtHGUvzjJQMUJtQVtBpwpWBMV1ZdqFkN9W03uy2AUc5QujLT',0,1,1,'active','2018-05-24 16:12:47','2018-05-24 16:28:39',NULL),(188,'deema line',NULL,'deema@linekw.com',NULL,NULL,'60440426',0,NULL,NULL,NULL,'$2y$10$YeJGd6bS.mXQyg0VrcY4o.IJZAYKTKZoXrYsE2S2HjWlOZRWl2NwG',29.37585831,47.97740555,NULL,'taoSt10Dlb7q5N9rMitgRlWnWeCeWwNUmoTalKH2GvKSf35zsmLRQJCu2U8U','eGy9jhDXFeY:APA91bE-aKM2_9AsFcv0AWGo1GpeUZRtedwxgpTHAj3dV5W2_EClZ16okwLmkYraYGDV78pkwQTbgiLtzz-dK2Syd0BXQScKKL2cQVCeJ3n9mL95CQgKAJa8QW2tNqb2mPp91EYBYu-C','android','rUisOVzrYFlIA5faBIEa0xh7c0YTTxqMrY8OWCwskM8WiIDdQuSgsVawzDxxIEjLSuM94fZUwwEhLM1dP5OBB0IwiHTGBvU6ZuNhWgB1h3CLHWWasUGMQM628ZHm4Q78M9elEA3EKqibdv2Vf7gyt6Uge1CZ7DqzviIOMy1o398r7PpXy8yQ',1,1,2,'active','2018-05-26 19:10:47','2018-09-02 16:07:15',NULL),(189,'nada fawzy',NULL,'n.fawzy@linekw.com',NULL,NULL,'98811440',0,NULL,NULL,NULL,'$2y$10$HJgFWHrumw.MjsVo1Bt6HexVUFsqE2QfwtjI0S6ywfah4ci3NFYE.',NULL,NULL,NULL,'WYSGMFwqQviEYwmUi1gMc2hdW3mUF6YmjgXiHduP7imKj9eODOGmMtIDZnlg','dfeBUQREG3A:APA91bHiC9dcAeXLYivwy7Yaw6Fv6DIuLn6y69skRurYmf-Y_-0OMArcis1iHm1rrDAYymZj20dWGDQjRAUpOu3WSIje8bpn-GvGOA8qBEZd_pvKdPSpvBVc7Ex4s9bTmO7Tpbk0lTkR','ios','Xx57e6UVK2ymOhq7Pwg8J89QLpR1GKmdxCJUVlyVe9pIivEGgUtvI1ubtsZxlOV8lNvHaNT7G1rfXZweJkdgchyDlZNo0nsc7XmpptyI98FCDPY4RmPPQpzjDvoP01OdnLfKWcN07D56Ut1OA6MpRMmN9X2eXWc2EWUMcbISZCEWRh92AwK5',0,1,1,'active','2018-05-27 16:34:50','2018-05-28 14:40:31',NULL),(190,'aka jdjam',NULL,'ali.hasan@linekw.com',NULL,NULL,'60440646',0,NULL,NULL,NULL,'$2y$10$LnPZgvwW7/lBslztdL7/8.B07yo8UUE2bv2XxxCgsHes5dQSfVIjO',NULL,NULL,NULL,NULL,'dwERQefHBX0:APA91bFh2-VJY0kY0juFEHm0IQYVJB54pDAqEG7XVF31we-AptAsLXFvlbBrQVCdkE0dWQUUgFwjfCke2Db287d4-5mFk-R9xB31gdblevl4xHvWTsdumjt2yUQ5U2P2KWH6Udo0EvUN','android','tJBEMb4hE2MAcGxVWzxEgnZbdKj74ev2HBTYJQneFA5Hivt5fenZAF1n1rybmACjXjrJI0obINqCZqXIDW2cjNHibDbtEFqeFA31Gqjgy4Pt9BBfbOgeao0gd4zy3tPaik4wBByyrIDzbcD3mSIeay44SrL6U9EURDTRGKtVX7p3uwmuqQuw',0,1,1,'active','2018-05-27 16:51:51','2018-05-27 16:51:51',NULL),(191,'agh sfhh',NULL,'s00027517@auk.edu.kw',NULL,NULL,'50605584',0,NULL,NULL,NULL,'$2y$10$T/K1yWbqy95le1h.ZVNP3.SiZz8orx7/lP8IvudM2l9xeP8vEx8vu',NULL,NULL,NULL,NULL,'ewzWwQ3Oobw:APA91bFHzeqiUa_Kqo0PyBhLvMIzxdRcpJZXoQV892s_djkhT6z0NK4NHk4F_8SwyrvLvxNptCPMlH2Aos8L7Mf-PGFaW-FOpFDoeh_auXVrIRY8ooMtQfYzXZ24AgPSCNBH6WKEA8FG','android','StCSYlnWIhjAU0fuCM8E07T2PR1xEK6dGRje6BVSlOSEqJPxpPYDjwWdGOHfTLHPXBFjikRq1ZbX2AOTgk3pmXz6uXlzYp7xUnTyiEELo4XxZJKTcW86ymT61KrhA2Y8EE4hVS3YVskc51EtTmRLkhaLmE5Vh0Tsmd26oG1zgIu1lRThyJ24',0,1,1,'active','2018-05-28 14:51:35','2018-05-28 14:52:24',NULL),(192,'iMostafa Pro',NULL,'qq@qq.qq',NULL,NULL,'123451234',0,NULL,NULL,NULL,'$2y$10$J9pb82I1lgw3LMwfF8nSVO484ry41jlWiZl9OYOs1UC7HvuiFQh7m',NULL,NULL,NULL,NULL,'dPBIE44jLfQ:APA91bFX0AV-KMssNW4Z-XZMGWQNYmxOzhJFm7-4MExTi9BiSQIqd1mhk8VTIXHEusXLKO1D5XPJIqIqsWLTDoYYzFtFxWLv2KHdBM05zrX-PSyslAXYo-NOoX9CtbThdcmPb2MQcYN3','android','9jhVbe4ivAL20FRYrkDfDcp1iojF3FmagMDXZdgpzLuWziKhqQQcJiJHvHusUOoQJmhlXJe3kEKuKzF8h0tlDZgiCvBE1V1NcCF0lmuUONFUqNeKDDumVCnhgLEYn0b2hxeQizAvPY4oBRLRWFR1GLFKkiiUqz88RVcwkgGXJasElqhfYW52',0,1,1,'active','2018-06-04 15:01:22','2018-06-05 15:10:46',NULL),(193,'emad line@',NULL,'emadtrane@gmail.com',NULL,NULL,'258258258',0,NULL,NULL,NULL,'$2y$10$caPwCegDJqDQ3P0rESm.vO3BXY3cHWxi5t2GRP.e.WPjmBRHFnpwa',NULL,NULL,NULL,NULL,'cIcQed-0Wnw:APA91bHKESfwjyr2dTNuiRheU7IOhiDei4Mr09bQNXLVKXOMZaMlDZ3n7fbUyXU0yoXnDO0LxVF0qjRs85yqLQi6ZhdGzwPkdMBVYd-Wpr9vliqKrhe5V8RRFhtrcXlkZ4ZUpnl8CQ_yug9W9Ix0e056aCMqyTBK3w','android','9vhh6EvFwbrniSjBfCrFhFd7JfM6ROfIISeHy8w6E3lVNITABAY9gV2sxqiiBZkrH0w1JhALNMjChDDZZQlE7ibRDdF4NzjBmIHARPFfmWDC7lcFSYrLqIi0QOEqknOAbRFvRYzOaKPf9sfBXdM27Jtm4r32KeGAsxtjrvRJ4Hc5QgR7PRGe',0,1,1,'active','2018-06-18 16:56:52','2018-06-19 12:35:44',NULL),(194,'mauzouq alazemi',NULL,'kw8y@live.com',NULL,NULL,'55343334',0,NULL,NULL,NULL,'$2y$10$LbJtWYeBdAnth6WWrV4j2ON47V2gayu2kcw9AhryNU3YbDIFiEs5q',NULL,NULL,NULL,NULL,'cQLaKu5VRYo:APA91bGw8sUSJtzhTw4DsAwH31KuTvWjPuT79ee8udx9F-s-RV2On1-m902V4-YGZUlNvigz529F8qp3aqijKlpM8yjWvKaFYlSsfaf8_TUC5wtDRKV0A2Rg7Yp5CDYZ6Ygny-Jrq_KmHRLF-gEBYCeBe2UbDvq3oA','ios','nViFu9cttNVGGiCeRkByBcXF3cbBJWYAR6uz4kwpjgerP0igfZ9jHp7rm0tcVRbPQ2qShhBsVgo41VcpmWm9TBs1SizX57eyC3Ycqjyk4G4o5OOaDaYsTjJbPRiawZFdA0ULkIlg7KL7LaXiTKarQAMBnRsFeydEjti71QbaIY3CJarREkvo',0,1,1,'active','2018-06-26 13:52:14','2019-05-16 11:08:07',NULL),(195,'iOS Developer',NULL,'ios@ios.ios',NULL,NULL,'0999999999',0,NULL,NULL,NULL,'$2y$10$6iG5zAI3eD8Lu.fkv4t7x.VbhI6TuNea9i8gU3KNd3Mwg5A9vvGPG',NULL,NULL,NULL,NULL,'cq0vV4_cD0U:APA91bGjkiPu1ewtmNZ-VYPI4YqhyPUEvfca3nRoJWhf0FFNO3JWx7VeZTKroqHtQQtDag3nOyr054oKdI3M4z-OVDKEFc1QCnhimlPf9IC8Tmr8Jn5UjhpFmXUSqvIgGbMqA-I-WElt_GeS0WUT0ge4V7an8tz2Xg','ios','OB33MQEwQC5Th4NUwvLe17kiKBLtLiXwriTgouryj8ht5vBRrLBRBPPMb7esQU9sNaYnE52mwE7fxjpvkqdmXGq1gkhj9XebNsjBgvn8JzlEzuAECDdTTMPYLpNpxiS9jTywpJoLyowfQx5a19EeXlz0SzOC7EGr7OB4q95ZZOEjSkd8erR2',0,1,1,'active','2018-06-26 14:06:55','2018-06-26 14:06:55',NULL),(196,'Jose',NULL,'hazemfhhjh@fuhjh.com',NULL,NULL,'555685688588',0,NULL,NULL,NULL,'$2y$10$Omhewv4ExNXLEPfoMBbZEeuNfStdFjQUe2bhy.dP4QVKAYSJz.mba',29.35858917,47.90681076,NULL,NULL,'c8Q1RVN4prA:APA91bFOpTK80KST0XpH7ZFxA1LN3j865W1aiS65zu7hG5AdoIagx-eRPvTwx86fXNabzZT5FO5Yx1KvLAcmnBf95D0_-psm7k0zzF3nN1TUl2F71ptwtnv_SVigpEKCiJOwEHe-JYvl','ios','Ju83ehVXs5kNX2Yc6U7BcghSmmsN9BnO81kdeHp9ts3FaIdmz8SNZvYZQzuIVfTDtvJ587Asg2uIqi3hJa8A84upJrBVX8qRpHlewSTwO0gFwOlF3YWURtOZEgSgu4n7cbfdo8zGDfgxcn2Dx82vCtkbt6dGKREcIVcU7lL4KUGjanImTydf',1,1,2,'active','2018-06-27 13:49:24','2018-06-27 13:49:24',NULL),(198,'Berbery',NULL,'ghghfggy@fugguu.com',NULL,NULL,'5555555',0,NULL,NULL,NULL,'$2y$10$MPstdLahz.R57PP5XG.tA.aCH.8QGRb1ONpIpWSX.xgao/YkFaVYm',29.35858917,47.90681076,NULL,NULL,'c8Q1RVN4prA:APA91bFOpTK80KST0XpH7ZFxA1LN3j865W1aiS65zu7hG5AdoIagx-eRPvTwx86fXNabzZT5FO5Yx1KvLAcmnBf95D0_-psm7k0zzF3nN1TUl2F71ptwtnv_SVigpEKCiJOwEHe-JYvl','ios','hbGkFsJzCjb3UJJOprKnmvpG1PEXQVbvi7MqBbqNpQpDDp4JTpbq14mS2IdBN6Ox1D1o7FVjR8cUkB6GasFIruONPgDMSyv5N4npWeTtBCJi3Tm2U186xplbcmkrDSAj5RgeL6QE5plZJ88cL2TbMA4Wkljf7xjQ9CUNFQvYcCMcRlbMl0im',1,1,2,'active','2018-06-27 14:11:57','2018-06-27 14:11:57',NULL),(199,'khaled alsawagh',NULL,'khaledalsawagh06@gmail.com',NULL,NULL,'98948632',0,NULL,NULL,NULL,'$2y$10$G89IcWXDI6ceSh.7K3XEwe4Ox2accFEcK3DV3zEbVERU35BEZX2Hu',NULL,NULL,NULL,NULL,'eWqmRHZQ-DU:APA91bF-0ICiE58AcP5aQrdZqciWvyrSeCwBWKWBSLBLOzIlV-7OL3OJN9Tbo0OM4acN8CxBDOVNry_TqjZnHuk631d98OIo4KAiZ3jGvQnUtBuR2xDipPGzC-NMYTBWo6sSN8jPOTQR6QtvYibcoab9VZqROv2Jvw','ios','OJHrlbPytOImViXy9tVXijadMeX8etiJxdtpFIYLB9YePtOrdr7LqZH5ctG1QAJMLTr41K9ITtt6LwFKQW96w8yLfS0yx3pPXWOlbRvKO0JBjyhsX9cCP4qJ2CCIyverbEtkUDpqhUA8QzOapjRMbVG6JW7Sp56yZOQPBWcE9nCyypgf9qcz',0,1,1,'active','2018-06-29 03:16:09','2018-06-29 03:16:09',NULL),(200,'waleed alsawagh',NULL,'waleedalsawagh@gmail.com',NULL,NULL,'99757578',0,NULL,NULL,NULL,'$2y$10$higJyHl0DIi/QblE19qTV.ZJQTFbcFJcZDvkr2w0KLnHP7XSHF0f6',NULL,NULL,NULL,NULL,'e5eoQDCOj-A:APA91bGdQpK7gT4-noJz38tYUynSc1INFFRS3T4GFmLoG2Q4WtVL1i98nxV2AViV4OTHm9umDdZKHVdO-ynpxFbxiFbRajB6gGP5a-TWavKq0vxRhtacSgW4OyJGWokrSxsbSk3VJYKZE2MZLgmtypwLjKzdxteG6w','ios','ly0w3SoztnYSfTQAdypFIUC7foCDBZoEc7UzoHGejXA1pvsfPEAL7xrYQ4Gk9kScvRJNLdMNlFYuXKIFhJ2tw7AI7wVtAGy4Q02r04NkLXPKgD32izqZSSCbBsidjtaRvRNj3MKHHo5QT1VjAglM1gCAujQunLFQC54U2yyQElYYWmxXsaNG',0,1,1,'active','2018-06-29 05:52:59','2018-06-29 05:52:59',NULL),(201,'ch hgg',NULL,'g@g.g',NULL,NULL,'55585555',0,NULL,NULL,NULL,'$2y$10$8FuE.CwQ3g/9l2gwgwR4UezOYJJn0eeuCLH6vNndmOBtBQTHYx5Cu',NULL,NULL,NULL,NULL,'cb8eNmUV_uc:APA91bFhuIXVOg0bRZAfPXhcjfWDOLRr6YWg0wOxoCbB6FRkrfjE1NKMk-DGdFvHITw1nxMtb1WHxHXq5z9m2YkXDxIY44g1_FkI6J8napdH2Vng824O9YyJyMZxdzo1lmO6fFV9MFgWMvN5ELxCqZ6-HLxE68UnPA','ios','DCi31JUSkYYtgAdM4ePWXdj17JjkyYq9LOn8ocBDVlgKQauTiMiMC9RthAkaFsI4gr3rcpQUM4taEWHQ1Ta5eVmjedL39vWT7GXRVPBAVTuda79q2o0ZNJKDUv5BPY30x9BHGDtMLA0JvFnWWDbB94AtD5kOBYK07Iese60XjfLTbskpRgbL',0,1,1,'active','2018-07-19 13:03:42','2018-07-19 13:03:42',NULL),(202,'iMostafa Sh',NULL,'lll@lll.lll',NULL,NULL,'055555000000',0,NULL,NULL,NULL,'$2y$10$H8WQrqxga5ny99LXifZuB.QslManLdpTH3Ha3Pd/hRvLaL9gc4snK',NULL,NULL,NULL,NULL,'dw2FY6-V9UI:APA91bGhao8yvZ8G-djPcFuffXDa3F8rgCra-Zm72TYsrCcqA2Vc1sv9H-dYzEzn2ygVafC5Ed9TvnTOraeKsrn3IxynpRb5Af3vh7rT0klhPdSXC8WmHdTXYRYQAKIm-qKbitsUVB6BPw6rJANJrPM_w0tJkfeSuQ','ios','OcRg33In9bF1PbPxFFUrAKBPu4IdW1MITqVvX0GkJrSw28UYo7LJFadONQR4JwOJtBUNqCYXicKoFB6lXY6dX8UE3W9TpXHINtqaK1XKkflsDVFv6LoF6LBeEBhUnSsERZbpRFxOi5PAU7oK07ZvrFlthzaYjp2Vwc6sM7eLQBJK3sFNa3ql',0,1,1,'active','2018-07-29 14:15:03','2018-07-29 14:15:03',NULL),(203,'hhh hhh',NULL,'yt@yt.com',NULL,NULL,'68686868',0,NULL,NULL,NULL,'$2y$10$D9ijRCJkHKO9SkTkOEhTIO/tgNjbEKkRqmDK5PxhOuiztl1gzmaeO',NULL,NULL,NULL,NULL,'fwvE-z0e-DM:APA91bEdj8gfxnae0EIzmenZhK3HErMmZF10D1uBl4VQhz_bVt7AdFnKwndZEbWSa_sgAxidUgyR9SInl17FpOW7i_NIVgUNAHib-LdNQrQupxg-Ke7JT9zgurHBxVzVLOXmMd3s-_fm5RV5Egidr8Nrrq-aC_G3kg','android','anii1nDaEEIdELEIp3ixos24OjaNTdVM2vfN8zGMR0jMBnKK6f1ymscVVjRc2B2WzCXeeIYYbDN4V3Rt5JzEDdlP8F99jUqc65w1LZWEtPsaBOE1vPWuLoCohCJGHhGfoDn2a1nuewZEfz3oiqobHxombUpwuDfxBQBh7hkqElkrsAmjeyYF',0,1,1,'active','2018-07-29 16:56:06','2018-07-29 16:56:06',NULL),(204,'vicvv trfcvv',NULL,'hgh@hg.com',NULL,NULL,'0986886868',0,NULL,NULL,NULL,'$2y$10$ofIGDNIDzJyXlZFsvu56HOQWA7zTrqYpaOcFwdnYBlUfPUd4l7Sey',NULL,NULL,NULL,NULL,'fwvE-z0e-DM:APA91bEdj8gfxnae0EIzmenZhK3HErMmZF10D1uBl4VQhz_bVt7AdFnKwndZEbWSa_sgAxidUgyR9SInl17FpOW7i_NIVgUNAHib-LdNQrQupxg-Ke7JT9zgurHBxVzVLOXmMd3s-_fm5RV5Egidr8Nrrq-aC_G3kg','android','MeBDh41lU1sL3xBeBKQIp5VF9IglHHHwMgzhkEm2ihTBAdqXoxahDNuT6GDnX6iDWprB6Fss1ncw4TkDD3FZjzHEjO7zyzPjBAKUtXUJ3V8n0ACS0j8TQRLGmGE84eDXI01frDC9yjMFUrFczy2RY1fTtuDH7v9s4DWZ9NPDo1ku1PbHcLj2',0,1,1,'active','2018-07-29 17:09:16','2018-07-29 17:09:16',NULL),(205,'deemA Yousef',NULL,'Deema@Line.com',NULL,NULL,'60440429',0,NULL,NULL,NULL,'$2y$10$K2i5B2kGP.IMzqTm7OfjfudrMGAYTOzP4AYVtgCa/ri5Kt9gyYSru',NULL,NULL,NULL,NULL,'cnpdkFFVlNc:APA91bE6hlXdoY93EsiSfgG43J-RV0ZzjU7E0GKC5sVkQCdqdrqRK0drtvGtv0ArZreryLtGRK4UaY-NoJZQzqPwq9_s-9stVFhhZOs_39CyBNPDCA7xNBE32A4AFESx-DrrGKig7JwY','ios','Ot8mTzpPU8UE51gmkM6LOH5LRRZftdfe0BlJBS60qVR3rtKgWP9SRENVSmzGnF48j5nf9xibxjwLuBW6ZxnxtPZPtx0OZ3DDmeJl0jU8Q7sTJQJIORAEHh9opoC4ybte25hZtA2FtNs62AmyYDYYilHdLDHcq6cnCLOZflmIADExyAKqxpF6',0,1,1,'active','2018-07-30 19:09:39','2018-07-30 19:09:39',NULL),(206,'me me',NULL,'me@gmail.com',NULL,NULL,'000000000',0,NULL,NULL,NULL,'$2y$10$xqmpI9qVzFXNYtDNO8NvZurW1f9.U0zQMwqIMvAW6B0FFoqz7e3L2',NULL,NULL,NULL,NULL,'cnpdkFFVlNc:APA91bE6hlXdoY93EsiSfgG43J-RV0ZzjU7E0GKC5sVkQCdqdrqRK0drtvGtv0ArZreryLtGRK4UaY-NoJZQzqPwq9_s-9stVFhhZOs_39CyBNPDCA7xNBE32A4AFESx-DrrGKig7JwY','ios','HJ44WUiDUkGRgIU8Q4gpiVvmu8QcP8t70UUmYNrfYb8zo4fqfmusYVLGdADf1xFHpXbJXARBhvghQtmzhOuTAiulPGlpjmoV67tplRN9eUaXpmsVzFf2qyhxCIZn3IqnEjToKaA0en2d05SPlY52yEWoTC2yjfsyXQMClGVMJXQ93JzTNwQL',0,1,1,'active','2018-07-31 14:08:24','2018-07-31 14:08:24',NULL),(207,'Deema',NULL,'deema@line.comm',NULL,NULL,'999999999',0,NULL,NULL,NULL,'$2y$10$oUijNpA.eGj4mIqV69BPveIMW6LfOSF6JH0GiD9AQYkjhR4egMSny',29.33329773,48.01589203,NULL,NULL,'cnpdkFFVlNc:APA91bE6hlXdoY93EsiSfgG43J-RV0ZzjU7E0GKC5sVkQCdqdrqRK0drtvGtv0ArZreryLtGRK4UaY-NoJZQzqPwq9_s-9stVFhhZOs_39CyBNPDCA7xNBE32A4AFESx-DrrGKig7JwY','ios','jCZjlC584B7NLOXu30qaQoFLR0EYnQjtuILUSvyj9VVqFFwx6lQqcGJl4tiiRrDXlushT1Jf7UrmKpUbu50fZV6mBDI4qzmoCZvypGc76QfCUQsvp2fat3T4rJu4qEGyblSYmVjyEbZb4DyLDwXiliYq0jvFV7rSpfvsNs4BcY6WefoS6xmV',1,1,2,'active','2018-07-31 14:15:10','2018-07-31 14:15:10',NULL),(208,'blah',NULL,'ggg@ggg.ggg',NULL,NULL,'14445585566',0,NULL,NULL,NULL,'$2y$10$ibePAn2FF0nFudvSkJ.9a.AHmBsOPIbewJgsO1Jqcd/cw9d2txPBC',31.50245476,34.43464279,NULL,NULL,'dw2FY6-V9UI:APA91bGhao8yvZ8G-djPcFuffXDa3F8rgCra-Zm72TYsrCcqA2Vc1sv9H-dYzEzn2ygVafC5Ed9TvnTOraeKsrn3IxynpRb5Af3vh7rT0klhPdSXC8WmHdTXYRYQAKIm-qKbitsUVB6BPw6rJANJrPM_w0tJkfeSuQ','ios','4rOZfFhufKnNOiZxS1bbvmDOzVk4crcQysn4215yXIq8p0qTJaIJpbyzi8QCOZ2BuPp9nfygcuQhzm8hjLoCbEDa9ZmHnvzkrVdyk6Z0wKF7Hg9KvSBFxQb3H5ZbDZCcYuoSUNjft1n4TBpmobnx2jjpwtBQMsEJUAqQVF5R0kpvwR40rWXF',1,1,2,'active','2018-08-02 16:04:58','2018-08-02 16:04:58',NULL),(209,'Hazem Abu Halaweh',NULL,'helloworld@linekw.com',NULL,NULL,'123464646494',0,NULL,NULL,NULL,'$2y$10$FWhrE2zQmv/XAgVUe9Wp6urSQZvcVyduDGkSSxQ/0WrWp68N4pCi2',NULL,NULL,NULL,NULL,'dd3Eg7h1Jao:APA91bGoRnqngR4gWePM1iCOdGK5__0BZQofu3lgM6PL8lWli2BuFp6cjxWOJt3sZw5ljkZaCSceG71hhwwKmyxmkAUqHCCB_htJKi0dslouktA0ywsQHXapwRnmBmar5d7ZxR-1O6bScFpQWjD-4QPsdHzbjWqAnQ','ios','qxJFoXPr3UvjPZMC1y8svik1ySU42vSezt8ytkxw75h2ENWeDUsmUTPkzALSWpw9hyTbFun6qyfiy5I656o08UdikcDF4dqlsIwiHET4lctGnfFTAWzjab8NZBWXwsQ60cn62vh8BPkRW8OVq1xH4HHToMKBtC5PQNGqAigrIFVCVP4Q1wVe',0,1,1,'active','2018-08-08 14:16:48','2018-08-08 14:16:48',NULL),(210,'Hazem Abu Halaweh',NULL,'h.yousef@line.com','uploads/images/users/JaNsRHi9uKn1ZSl54ldWGlPmNXPuoPGoRyHvLG2g.jpeg',NULL,'66462168',0,NULL,NULL,NULL,'$2y$10$zJWPbF8DKfgs.D9YDFibOezIYDBAq7VdRcrpBrkZ3gXSVdwbcpZgy',NULL,NULL,NULL,NULL,'dd3Eg7h1Jao:APA91bGoRnqngR4gWePM1iCOdGK5__0BZQofu3lgM6PL8lWli2BuFp6cjxWOJt3sZw5ljkZaCSceG71hhwwKmyxmkAUqHCCB_htJKi0dslouktA0ywsQHXapwRnmBmar5d7ZxR-1O6bScFpQWjD-4QPsdHzbjWqAnQ','ios','Bj2UhkSi7pZt2UMqwUxe7pBGKQk6bhvQHCZCADIWpR3vwelqOPzNRtZC5Tv4D2WX4XZph3MnBbBFQw5yoc57xTqfh2i4d8v56G93s6m0eN5HxV26vEloLqoBPcS5MLR7SoXyt9p4zR2m7D2nmVgDdbNg1kkc4vjBi7aeZ3xmwRRSBdqkANUQ',0,1,1,'active','2018-08-08 14:19:22','2018-08-08 14:20:04',NULL),(211,'blahblah',NULL,'qqq@qqq.pps',NULL,NULL,'121245457845',0,NULL,NULL,NULL,'$2y$10$VLAX.tHtPhqBnH8mTAOoleLWr0oimmo0AY.Y4zBXH1g/T377c3MMW',31.50175858,34.43461227,NULL,NULL,'dw2FY6-V9UI:APA91bGhao8yvZ8G-djPcFuffXDa3F8rgCra-Zm72TYsrCcqA2Vc1sv9H-dYzEzn2ygVafC5Ed9TvnTOraeKsrn3IxynpRb5Af3vh7rT0klhPdSXC8WmHdTXYRYQAKIm-qKbitsUVB6BPw6rJANJrPM_w0tJkfeSuQ','ios','9iTR98bmteoqTtbevTLDRRWACL26CmqYgPoRDmwuMGCMlutkkKhiBR6kUrWSEtUGhQR8kbbKLYFCq3hJGeJRkFHExrLnL7vVr3SOArKJiCcKoHhVNmDC3MgMblBadN3chbnLWahx7llJP36pex3Hgssl0qtRAGDPfZsG7aefbWNv1lAuxM4V',1,1,2,'active','2018-08-15 19:10:27','2018-08-15 19:10:27',NULL),(212,'noor',NULL,'noor1@linekw.com',NULL,NULL,'50324006',0,NULL,NULL,NULL,'$2y$10$XIgKQvyyKhp5CzbV5FDBt.wMqqAR6cF5qLCW.EMJaUrlquIIUee82',29.35876274,47.90683365,NULL,NULL,'cFeHXQxCyVw:APA91bH2s-YRLWKeichW_hh4ua0RqeZ966VEAW3AKAJ1pyEZZF2iiw81Tu4ny-MD5sk2l_5civc7F8SozLVyaVmoTkXDskPDzcnNv75Fsv5lX76ldoUxwWiFsBWFQtbGOqWl2qBQbzap','ios','O0FMISs9jdgd1pZTaZMk8wZL9HFr2nLVTCF9tWk5lfYphURLEIV9tNUhraXwreyQJLB80KmlQv8NK0gpaEn4pShrRo87lRGyvzvOaQB0NJgMKBlhUs9MvDZZvUIQr2sVIsfmjoyjPpQ5CezjS43mE5tcok9pgvTcJhDQ9Nz7gipRRkpQOvLL',1,1,2,'active','2018-08-16 18:33:37','2018-08-16 18:33:37',NULL),(213,'Hazem',NULL,'hi@line.com',NULL,NULL,'12464649488',0,NULL,NULL,NULL,'$2y$10$TC/sR/T4Iu5gNBWRNKmj3ObXqT0/wIivRcEiGuOh5FPRQ2F2TTOky',29.33329773,48.01589203,NULL,NULL,'dd3Eg7h1Jao:APA91bGoRnqngR4gWePM1iCOdGK5__0BZQofu3lgM6PL8lWli2BuFp6cjxWOJt3sZw5ljkZaCSceG71hhwwKmyxmkAUqHCCB_htJKi0dslouktA0ywsQHXapwRnmBmar5d7ZxR-1O6bScFpQWjD-4QPsdHzbjWqAnQ','ios','e3gGKmji1YUXdKTmt0n1966UGJeYz8G1wvbmuDs1yB5xhLtMUzO3G3JU5Bf6DzyWNZKz0HdzuG0AXPRIJXUv4XSHXKhPO7bBnHH2mOWxqpnUkAVg0rwj5X6EMB8PXDZXLhiXy7sTI4ev2IWB4rd61ha0Vx8ZJmLVPm5mhA86qfClmEzD839g',1,1,2,'active','2018-08-28 20:56:20','2018-08-28 20:56:20',NULL),(214,'Hazim',NULL,'hellehi@line.com',NULL,NULL,'5446646449499',0,NULL,NULL,NULL,'$2y$10$xZsj2NlquWLFrYNCagHXYu5BWprT3tZlgR4lHcccZSHnjMqPFDqcS',29.35858917,47.90681076,NULL,NULL,'dd3Eg7h1Jao:APA91bGoRnqngR4gWePM1iCOdGK5__0BZQofu3lgM6PL8lWli2BuFp6cjxWOJt3sZw5ljkZaCSceG71hhwwKmyxmkAUqHCCB_htJKi0dslouktA0ywsQHXapwRnmBmar5d7ZxR-1O6bScFpQWjD-4QPsdHzbjWqAnQ','ios','SbWQJO0JxnDR1SjHuRNYt6xN7JGM8g9KLZL54qdNMRbee8z92ZdYiFCIkZkgqL2cLYokfGp17WhNY3g8Ff7itxeLlWQNrAHP8ELF32k8qs6DLggh251kQbbF59VoMS4PpqPIrxJHPIuiw2dzXVnShY6LjwLRoA2Dn9p04AHo0gEWMJw9r5qD',1,1,2,'active','2018-08-28 20:59:05','2018-08-28 20:59:05',NULL),(215,'qqushsja iii',NULL,'iii@iii.iii',NULL,NULL,'555454545454',0,NULL,NULL,NULL,'$2y$10$hy/BnwXXPcvtNqZyoS6KG.okFpYFGXrtN9GJV0FreWPWKU2ZDkwx2',NULL,NULL,NULL,NULL,'cP-mlrvukvM:APA91bHPjpuvfzgP-EN9lISTBmucsxMab4odcb5xpOSxfp_0o1YDSs0q4dF_0peEq1wNV48gFdrW_BqBLD1bcUl4WS8nDveqdgq7nEZm2DZkNBpVq7HJI4BjZAIBp4oy9HDyYN9kRKkU','ios','mRxsq42RU1SbmKnyPZPg2rpl0Q68yeyFJTXR80j6pEX7Nys2a7PPkcaFiq3mcv1sIpWyjTI1WaUtqVaRlSEAGorSA6IPVEdQjBAz8H3najqY3z782ynyc6f7sIaAA5MQHuOCV5xC6nxDsUPSUh5VrnhUziRiuQRJ2QtE4T2OEMsa2MiWywPn',0,1,1,'active','2018-08-29 13:11:54','2019-03-06 21:10:43',NULL),(216,'Hazem',NULL,'abcd@line.com',NULL,NULL,'42685685558555',0,NULL,NULL,NULL,'$2y$10$Ib.GygjZyuUNP5RtIzsv/uf.ozVFWfhj7jDBZ18.iQrU7M13Iwl9W',29.33529472,48.07155991,NULL,NULL,'dd3Eg7h1Jao:APA91bGoRnqngR4gWePM1iCOdGK5__0BZQofu3lgM6PL8lWli2BuFp6cjxWOJt3sZw5ljkZaCSceG71hhwwKmyxmkAUqHCCB_htJKi0dslouktA0ywsQHXapwRnmBmar5d7ZxR-1O6bScFpQWjD-4QPsdHzbjWqAnQ','ios','4AEWknU3yQK8MBYnNpdwjmNnHfqWJdPzcT3SfwZX11FyvR85zl8nxb8s3aKvREHbFqhoQp9ob3VhMhAlOkTerivx5cGgZ5if5kHZTcomrJgt4dSeahEeI9x8BeAZDHkNGJS5nwQBFCWcDePQ1CUBLKdMfREVuyDpK26a3aXOPoaF3zr9PJYT',1,1,2,'active','2018-08-29 14:43:42','2018-08-29 14:43:42',NULL),(217,'Line’s Product',NULL,'abcabc@line.com',NULL,NULL,'12345678900456',0,NULL,NULL,NULL,'$2y$10$LenwZOxbfBAdWPpZRj0YiOgSsPQrWrF4p3kyW75xjuUmytXmvmVF2',29.35858917,47.90681076,NULL,NULL,'dd3Eg7h1Jao:APA91bGoRnqngR4gWePM1iCOdGK5__0BZQofu3lgM6PL8lWli2BuFp6cjxWOJt3sZw5ljkZaCSceG71hhwwKmyxmkAUqHCCB_htJKi0dslouktA0ywsQHXapwRnmBmar5d7ZxR-1O6bScFpQWjD-4QPsdHzbjWqAnQ','ios','ytczek84i7hsytCTDFKuUV7j821RbDrSSz57ECLPAEcTLX5gLh2R2fTZ9WQYOnfQyyJH9VcvJzNUEw7z6CrUARla8MB9KYvTSFXReJx9rnlkZRGMRNBnhtrJmgHP2svYnHehTWhxOQgmLYp1MpwO0hJEbUaseiKRkO6QqXwztNdbGtNrITe2',1,1,2,'active','2018-08-29 14:53:02','2018-08-29 14:53:02',NULL),(218,'Line',NULL,'geissksk@heisis.com',NULL,NULL,'5434646464',0,NULL,NULL,NULL,'$2y$10$.wydH96OMoyHglB0lzpWfuwUWZNOQHOGPFzGgRynEA8L5kDCc6lTW',29.35810661,47.90699387,NULL,NULL,'dd3Eg7h1Jao:APA91bGoRnqngR4gWePM1iCOdGK5__0BZQofu3lgM6PL8lWli2BuFp6cjxWOJt3sZw5ljkZaCSceG71hhwwKmyxmkAUqHCCB_htJKi0dslouktA0ywsQHXapwRnmBmar5d7ZxR-1O6bScFpQWjD-4QPsdHzbjWqAnQ','ios','Dqhecjc7E0t84MV0fduGak6fWz8ERBVdYcdvccSDJKE8hbMwu1lq55PwcdfWx5SFCJMRhNUlrqlBdQfg7z8ZGm0DIEh4L5EPVwUamZo5vY6XejPBvk0jcpwWzTRWYRiKJcg9J0dcHG9fP1cl1IxsUcCoUmTu2jYjW85xsHcmz99aynqYTI67',1,1,2,'active','2018-08-30 17:05:05','2018-08-30 17:05:05',NULL),(221,'ttt',NULL,'hihi@hi.hi',NULL,NULL,'332211445566',0,NULL,NULL,NULL,'$2y$10$MBLQQZYX1r/Se.cqljRTV.Dme2HHK9yg1fpaOqIZ2TmJsF31YGnoK',28.57451248,48.10247421,NULL,NULL,'cukChC3A81k:APA91bHJ9C0CLWjIwMIDIwW8qKKg8MLpShI9ylsMtp5lTWR0LZOig18feQVW9WuuzjSrjEV4pgbKeigR9zmOkUnzfP8CzGmjrmr2p2UQQd0hsUfwT6EfJYhSRNlVot3SvJz1xy5w405OiGTkIz0sdNQAFiGYfhB_gw','ios','L0dwVA0oyfAVP0rqQgDPET3WwwIEeG1Lvai1VY6mt0miMmODg0ARmp6ffXcSQG06KwCzPlfpVe5u6vCxfxNoLq9WtaLFfbsvmktX8nDZlKJgw1ecBSxSNLz9wrIZ7y2HfmXFVPVBZ2TMhpGHI8uivABe39Xmc4EY1y1EgPUQC1sEFHtHw5P3',1,1,2,'active','2018-09-01 17:08:53','2018-09-01 17:08:53',NULL),(222,'Hazem',NULL,'eyghbhh@dyghh.com',NULL,NULL,'66425869888',0,NULL,NULL,NULL,'$2y$10$19ZtpxrZNPZ8bdAAuS0yAuuasyh.3EQ79z419tQooy7aou1HLzAMa',29.35876274,47.90683365,NULL,NULL,'dd3Eg7h1Jao:APA91bGoRnqngR4gWePM1iCOdGK5__0BZQofu3lgM6PL8lWli2BuFp6cjxWOJt3sZw5ljkZaCSceG71hhwwKmyxmkAUqHCCB_htJKi0dslouktA0ywsQHXapwRnmBmar5d7ZxR-1O6bScFpQWjD-4QPsdHzbjWqAnQ','ios','826RmojXJjfdy1u5Ac6vo2M67tUD4AkunxPOhz9wZ2LUJW75KAKZRmikQbQefcwsLM737hEXhhi0ShrTI8fsSlHyqHjVPaW2kN6PL10rtCnrQrymBo3VKSU5YHz8NnEY0qnTqpecxR8nVBE8QAJU7EqzPaZDlBorb0Bf2YUiA33y9rjWDKYK',1,1,2,'active','2018-09-02 14:16:14','2018-09-02 14:16:14',NULL),(223,'shrieks',NULL,'faususu@shajsj.com',NULL,NULL,'456464466449',0,NULL,NULL,NULL,'$2y$10$Ilylb7Y2gd5lAnIyzw2SGOHhBp8eOffrprhKJDUiiNSfLCNtU9bKW',29.35858917,47.90681076,NULL,NULL,'fVOgUfr-ujk:APA91bEB5DNsi2Lvic4Qth9FPb0PPbNp_19pr8PzZ9XeL2O-hvDFifxmZDnX22FZUsKNkF4ipN6Zp5cbUb0zZU3ysfGaIyqe4o-Yn2YNAZiCizdgv-lQ51-6Z647VZoO6jl60xHl8J54','ios','3XXhrRJLx6e2cCncJiZ3LIltSKM9WM29RJMiYP61lL5njiv8vBCmDExs2BVAqsa7fRDb47cx3MJ3StdcmdOfZCLZSiUYm2R2RABpBDvqh38nOFlde8BTWAeMsAv5txoJ2sxHbZ4AT3OcDALtIvkPr6pOAqi5Um0PBaO3MwDmcbKpPP7S2mNJ',1,1,2,'active','2018-09-02 14:18:24','2018-09-02 14:18:24',NULL),(224,'gsjsjsj',NULL,'gsjsjakak@whjssk.com',NULL,NULL,'546464646',0,NULL,NULL,NULL,'$2y$10$llkOgZjoBC7gvRui9lOCqO6/TRxaSPjy05IkReWFf8qch94w4viFi',29.35876274,47.90683365,NULL,NULL,'e_7DFkfOGUM:APA91bH0cXxT0Co3cMgAkjsToH_E5BzoHsipdlbj7NQ8G6Ebi548OK4Cd3t08IgsNtgZ1LVPrx7O6Rf0qhW4CCnsoMg982EoyPH8nqpve1XNjy6vrTA_4veB21UpOvG5uSISaRfnU_v7','ios','AT3wuKwQi3bIvYHOoMnINprzGGYWmq5In1tXdEJZiA1vCBdoiYSOscph3rlxZiwcFYeqjUvpUAo4nc2UiJpskN14O2nm72kawRYwp7IWNVhQbID3lDc42PcPJhmk5SkD3nP40ynL0eU1G647Za4ADYWh5VlAk6aUjuzPlg7TIU61xu1JQ8Te',1,1,2,'active','2018-09-02 14:20:29','2018-09-02 14:20:29',NULL),(225,'gsjsjsjj',NULL,'fzhauauaai@gwuuwua.com',NULL,NULL,'5606767997',0,NULL,NULL,NULL,'$2y$10$lmQNmkoS2wwa9ycFWxOWYuuJq2UZ05SYYZFPNaWnjvcw8vLohRRvy',47.90702820,47.90702820,NULL,NULL,'123','android','EzlebvkVL9B5shHPBxzDvIfcFltso0iI82J92EhekfFa9UkY3Sme1wXAUQ4JS5Hht1FxQL4x7hILIGYhZhJ617lkkd9y8uWOmq5q84f5JUObxeOp35Gt0RAdd9SXxQtDNj63aaucG5kaJWeM8KOng92mLzUJRqF7OllQ4R9DIrKTA7iNXheH',1,1,2,'active','2018-09-02 14:33:03','2018-09-02 14:33:03',NULL),(226,'hsjsjsj bsjsjjs',NULL,'abccd@hi.com',NULL,NULL,'94677979',0,NULL,NULL,NULL,'$2y$10$KF9s9CjzQg24aoJSvyxuK.04H0Opc386BKYjaWt5.72Ep.TBc/f9i',NULL,NULL,NULL,NULL,'fyegzIS_gzs:APA91bGN-MC5RUYIqxjaICaiWOlJDCE0Gppd4vMD6KQQxeHr7sRJ0mHfhTktBchdYxBWHlr2XTcNTVRGsUOtcXIdiwIcNLg1c2E6jnWgXw6kZoc-Nox_KwMCG7vWLGHaxPGkNE8Zy0Bc','android','IO0spVPnvi2XGfWBRPCeqfPK8Gl9fHt3jq3uCYmEAIO3YLM5vtMWjtlCxi52kqHGqgcWkWpZoXSc1dAPbmW7FVAboZG3YMKB1NBonmuJhxGEqiW4RdFuhrcQb8LQ9PrpYQZyg8MwJ4OaoOn2j6BAHEVMlfJ9FXZGkSCPbBWIIQXD122uL886',0,1,1,'active','2018-09-02 16:19:14','2018-09-02 16:19:14',NULL),(227,'bsjssjsj bsjzjzzj',NULL,'gsjsjssj@Saudi.com',NULL,NULL,'546467499',0,NULL,NULL,NULL,'$2y$10$b9rKdQ68neSrsIkryrGA8ed0WWCemVKLhNciQ2LbK1vR8rBMy9FYO',NULL,NULL,NULL,NULL,'dd3Eg7h1Jao:APA91bGoRnqngR4gWePM1iCOdGK5__0BZQofu3lgM6PL8lWli2BuFp6cjxWOJt3sZw5ljkZaCSceG71hhwwKmyxmkAUqHCCB_htJKi0dslouktA0ywsQHXapwRnmBmar5d7ZxR-1O6bScFpQWjD-4QPsdHzbjWqAnQ','ios','Vkt45s8oLQNaHp5ODroNBfIE7POdIYODGUlgiPsYwglLzii5doP1w2L8aFW0QxhxnTS9BRxpiRJk4kMyrNdaz0e7EuRovRoKfLIXIPMEE4EsS5PCi7KnA56UJxsaPBcQClvzaiTZ4mzfy4ICvgTuBGBsEyXEC8tnqDg0b7cYiMDiuS8xb1i6',0,1,1,'active','2018-09-02 16:21:40','2018-09-02 16:21:40',NULL),(228,'sdsds',NULL,'abds@abd.com',NULL,NULL,'0592694704',0,NULL,NULL,NULL,'$2y$10$shxgOQHv2ZAY3JIC.6kUuesxQIYhKhmxBiBVjxUP5jaBjziOGaZM6',NULL,NULL,NULL,NULL,'','ios','',1,1,1,'active','2018-12-24 18:13:03','2018-12-24 18:13:03',NULL),(229,'test',NULL,'t@t1.t',NULL,NULL,'0592694704',0,NULL,NULL,NULL,'$2y$10$.5Pdr3XRkhG.vX2j2VlbvO2oMC1hohFmLsKrnp9uMe69dmrW70E2S',NULL,NULL,NULL,'mCEEUD5VdWqmrjWWeXYYzY5fLl5xoSMZt4cPvKnZGKXf4t9ir044litFQfCR','','ios','',1,2,3,'active','2018-12-24 18:28:21','2018-12-24 18:32:17',NULL),(230,'emad',NULL,'emad@email.kw',NULL,NULL,'1999282839',0,NULL,NULL,NULL,'$2y$10$OmVo8A1xa5wwaNhHYFZ3oeDOHXfQWEq.v66f4npOveSUWSDqjbpIu',NULL,NULL,'Kuwait-Hawaly City',NULL,'','ios','',1,2,3,'active','2018-12-24 19:34:32','2018-12-24 19:34:32',NULL),(233,'sdasd',NULL,'abd@abd.com',NULL,NULL,'0592694704',0,NULL,NULL,NULL,'$2y$10$uLeFAiLv0hFL32h0BCmX..q77QPkJNspT07G2S8kCMGdMhJDNFraO',NULL,NULL,NULL,NULL,'','ios','',1,1,3,'active','2018-12-24 19:49:39','2018-12-24 19:49:39',NULL),(234,'sdasdsa',NULL,'abd2@abd.com',NULL,NULL,'0592666333',0,NULL,NULL,NULL,'$2y$10$hrWcpOnkBKmP0KOJ/mvec.UafXOoR8sS4Hc77ZQBZMt8lacbQsQZ2',NULL,NULL,NULL,'xWuDaAAeVnxb0lKiMupuJ0zJymi8crowA5uI3nJKuZeAodMfdpKNrzsTG8xK','','ios','',1,2,3,'active','2018-12-24 19:51:00','2018-12-24 19:51:00',NULL),(235,'reham',NULL,'reham@linekw.com','uploads/images/user/4GZPtT7DtzITeArV4fo5LL31bd2z7hFXk7ds3jUq.jpeg',NULL,'66777678',0,NULL,NULL,NULL,'$2y$10$wemn0PMC0PB4i9TjX1kcJ.1PRQjmXG5xGZRz2wou7I5s40F8c.edC',NULL,NULL,NULL,'XtJXZU3tVKQyaXqwGAjp7WHBMHmlUMslsCqof9zbVejD1VP4ZBOSBdH9pSmF','fSSfkQWTwgA:APA91bHzyk83Q-ikm5Xrv6Af1dtzOJzaEEUWT_94WjLulIGNb2Vfro2VQpPG3FBkVfrulK_hypVgGjsLny0awdAa7ueUTzO7NBPy1GzeH0TjEkz54mAxgyNvF8rk1rj9atoU9AcYAV5V','ios','Vkd8aHkNNNHoJl8j1Bn8bUV52AxBMB5ApeY9UrglUdzTGQsjeJP5M3lZPHzvs41uBAyokVLV93P8eGlK0yOmj1EJl5Y0mM33hJaE6p9FjaVPPXUzQ81qM21W5Ev9u0TAOYkDhAy4c5zs4YKgRpW4cUalv1q9zrGAet1v0Qqhe0YbeEfgbqQr',1,1,2,'active','2019-01-02 17:42:56','2019-02-19 13:55:06',NULL),(236,'designer',NULL,'ror@linekw.com','uploads/images/user/vxLCHm47Hp4HrIwnUmM6eAPbxeziRCrGMTa5mdg9.jpeg',NULL,'66554477',0,NULL,NULL,NULL,'$2y$10$Yi5jBe2gQs/GumEOu0Aez.bs06K36ae76lFV56ZBCfWz7Kiezcsbi',NULL,NULL,NULL,'7xJgFwdr6Pw7UdhpJkWRwMSpx20lPJmOd8bukuuXspjUsJnzCuEbN07KV3sG','eA3R-U5qtB4:APA91bENmYq37PvppGzi3g1oo6iGhAJBlgjvNDCAC0nnwkLNjhHiAWfcuVNyuu2Dt-UCGPo72IKuAPL_KdgdUtjszotKwoidvXPf7u3KYN6fOJUKBdp-pTDsV6WgDJnEB76wJJU3C-b8','ios','efryxpWwEmHAq5zZvdX9tyVDfDW98lvcKssy0fuALXGxC61UH8hA2tnhmv8bqV6Y2AobN2XANtlm2PYpDsUkdYAXT1X4pBaIF0mM3zvoaglZTBOqlurXquCt3kTUYXsJ1zjWTKYnOJwJZOhBCqPALCUmXiaTmAdF38PhNaYlkT1KCyPWY39V',1,1,2,'active','2019-01-03 15:14:52','2019-01-09 06:47:15',NULL),(237,'emad',NULL,'emad@hexa.com','uploads/images/user/mN1JRyKqK7vXlHmSuxBQJUJWdyNZ1NqPxLQYJpVd.png',NULL,'54678999',0,NULL,NULL,NULL,'$2y$10$Hv3tGNZB5qqFdYvUCCq7rOCidt6hM8Da9BpFKVUQMv0nQYi.utSDu',NULL,NULL,'Kuwait-Hawaly City',NULL,'','ios','W7dHREb65gIF3eNYKMkhkCZ7nul9bXd8E3PjoJTwqkDz3LK2Nsn4Qe46QIP7IVCa9BJZtbgeLQJBuhHlBrnoBXW4xa2tHY4BILK7sKsv4Sqb77OT1Qq3RHUk4IuhgeEc4vp8Uwc2Zrtd4ZeatDWfc2luzdXa830XKKHh3c2pmRhf5R3kFqkM',1,1,2,'active','2019-01-09 15:31:57','2019-01-09 15:31:57',NULL),(238,'emad hexa',NULL,'emadtraner@gmail.com',NULL,NULL,'15522545',0,NULL,NULL,NULL,'$2y$10$C/WXkCZKOMGy9z4FFGnoo.aDWIAh4wmXjMPEYdLbkuMkn8P1KXq8S',NULL,NULL,'Kuwait-Hawaly City','JBf3RPbdeTMQa5HdloLxfMhj7EU2u1syQ9L4rVWkSLFI9atQ4tMFVPuUolxS','e4BgE_uzgww:APA91bHQ0VTDbVL5iRpdUQTC807MjvHiibK_P9hC7KIJsnVVPly-qDl7zfwqebvbdKmebswcQdIR6hn6dgM7WGmJ1ZxNXPPMlv7wsA_cu0Au13Q4g5O3taft-wMV5BUqPPlaprUa_SjK','ios','qSFEngSatYnBiyoWNKJBk3XCOnCfMuvXUyHYtW9gBWaYZMjkZ5UYISsaFRZ4',0,1,1,'active','2019-01-09 20:10:56','2019-05-16 19:56:03',NULL),(239,'jo',NULL,'jo@line.com',NULL,NULL,'12345678',0,NULL,NULL,NULL,'$2y$10$RYketdDp1t7sCfY/EwMCAOcLtzanvxwY9XnPhwb0TIv29.UHE4B72',NULL,NULL,NULL,'VUwofCnyQvjoATY13qqJUzTteSu21ZlR3CHswGVQ9M4bCZIiTakrqGRUPxlG','','ios','',1,1,3,'active','2019-01-17 20:05:07','2019-01-17 20:06:58',NULL),(241,'zara',NULL,'info@zara.com','uploads/images/user/pTMr415Fidnoj9vFSPSUP7ZqjbxuDEZfxONeHrFN.jpeg',NULL,'965 264 60 10',0,NULL,NULL,NULL,'$2y$10$TAqlwFevBaRQOsZ0GRlpOuQK5s49M80MU/cvUrdomqOOdvw1sapxG',NULL,NULL,NULL,NULL,'','ios','nmKJphUUKtw6FkD5FsTvatIyrtSqVJibV6CLLm3gKym9hyIfwKUaTuPAf8jCk6epCeOOFcsUf6W73By644YFpQRumdDu8LGXgd85XNdkdlpJjU4pCRioVG775t657xIWf0nTFopI0Qjh6FBVlE3IQb7HPo7xkoqbiqxN2Zfn7XdbSinZKXuJ',1,1,2,'active','2019-02-04 16:33:57','2019-04-30 18:15:31','2019-04-30 18:15:31'),(242,'MANGO',NULL,'info@shop.mango.com','uploads/images/user/B1jZ590gIKXtzcBK3sPLAruMyUHUFpmmpjbY7nOf.jpeg',NULL,'34 93 860 24 24',0,NULL,NULL,NULL,'$2y$10$DpA3z4OOaNHcffClHP6aduSHOVEk5XTldKzMeY18gTL68XMuhamOe',NULL,NULL,NULL,NULL,'','ios','mtXYrAl75vNCFKMLu12JTD7WvMedXIhl4lqpLPYjTgx8Tp0VwPqi7vBGFnncSnCgtS7dqEcgONhj5TWfadsJMHA30P442Yja8uJh80jVbDiZ8oJJvigt5AqDdsy41SNFJM5Li4epwNIvWNXddNOYWSK6qzXrKOkAX5IIOw1Rw463jLcpRcEw',1,1,2,'active','2019-02-04 16:36:17','2019-02-04 16:36:17',NULL),(243,'Nayomi',NULL,'hexalab2018@gmail.com','uploads/images/user/k1nlKYCrYentahpatCyzkTM4ZTnA5Fl3z3dABmIG.png',NULL,'009651236547',0,NULL,NULL,NULL,'$2y$10$Z39pR6yLUbGz5HRKGAm7jOlDExWc0fzuS7fPAA6SOa7MJ11GaXIRG',NULL,NULL,NULL,'7IAS79RzMZxTkdQGLZLRRJKEuYARaUguib6cvXuW9w2a3SsxwtZXIOUaFsta','f2b03EWgZBs:APA91bHh03VRQj3xlTLPhRtt9nJVZYn9SlvRttcb45qxdi5LFTW7JjfC3ocSkbDCeIOVj0apeUWeNkcAkVBhqppuD-XcX_iZ-IWbnrEid-8MuOyb2ZvUprmixMQJ3rI2aYII9wHNYP7l','ios','IWDi0BEHg2SZFIUGioe1LTlJnWy8wtigneBpR41nidNt3p2MZFgttafzyAwglwDQJYisUoLeOEr3H2sAacyMl3U8qbAplijdrW12Mcz6qY2nOsrzH3ws5QjP2K3vNT3FbjtWVdjvsUkH9g2qf13wwE68AF1ga3Yn52q8FbsBLUMDpyyy0svD',1,1,2,'active','2019-02-04 16:39:20','2019-04-11 18:18:45',NULL),(244,'mariam sbaeyl',NULL,'Kw8yq8kw8y@gmail.com','uploads/images/users/BHZBaFlm2PSo8h5chiT65oNm9kOJ5RlRmtQjTy5Q.jpeg',NULL,'52225875',0,NULL,NULL,NULL,'$2y$10$P2aDS4il0Aknxu4Xm4/y7u9t6.c2DWiRFp8GvjmvXFchLEwOLtECi',NULL,NULL,NULL,NULL,'e1PBPGvi52U:APA91bGvTRpJzLVlK3sLcWCGAjoqv_a54rT7ne0DPcr4DyCKytbPpwc-nS3vJBpmHyRN7nI5DXvFLGfCTWhQwEauHS3TZ2uVf74vWkRsKHxa0rufQ4cqeeRhnZw0S8vPUSjUHhbwYWX6','ios','WEziStrGYBDsb9eSXI4VyayJn4SJ5Ovcwubbdb6iEWQEvn2f9WAWuZaZLwrD0L5ANbrDWJjFsecjaCNf8q4vpBcZSsUH9wRpsQzuz3Et8fokTPNukVBbCDAh0S0XypA1Q4HayduR7Q3Hq6S5ve2uzpindNlP8IFc4F9PY9lYIbIt1eiDJ7WW',0,1,1,'active','2019-02-10 04:36:25','2019-02-10 04:41:54',NULL),(245,'emad',NULL,'enadtraner@gmail.com',NULL,NULL,'111222333',0,NULL,NULL,NULL,'$2y$10$u3mCJGPcfrAKb2yYL.K71.IiTJMEkLoXdY7v7gPphWfnakP2SSp2S',29.37585831,47.97740555,'Kuwait-Hawaly City',NULL,'f2b03EWgZBs:APA91bHh03VRQj3xlTLPhRtt9nJVZYn9SlvRttcb45qxdi5LFTW7JjfC3ocSkbDCeIOVj0apeUWeNkcAkVBhqppuD-XcX_iZ-IWbnrEid-8MuOyb2ZvUprmixMQJ3rI2aYII9wHNYP7l','ios','hHvOn09xbSA6kB4UZk18g0KZNZswb0OmeadIaxmFqQxSHe07B9MhOTiUrGiA4XneL4LNWTHm8UwQLPg7un5h9UJ0aFVzZnRmIAUAQfMYSqMxccYubBFHGcduI2dn9zFIlJUABHZgtl6B4y57XAR4JuCbRtsgnStnKav5B29YqApWXYHfOP70',1,1,2,'active','2019-02-21 14:40:29','2019-04-11 18:23:03',NULL),(246,'emad mm',NULL,'eng_33emad@hotmail.com',NULL,NULL,'155542412',0,NULL,NULL,NULL,'$2y$10$Q3dEuyJGaGptkQdrxT2HaOxs/DqBY2VghfD8HvDmqq.fld6mKknbC',NULL,NULL,NULL,NULL,'fx6sDo9JfJg:APA91bHKjiJ415BfKqPe7CRkqcullpe5zpOh8jNose4VM6c7OzUjSvyjkoV9b1C0szxDik6hlpQNwVeTaGL_ZlM-ZFudaiD80Htz6bV-CP6-0MDxQQf8GLXVe7lN1g4-ln4323KiIh4G','ios','MpDdfbO1BfjdLHNSZuZ4XzUwwmitKA10pc92iHYlCFucXce5PjKyDARlZrjq0k0T46Qs3ROcxV85iKukOKTvsym6W65Rp18u3PTlQfJ9X2zVWpTVV47vgtQanz35Fq9nERCdqhvzsP74nLkd5FkiROqzQlGy3eY7JFog1MbrN6fhs3J1XgZr',0,1,1,'active','2019-02-21 14:42:17','2019-02-21 14:42:17',NULL),(247,'omar alsubaie',NULL,'multitargetkuw@gmail.com',NULL,NULL,'50807607',0,NULL,NULL,NULL,'$2y$10$16BgTDMYvYPRClFCwe31EemEaMC5cSAxXFEoRyLlD/qUeqsWZONgC',NULL,NULL,NULL,NULL,'cSYO8cHotDU:APA91bH2HGjwKeUi3lOzzy6xZxU1U2hIoL3229NulGTLQoWf1GgSh1DhS_1dhSOfyBAczj4tvrpam_m80L7l0326yjWBzpSY58b9uqSaZ443DDFwdlNDzee592m0rH0JhT_VgJ3IBn0C','ios','MNjUrU71yNIq5HDplg1CtNUOcO5D2XPphnkvcKSQU1LfaHWl8sRoc148X0XBsgRy8g80sVZIqYpL6P62PCGBLZeAUDqC6lBZiGztKiv8P6r3RGD18oPGSNMSD0YMdUAvpRSXkbixThOOpJlYkG7VWLIdInCp9sIQCj5LslhqCASpf7Ok1hu3',0,1,1,'active','2019-02-22 08:11:15','2019-02-22 08:11:15',NULL),(248,'ramez adnan',NULL,'ramezadnan4@gmail.com',NULL,NULL,'05997121944',0,NULL,NULL,NULL,'$2y$10$.EkcxMMY5.7xl8xP6ywzaORJqAp1cyubSyh1FMRyClTbiFaSN9Q/.',NULL,NULL,NULL,NULL,'ePZaUQYqAqM:APA91bEJBjvc7X33XJ3vI4Ad7vz9p5rnIVfmj322cjAg8fRWGg7ua0ufJS2mXUsqPJ09I7ZHPnbCH6kXecl6XmzJnID7hT4A-r_du_casn30ZKwVjjExFVYeJFiygvXcDR9BQksNhD4X','ios','f2knafVVHGOnAbkdqogS1bVvsFfaOcvpqhJ3eYU1MDuAUZtEEPL8dzUKRTrSGWSWFRkdrDCm8GLvZMpWub977oEbCNdQL9zHumj6L965y70xkjvViCK9XjLV8ZTpjcvawSXADdFEQfK1JeWk8xoGETCXDsPpvkEgtkKDvfG5YGcKYG6R6DYq',0,1,1,'active','2019-02-25 19:04:06','2019-02-27 19:45:41',NULL),(249,'and and',NULL,'and@and.and',NULL,NULL,'1234567809',0,NULL,NULL,NULL,'$2y$10$YhcQ/A4mBJ6UX7A4vY7j1.rmIAIN5IkwucDYbrtmGJSQxtm1.h2S.',NULL,NULL,NULL,NULL,'cj_WPU5fwlE:APA91bHgjdCGYpbH_UtkE503KkrYHDyPbpRVfip6-wTZLOhlH2IwNKPJP97KRvR1kLxr77JOm-xNYMnsohqNU5Nc9eCkfRI7zPMJYSKxXUjjnPvghI8eElAty_cBLBcy5B9IBuyd8_ba','android','j8I2d1S5OaRE5c0sRKaUVp2S9aMnKc7eg3Bi707kGleTgHt2iauX0ygR2c9TPm1fY0Rms3hEfLkS4b0nXt1GQP7eHaPmukKPO33DKx3mbBrgTALiCqWM0YMtAsEgF6lmvmDpwIUbm8J80sf1CFBxMrYS8Hp0HOo0Pukvd5h3kj1o0QinezXJ',0,1,1,'active','2019-02-25 19:21:29','2019-02-25 19:21:29',NULL),(251,'مرزوق',NULL,'pv2@live.com',NULL,NULL,'99755897',0,NULL,NULL,NULL,'$2y$10$xifAB6I1zH9eE4jZ/YIhl.ETV3XNvMb5dnFNmlmo/McaSJVQfeBsG',28.70699883,48.37050247,NULL,'XxxIwRccbp4dPD4M0451Ejhrs0cwOYuiBLPeIrVVkr1qSMiqeLfgu2ntqmv4','cQLaKu5VRYo:APA91bGw8sUSJtzhTw4DsAwH31KuTvWjPuT79ee8udx9F-s-RV2On1-m902V4-YGZUlNvigz529F8qp3aqijKlpM8yjWvKaFYlSsfaf8_TUC5wtDRKV0A2Rg7Yp5CDYZ6Ygny-Jrq_KmHRLF-gEBYCeBe2UbDvq3oA','ios','D7CwwrJbnv6E0NOmffzcAFxLCXHR6kpfBYolptgU8Pqde2LWoJLjxRpm15fbIRYzSUk8CqDsd8wu4zSFxXtwTdnyKkYyBe2K5JtTdhFHLlwsTtVhjHPd9wYeznYpJ87NN3gaIaLgry9Tu7C5x3k7KakUUGqeupZuqErTw8BmDjOK5ZVsMrkX',1,1,2,'active','2019-02-28 07:21:11','2019-02-28 07:21:11',NULL),(252,'تجربه',NULL,'kw8ykw8y@gmail.com',NULL,NULL,'99888888',0,NULL,NULL,NULL,'$2y$10$vqKif9IraLXWHx.zdp/db.EO.G8vOyGTsehsMUhrRB1HB.DyXJm7y',28.70699883,48.37050247,NULL,'VGO3ZIByFr3egiMgpiE7n9OjTdV3cTLByGw4B0RrRB5UTp0IDBlZav8NoQaq','cQLaKu5VRYo:APA91bGw8sUSJtzhTw4DsAwH31KuTvWjPuT79ee8udx9F-s-RV2On1-m902V4-YGZUlNvigz529F8qp3aqijKlpM8yjWvKaFYlSsfaf8_TUC5wtDRKV0A2Rg7Yp5CDYZ6Ygny-Jrq_KmHRLF-gEBYCeBe2UbDvq3oA','ios','jRuqvpnXzAprAvr26aGscBwlvtIpM0ZCsfdKNVe5O6QCj3iLkUeB39SSbZKAl9CDdWpnTBup3FgKUZweYR5ilxNZlpw0qJ3iCpiug6OZBMBoGpP34xcOGoBbLUzPSYeB3BBp2zL4aYYgb9VmO5wMiwuvKRbVNYMFjo7faDqX0fwR8rRpNjyV',1,1,2,'active','2019-02-28 12:40:27','2019-02-28 12:40:27',NULL),(253,'الفتاه الجميله',NULL,'kw8yq8@gmail.com',NULL,NULL,'58585468',0,NULL,NULL,NULL,'$2y$10$eg/pxpjkyvgjKpWticsG7urITj0Dnq6jK8zXWciD4/V3TqO4sZmrW',29.09114075,48.10646820,NULL,'dk3xZerkihwQeODul0wqFNG1gcnFY5lPRhgIfILtummYXd4AzLj6LzlFO7yS','cQLaKu5VRYo:APA91bGw8sUSJtzhTw4DsAwH31KuTvWjPuT79ee8udx9F-s-RV2On1-m902V4-YGZUlNvigz529F8qp3aqijKlpM8yjWvKaFYlSsfaf8_TUC5wtDRKV0A2Rg7Yp5CDYZ6Ygny-Jrq_KmHRLF-gEBYCeBe2UbDvq3oA','ios','9eXMnSZxUsodvIjx817lp9GQXO5HurdweyV5Yu65VNb86T8RcURkZdN1p7J1',1,1,2,'active','2019-03-05 08:41:35','2019-04-27 07:15:33',NULL),(254,'jamal zeus',NULL,'abo_jarrah@outlook.com',NULL,NULL,'50209502',0,NULL,NULL,NULL,'$2y$10$YezfLUqeIZr.8pyKXoXxBuPIDLV27PKCjJO6oR51F5.xUrJoVG8dO',NULL,NULL,NULL,NULL,'eaU7wy484BE:APA91bFritBvpjGiF-gc-8CfboT4fV3b1O4_UR7wVl5aV04vy_0YRQvp3lbUiVRgNjRS0n2furs_sKrIPygvaift5dDYwyeQD_f6hVhJPG_1M5WOIQdirijE78r-tmVYYB2e1enG9g0Y','ios','tNTADHxK0EqqQtQHbNNVHxC14KA8ntJYVCrUQVK6zzIbSvKr0edKMukFqmsF',0,1,1,'active','2019-03-05 19:06:13','2019-04-15 22:17:58',NULL),(255,'noor alsharee',NULL,'noor@h.com',NULL,NULL,'50324009',0,NULL,NULL,NULL,'$2y$10$.cwS49ZbtjB2qbdMQEJM1eMDI6bJRbZ9lkNbW0Mzzt96osRdYI0Ce',NULL,NULL,NULL,NULL,'cFeHXQxCyVw:APA91bH2s-YRLWKeichW_hh4ua0RqeZ966VEAW3AKAJ1pyEZZF2iiw81Tu4ny-MD5sk2l_5civc7F8SozLVyaVmoTkXDskPDzcnNv75Fsv5lX76ldoUxwWiFsBWFQtbGOqWl2qBQbzap','ios','LevRyjuwKOp5KxaPJj43kaK7xkwplfGWhtoDxWgMXAwP4B5WSnrgoWar7DprqMc2qgLKvgqGQaWLF58FaLftNyI1omjtmotJC9YND8veUcu2h45GzDBtfxpoWk7D4spEPnxEiCCTMFRgmh6nSCAk9zYOxjq6MVGKwtn8o0n9E7JcuvG3pXJB',0,1,1,'active','2019-03-20 23:52:18','2019-03-20 23:52:18',NULL),(256,'Sweet & Sour',NULL,'om-ali-81@hotmail.com','uploads/images/users/xcCP0RtucUm0NIQrZ40Vc6AqHmypgfVlCuG9hIu4.jpeg',NULL,'90062133',0,NULL,NULL,NULL,'$2y$10$An/tEPBTqCoSpZMXlJMASuVEKLVvlVh09ZrOS11vJ994UJREnHA.q',NULL,NULL,NULL,'IAoB91TSsZMQzAuGXYXj0qrKKAEMUzZinfawsUtERQksW4BokvgI1QcedJHU','eaU7wy484BE:APA91bFritBvpjGiF-gc-8CfboT4fV3b1O4_UR7wVl5aV04vy_0YRQvp3lbUiVRgNjRS0n2furs_sKrIPygvaift5dDYwyeQD_f6hVhJPG_1M5WOIQdirijE78r-tmVYYB2e1enG9g0Y','ios','xSjb590qM62MuwCJ8tXy06BFiRptaHuFvPAypuvHxpzYdg7Qc5pgaoctfR9i57EUL8ToXgIZdSuoaevQcfXOaZEzeESQdqBSeTUaNTusTwBAVaipr5uayqIPiBIf47KPS1A2PfXn1UWOZhuX3GKdF67D2j1CiHEGRUCDlm6tnc55mYe9SyFs',1,1,2,'active','2019-03-22 21:16:12','2019-03-24 22:02:07',NULL),(257,'pain',NULL,'omar_almasri87@hotmail.com',NULL,NULL,'55054107',0,NULL,NULL,NULL,'$2y$10$6YYZarM3GxDwu/uTqDmc.OIZsKNWZ83q5Hk3s6y7WXd/PZmIVhjuG',29.34328461,48.08938980,NULL,'VID4Gl4VBodwIgvLOveiXKcFsNcxnpTM09OI6vdeV3yfSUOSuNSdgZY7RR3S','eaU7wy484BE:APA91bFritBvpjGiF-gc-8CfboT4fV3b1O4_UR7wVl5aV04vy_0YRQvp3lbUiVRgNjRS0n2furs_sKrIPygvaift5dDYwyeQD_f6hVhJPG_1M5WOIQdirijE78r-tmVYYB2e1enG9g0Y','ios','YD8kdaTX9hSj6K2TkXZesmhqojMoircfGnzepfABQZ4kfd0G0NERReTYmq1EHaF2FkwntN0WKHVQJS507w6SD7Sx9wNqFZh9jwDkA2bBBmooqsXuL3wt0qmV9gdYv2DVw32LmEFx48HUqcYhx9Gsogh4GrJYjX1AIauDD3SgOo9d4NEfO7Jl',1,1,2,'active','2019-03-22 21:38:09','2019-03-22 21:45:23',NULL),(258,'Nani Sweet',NULL,'Mnuneera.1000rj@gmail.com','uploads/images/users/d7TiVZVtE1mljQULbOk2jOL6d1Qp5IwROFN3AjcG.jpeg',NULL,'98890667',0,NULL,NULL,NULL,'$2y$10$Ldwqc/LEj37frsbyY1G/ruE/GXmAIKZ5TBo3JtTTJcU/i1veZS/uC',29.34806633,48.08874130,NULL,NULL,'cszhbMkhy8Q:APA91bEdgRNVxBkxHbUUKOssqvcAPPk3z_d-n--Iw1wSCcFvTqRNlJSbGLAb42XfvZy2JSrBMjrXg_PPnuepQqwBdONk1pr_TRGdwd3sqUSjL3hYD51K-CmwsuPRqFFmXvV4WuA25Fsu','ios','H0IuSbweqFSAPsm7ePQkOrzFYgvnWMl03zyOmB6xToDR6pZJ1RBOgunZ08efwBUb6DVQSNOQ6e4AAzgUFA8mPA3G0BAcHrmsLhT26mMwRreyBBfqg6WMcYlqShbP1x73iJ4YuEitpxMziaHqKuRPYFlYVBhVI9pHcmNwMGcBhPyYiBGOSRsW',1,1,2,'active','2019-03-22 23:57:22','2019-04-03 01:02:09',NULL),(259,'طبخ البيت',NULL,'mth.aa22@gmail.com','uploads/images/users/84rwn3j56dRrwaqaEpRVYoCff9CrfL1pPP7CpZTv.jpeg',NULL,'55512757',0,NULL,NULL,NULL,'$2y$10$2KiJObrw2lzNBqzBhWNwge50.YY0GfQYxiePEiYlbDDgHsP6LTk8O',29.28820038,47.91011047,NULL,NULL,'dHHc474ah0I:APA91bGRqtdFn1MQ-V6gi-u-HMiTYcDLR6mmnv1lV39-aF7-oI8SkcKUojVmY3R68br5M4WVYdn2ijGoPCYlT84JDSRp0-w4FdJIwRCFIFzb53xnRBJ1fRMvc7EJmivpkzAP0ZsO86hM','ios','CjNDucjbylXADepD05Z19ZvtjUrfhZulgfjoJZbXTWSrhQJBdt32uOvr6fRa00XdtiUse4zDFmJO5b6M8dEazBvxfISWX65ZWaj5ZEKqPyRoKbdGcDHmWjk076wjpRzwUh6Y4OMpEvIQ3aY1FhJMXK2X0ooFzM2dgTuLwrqa2qIkvjelkxUb',1,1,2,'active','2019-03-23 00:22:28','2019-03-23 00:33:21',NULL),(260,'aygoo store',NULL,'ritsusama1@gmail.com','uploads/images/users/a0SLYezU3UDgA2oA7JfSZT1dArdzDiyWGbnWIxUo.jpeg',NULL,'96002989',0,NULL,NULL,NULL,'$2y$10$7mom2ulTmw15uH0lQmJxOurrDv3.NlZM2cWa.Gmj9wsDk6V5ijAj6',NULL,NULL,NULL,NULL,'fezyXM2dwB8:APA91bFhlrJshOgGuXVW_uXnWe2mLvoTBTA-Uz-v27iho1cuZ7qmYKBaa2sfFa4G8HDA4nK_RYiiQK_XQbl1s1Y--cel5upXhhoYDEkqupzmQ7iC68lIBd4GWm7NxLPuI25f5ftk-6Ti','ios','zgaJ21fFMErik5Abz0Yt7jOOiV4LVQsdqu7sYeXnl1O0UqywEP8y1ieEhSUMKnGhsJa9xFl7E1PzycyAzL2Gc3wE6Cy3r9XoAsG7BkbSEZ53smCe5qesVmR1KNj9CGs6U08zrRtxneeypzrd3eeQTirScwicQMVIL3TmLBAlHwu5axpjJpNd',0,1,1,'active','2019-03-24 04:35:35','2019-03-24 04:38:57',NULL),(261,'max',NULL,'a11@a11.com','uploads/images/user/glIB1KaYnr0TKy9Y49XRKTMNoPoEI0FnBuLfPXgf.png',NULL,'12312312312',0,NULL,NULL,NULL,'$2y$10$imnT/Smr4GX8zaMpuBwAceTjIQuFNinCA18w85oEny5TL5.v9OF0y',NULL,NULL,NULL,NULL,'cNA8UBsBydU:APA91bEdD5NSA9GtS-9H0D4syj5UgRjDaErpJWzPcNwmSYiEHxwrlixdETi1OhJmx4uoHvBPJO1YTIFTEYqrO9Hae44_d669L_c3pSJwq3DtAYtZy96prFeUjjntwKJHtyABqpdiWiwM','android','ieXTGN0lUh6raJHReHLXrmZ5ifd6A1HPam1MNYbfKsvkrdyTlbCu7Io78iEteMwmhtHseeiOO9uUTACg4pVz5l4UYZxxFgH2R7S8frhaWCbeBdpTSYrXH3iwHOWAn2NQPfYKPAZu0hJyfNbWn1rL5JPsI0EMVwLFgOjs3rypDxP269Yftn3F',1,1,2,'active','2019-03-24 17:01:55','2019-03-24 17:02:59',NULL),(262,'q.collection.q8',NULL,'lailaalqattan03@gmail.com',NULL,NULL,'97729933',0,NULL,NULL,NULL,'$2y$10$/X2OsCXxZXhY1kl8wkekE.I1yBdA2NSwcHxBbPSgGkf1rb7PX67gO',29.36874390,47.97982788,NULL,NULL,'e5Q1WtAbFtY:APA91bHA8G6Cn9uXpqHgT1yBMOiKJQoS4qjCgi2UErEq3kPSLnnGiV99Utd5FMYJIK9zCCi8VdpQbCXnw7vi2R1DJp_TLYKIaX_p6cGkCTR_awA9v2xTx4OYmsMYnN2zpBSJ0rr9r3uV','ios','PPU0rPsz05HXGmIzMH8sJvNrFlTtNCCzUuASI2jSoe5hksn8w5kxba3lCTnVZXd6GeUZtqPncVjSnxzlJWnW1HlJgddXJ13Tuk6SFXD4g9bt7SxM0oDZsbMHMbN3m7BGJrlT2jd060EkFfItNoD7vSPL5y36d6VcTUc87ULob7DkBBNvSDn5',1,1,2,'active','2019-03-27 05:09:51','2019-04-26 12:56:11',NULL),(263,'نواعم فاشن',NULL,'asmaaalajmi123@gmail.com',NULL,NULL,'50222426',0,NULL,NULL,NULL,'$2y$10$8jdQ9VelA1H4AE5bNMesG.wAbt8afOD6FcC.CWC4tZV8q48dwyZh2',NULL,NULL,NULL,NULL,'e-sRQ5Lf4cM:APA91bEUIoysWTIJnilzeNJHWodnn7Of8S5iuaZKbmHc8moilpDTGNomEGxo3rTvNL4IeTz8Z6Ka6IsAw1BJL4sPPtgXRP0bxqya7bffANACDaGjxy6_luq87Bbo3LP-2xro6LMLvwNF','ios','v0VpE3qeOAfnH5TZ2EbcoMigxzymRgjzhOmg54GyRUtNC2GuWgEcwom1F1vQXJlszv4RqCxz9avH800EvpbCZ9pp2qt5ue400KPfxzr29LaM3zsWgScTNV42fp9vBns0O2NF15iqOGYwkuCYc2gPS2JJdJIwc4EUXSCRA1v5MxruEQ9Jx7xy',0,1,1,'active','2019-04-02 01:53:39','2019-04-02 01:53:39',NULL),(264,'نواعم فاشن',NULL,'nawaem.fashion.kw@gmail.com',NULL,NULL,'95503717',0,NULL,NULL,NULL,'$2y$10$60Hk/VbglwZnWHdZTEtPverktaODVXzoUY3nZ1/fBzpkYnRCah1ky',28.95704651,48.15482712,NULL,NULL,'e-sRQ5Lf4cM:APA91bEUIoysWTIJnilzeNJHWodnn7Of8S5iuaZKbmHc8moilpDTGNomEGxo3rTvNL4IeTz8Z6Ka6IsAw1BJL4sPPtgXRP0bxqya7bffANACDaGjxy6_luq87Bbo3LP-2xro6LMLvwNF','ios','cWvCNV40T59YgQrqNQqdxm36RwicmvMAcSZ0pTg4MLD0VpawkeQYBOOTqz1ctPQgA04Znh0RnTtpezi7ayCkiFlBC1sbEb5BhCT4tWTUMtMqkhSQq7ueHgi1zB4pcR5y3JMcTfW9rh8QaoJmpkzcSk2mrkGHpYXtwd5L1VHjw6tfMmAIaCHS',1,1,2,'active','2019-04-02 06:36:37','2019-04-02 06:36:37',NULL),(265,'saleem alzelaa',NULL,'salem111asad@gmail.com',NULL,NULL,'50700081',0,NULL,NULL,NULL,'$2y$10$WyGN0ZS/Akjh9f0R4Flt7.GDdlHl760b/B9QsNJ8ZlkQFMh5YFRPq',NULL,NULL,NULL,NULL,'fAPZ2xQqeCM:APA91bH0nYOEcDVHNmqbYj9ZLDYQK5QM4-K-oQofmtC8R3VgMT7mXbi9x0gMelccIQ2xle3uTKIWOobp5LjLyduY0AKiTj-Y8a_LP5T4CDYKqVWZm2f2LMI3n-BFeKrIi0dxmuu1dJUJ','android','IGCXTjYf2Lp792ib0Rqa9EAAjmmwhoil6GTMxnQfUKlg1xqvtCv4rH2dQ5RyQTD57cle49bQNAV2vjXqQVTrUGr704wNNDBZWOJ06OATxtiAKDqSxT9cwkYk1smq2O5g1KFe1Kt7GNvDZHxCrNVb2R3bYj3e8TMUr1f7gzlNnL4t1gWJYGgt',0,1,1,'active','2019-04-04 00:34:34','2019-04-04 00:34:34',NULL),(266,'fufu',NULL,'ahmed.idhair213@gmail.com',NULL,NULL,'897646469',0,NULL,NULL,NULL,'$2y$10$N7Vz39pFcRd0/LZbSvM8dehLP/RGqQJ5.rT3K6iED9.rNbdGq9CZS',46.80591583,46.80591583,NULL,NULL,'123','android','oJEPNwI5eJ3ymVKA3hGGFs7mTfpSUF533lSt5fqQWj2KHgFYsuljQdHAy40i509PJvqRQO3oPbuCZU3oXnFfNAZd1Bf1s2wQANE2wmMGqCQZ6AQ90reV0JubA9aSvZrGn2j3M40quTKL7mYRRKgAyIbjWBQ0GFv8GLuLpmRuUAAGC7RrP4EB',1,1,2,'active','2019-04-11 23:06:50','2019-04-11 23:06:50',NULL),(267,'kazika play',NULL,'kazikaplay@gmail.com',NULL,NULL,'01002638032',0,NULL,NULL,NULL,'$2y$10$8scyuiltj/nqDm0YwGOzV.UXAEYm9reVBg4YSiGVHL/4UiJFQysVK',NULL,NULL,NULL,NULL,'f9jrh4PF8Zk:APA91bHAYqKdAZDTL3bUOjyueeYRWyhHemfENFPZ6hkEVxkMgFINvmeFH8AVVVgV1x5u4DE2GnbdPhvjKNl2GMasmaHsNb4a-xYp6whxI7fTV96V64SYngs7N_kypsKJ16PRVgRTLG9v','android','0H9R2WfQjHCeCO5i5vY44ekN8ILy6Q8RxnFY9TAaTb3O52a6l3jyzusSzd3hldyPGZo3zryeDjAOA05hgwqz1V4rUhcP00iDDsohf9DovpHtmIKnq3McrDAQb7tKxrd7CcjA9EAo5NueatJMxB4Nt6Q2sFeIXTJCOJzSd9nSc95WleuyDG2L',0,1,1,'active','2019-04-15 10:08:45','2019-04-15 10:08:45',NULL),(268,'hgggg vvb',NULL,'ggg@ggg.com',NULL,NULL,'123123123',0,NULL,NULL,NULL,'$2y$10$7hE6VK8LYb1aOe1S1kpxteh7tRQ1qoaxSgfP.cEo4F8eC90ugcbuG',NULL,NULL,NULL,NULL,'dF0o02CJlls:APA91bEgDHlEJHjPE6olNaP3yOI9RrKZTDJFcH-Aetk-DV2dpQg4W3ZMFJZaNqRzprYINi8dcyH5cmxp27qapKWEODSuK8d6qedsWIhlTioBYI97wW5SBuYftcNr6qrx1OatD94IQZc4','ios','559M8ZXM7ijyQvHAsZr7BZwcbK9qUhio29t1dZJfv6YpZ3AJ8PKF3hMyJ8Wr',0,1,1,'active','2019-04-15 18:53:13','2019-04-15 18:59:07',NULL),(269,'ali ali',NULL,'ali.a8@hotmail.com',NULL,NULL,'66557533',0,NULL,NULL,NULL,'$2y$10$ElRMHFNHH7If3SSW1xM72ubH6Ji8t4RjSsaMq9bzVaWaw71FulHnu',NULL,NULL,NULL,NULL,'fAWm8Y2Qass:APA91bHhHWK3iSIMrRXjL1oGPMP7KYJXDwzfKYT9deUs5rbvxs1y07swRJ7MiyPU0OJ49YkVi7E31eptgluLbfm7-Ay42nVujKWJ_Cxldvs_VKzp7Ghu5N17I9sOFSq8iPI7R4Q9jwSm','android','1BKrhPdcJxzFUWwUZpkea9S18IGr6LCJiwIJqfat6kbOVp4qklsD73BPyttI',0,1,1,'active','2019-04-15 21:44:34','2019-04-24 21:14:47',NULL),(270,'hhhh',NULL,'j.raphael@linekw.com',NULL,NULL,'868686646464',0,NULL,NULL,NULL,'$2y$10$XbwpjOKxntdWc7i1c0QgBeYRkGES5wI90XleP9GTKgYj39YiKBpju',47.90688705,47.90688705,NULL,NULL,'123','android','XaYbJRVuRC6YNqZwHiII4YfTX6LPtmsGSIoc7d6Ki9AAIBXgoxiYmefyUN9MYfznGMwq0Xe13zOtpwgudbK4MvJhPce53TplydZyFuQQToat1NvUhFZEp9Vb4HRHCddtNeSliolQW967SH496J7liy9Pm9r6sPZW2ROaF58Gv1mpihX3cqGB',1,1,2,'active','2019-04-15 23:46:23','2019-04-15 23:46:23',NULL),(271,'qqqqqq',NULL,'gg@ggg.gg',NULL,NULL,'285858',0,NULL,NULL,NULL,'$2y$10$eT.w7KkOLp/kuG8gfgaAeOaC.SDA3OVyLYt68pOPQGJ.4YJGz7mau',29.88735580,39.32062531,NULL,NULL,'d5ktiH5bCBw:APA91bEdsTDc5Hf9WqBaNC_n-UaMDNPsTHBffx4a7B-N4v7fkwumopVaUxdYtBYDcJo5Oc6OKYM2SmaNd3cMHGC6b1e669pcMgwDzX9kGJlx9ICpkqM077oErgrpaYGxvBc_l7EgJMrX','ios','3vIG9UTWpIfheg9DvwMZfOKfXzifoeZsRTbsH8lu9dbTigqFMMdfq2cYzF8LDrMwAB0AOgMUSZkUnmDO6k7sV471QXrmKaqthhtjnl4VmUpog10pUizfJhPFg9wiGlniwNZzM0abkpvLosithqglg7lJsGDiP19Am3eWp6mcYiLY2BY07piF',1,1,2,'active','2019-04-16 17:08:14','2019-04-16 17:08:14',NULL),(272,'saiful islam',NULL,'mohammadsaifulkuwait@gmail.com','uploads/images/users/CM0hf62urydztEUDkNJpU6BuB4frvEiICpc8bD3f.bin',NULL,'69088130',0,NULL,NULL,NULL,'$2y$10$kvUYOZC30bhgx48qWyiH5OXoyW4OP9QeJ2wOzNUGWBn/dCe3SbgZa',NULL,NULL,NULL,NULL,'cFALvK0amcs:APA91bFGfjYnFaqM3CH0gJaOklN160v58id1hNv5bCYUBn6CLjDpOJNkc_28WiK719CFbLWZel9HfDGt-ZfQscV2denkafdLKYniqJ_irtEJ6o2-zqPQ3S9nG0b2pELcm8x5MfeXqN2K','android','5lDkss4S3XGVR8erld4cAcpHamaUUNI3x0Blnr8rgea2SgTv0svvaFsQhpa3Pm4jDDHWhzRRKMaE8rzMdnoBB5s1hbGFUsmWgetnWdjHP0sZErlaPAeDxUsYXXTX42Q6yBX9qQUokUYxvP3ImmmyjZTvhXYNhGRaI7S966bP4tAC4WMaJ7fN',0,1,1,'active','2019-04-30 20:50:40','2019-04-30 21:48:50',NULL),(273,'jffhxhxhxh',NULL,'hdhdh@chd.bv',NULL,NULL,'5828355686',0,NULL,NULL,NULL,'$2y$10$feHRT7nUCuwXV7smrtGGr.Yav0UbVXStsOems7LyNBX0Lf2laHvCK',31.50156021,34.43492126,NULL,NULL,'e4BgE_uzgww:APA91bHQ0VTDbVL5iRpdUQTC807MjvHiibK_P9hC7KIJsnVVPly-qDl7zfwqebvbdKmebswcQdIR6hn6dgM7WGmJ1ZxNXPPMlv7wsA_cu0Au13Q4g5O3taft-wMV5BUqPPlaprUa_SjK','ios','CGl8tQpvgc2PshBgIb96fX9lKOeRpSTtLV14aFpdNX2gXLjl3tsmQ0dPJ7SApLel1bsOcehAg2qWVfWs4tfCPBTQUWwp5ZHJkieWGsucyXTVjTBnja4Pjbu1XFmNWxYsIKAZ5myRzV2cevSBwbFDbelfwcL6NPSkYCmOyuDSqdTH8xrCYLG0',1,1,2,'active','2019-05-08 23:16:57','2019-05-08 23:16:57',NULL),(274,'ابراهيم  العازمي',NULL,'bofaleh88@yahoo.com','uploads/images/users/HiOsgWDvxS6ZSRKtctmyjCrkXGnhZzvtvFPzeoy2.jpeg',NULL,'60000995',0,NULL,NULL,NULL,'$2y$10$2y6N0511JaNBLWlIHk.goucz7FpaHiJ0UxUr8tQXycNmXZJYP2BOm',NULL,NULL,NULL,NULL,'fUXPUZRrglw:APA91bHxrD3fuRG1R6ryKHj1Yygmnb7PiaSbFFtDxPIFKPIRvZtjOgiN9e2Jn1Grl7wj1W7d64Gb7Q7SSJ7boKAA93yOyn8H0lF6mqI4QPuPM98lUzARpXLjSAychZlFDRBjPEW8wui8','ios','GSekl5R5VFlBhNUL3XEoPC4ZtEFzzzHM5Vd6ofOzhsel3YDxwXB55blbPFz1CTgFMqxEhBFmsglj6qYUKQ6ZI2LMEn7p8x3GEDQ2I1VV991qe7FnIpgbq9GBeAjE0MrVUNxYqWd6oExg5CaV85g6wv02wq6U3WP3gV3TL72YqvTvlSgWPPPR',0,1,1,'active','2019-05-16 10:52:43','2019-05-16 13:31:04',NULL);
/*!40000 ALTER TABLE `users` ENABLE KEYS */;
UNLOCK TABLES;

--
-- Table structure for table `wish_lists`
--

DROP TABLE IF EXISTS `wish_lists`;
/*!40101 SET @saved_cs_client     = @@character_set_client */;
/*!40101 SET character_set_client = utf8 */;
CREATE TABLE `wish_lists` (
  `id` int(11) NOT NULL AUTO_INCREMENT,
  `user_id` int(11) NOT NULL,
  `product_id` int(11) NOT NULL,
  `created_at` timestamp NOT NULL DEFAULT current_timestamp(),
  `updated_at` timestamp NULL DEFAULT NULL,
  `deleted_at` timestamp NULL DEFAULT NULL,
  PRIMARY KEY (`id`)
) ENGINE=MyISAM AUTO_INCREMENT=80 DEFAULT CHARSET=latin1;
/*!40101 SET character_set_client = @saved_cs_client */;

--
-- Dumping data for table `wish_lists`
--

LOCK TABLES `wish_lists` WRITE;
/*!40000 ALTER TABLE `wish_lists` DISABLE KEYS */;
INSERT INTO `wish_lists` VALUES (1,45,29,'2018-03-21 18:19:12','2018-03-22 16:04:17','2018-03-22 16:04:17'),(3,45,30,'2018-03-21 19:05:51','2018-04-04 19:40:37','2018-04-04 19:40:37'),(4,45,31,'2018-03-21 19:38:50','2018-03-21 19:38:50',NULL),(5,25,34,'2018-03-21 19:49:29','2018-03-21 19:49:29',NULL),(6,25,36,'2018-03-21 19:56:16','2018-03-21 19:56:16',NULL),(7,25,35,'2018-03-21 20:08:38','2018-03-21 20:08:38',NULL),(8,58,42,'2018-03-22 15:17:59','2018-03-22 15:17:59',NULL),(9,58,41,'2018-03-22 15:18:10','2018-03-22 15:18:10',NULL),(10,58,36,'2018-03-22 16:19:28','2018-03-22 16:19:28',NULL),(11,58,44,'2018-03-22 16:40:00','2018-03-22 16:40:02','2018-03-22 16:40:02'),(12,58,43,'2018-03-22 16:42:35','2018-03-22 16:42:37','2018-03-22 16:42:37'),(13,58,43,'2018-03-22 16:42:42','2018-03-22 16:42:42',NULL),(14,45,29,'2018-03-22 17:09:48','2018-04-03 19:00:18','2018-04-03 19:00:18'),(15,62,29,'2018-03-25 20:03:16','2018-03-25 20:03:16',NULL),(16,74,58,'2018-03-29 19:57:51','2018-03-29 19:57:51',NULL),(17,58,78,'2018-04-02 18:39:42','2018-04-02 18:39:42',NULL),(18,45,21,'2018-04-03 18:59:42','2018-04-03 18:59:42',NULL),(19,45,1,'2018-04-03 19:00:08','2018-04-03 19:00:08',NULL),(20,45,100,'2018-04-03 19:08:33','2018-04-03 19:08:33',NULL),(21,45,1000,'2018-04-03 19:08:57','2018-04-03 19:08:57',NULL),(22,5555,100,'2018-04-03 19:09:20','2018-04-03 19:09:20',NULL),(23,70,155,'2018-04-03 19:21:30','2018-04-04 00:15:43','2018-04-04 00:15:43'),(24,70,104,'2018-04-03 19:24:25','2018-04-04 00:16:21','2018-04-04 00:16:21'),(25,25,50,'2018-04-03 19:27:57','2018-04-03 19:27:57',NULL),(26,58,54,'2018-04-03 19:53:17','2018-04-03 19:53:17',NULL),(27,444,100,'2018-04-04 19:39:28','2018-04-04 19:39:28',NULL),(28,58,55,'2018-04-05 12:21:22','2018-04-05 12:21:22',NULL),(29,58,57,'2018-04-05 12:21:29','2018-04-05 12:21:29',NULL),(30,70,159,'2018-04-08 18:00:37','2018-04-08 18:00:48','2018-04-08 18:00:48'),(31,70,159,'2018-04-08 18:00:52','2018-04-08 18:59:29','2018-04-08 18:59:29'),(32,58,159,'2018-04-08 18:53:26','2018-04-08 18:53:26',NULL),(33,70,159,'2018-04-08 18:59:36','2018-04-09 14:14:55','2018-04-09 14:14:55'),(34,118,159,'2018-04-08 20:33:50','2018-04-08 20:33:50',NULL),(35,70,159,'2018-04-09 14:14:58','2018-04-10 17:47:42','2018-04-10 17:47:42'),(36,70,161,'2018-04-09 14:25:39','2018-04-09 14:26:04','2018-04-09 14:26:04'),(37,70,160,'2018-04-09 14:25:43','2018-06-26 19:35:16','2018-06-26 19:35:16'),(38,70,161,'2018-04-09 15:34:50','2018-04-11 19:20:14','2018-04-11 19:20:14'),(39,70,171,'2018-04-11 19:18:30','2018-04-12 14:50:43','2018-04-12 14:50:43'),(40,70,170,'2018-04-11 21:45:12','2018-04-11 21:45:12',NULL),(41,70,176,'2018-04-12 13:59:09','2018-04-24 21:47:02','2018-04-24 21:47:02'),(42,70,171,'2018-04-12 16:45:20','2018-06-26 17:02:11','2018-06-26 17:02:11'),(43,70,179,'2018-04-15 02:05:42','2018-04-19 00:15:58','2018-04-19 00:15:58'),(44,70,168,'2018-04-15 04:19:50','2018-04-19 00:15:55','2018-04-19 00:15:55'),(45,133,184,'2018-04-18 19:20:45','2018-04-22 05:31:18','2018-04-22 05:31:18'),(46,133,170,'2018-04-18 19:59:00','2018-04-22 05:31:16','2018-04-22 05:31:16'),(47,134,170,'2018-04-18 19:59:02','2018-04-18 19:59:02',NULL),(48,70,182,'2018-04-19 00:13:13','2018-04-19 00:13:13',NULL),(49,134,171,'2018-04-19 15:14:07','2018-04-19 15:14:07',NULL),(50,133,185,'2018-04-20 22:03:37','2018-04-22 05:31:10','2018-04-22 05:31:10'),(51,133,193,'2018-04-22 05:30:57','2018-04-22 05:31:20','2018-04-22 05:31:20'),(52,151,181,'2018-04-22 14:27:51','2018-04-22 14:27:51',NULL),(53,70,199,'2018-04-23 18:59:30','2018-06-04 14:42:30','2018-06-04 14:42:30'),(54,132,159,'2018-05-09 18:51:36','2018-05-09 18:51:36',NULL),(55,191,182,'2018-06-03 18:58:31','2018-06-03 18:58:31',NULL),(56,188,183,'2018-06-03 19:00:30','2018-06-03 19:00:30',NULL),(57,191,183,'2018-06-03 19:00:33','2018-06-03 19:00:33',NULL),(58,163,208,'2018-06-04 14:34:16','2018-06-04 14:34:16',NULL),(59,184,171,'2018-06-04 14:34:46','2018-06-04 14:34:46',NULL),(60,192,214,'2018-06-04 22:44:52','2018-06-04 22:44:52',NULL),(61,193,214,'2018-06-19 12:42:10','2018-06-19 12:43:10','2018-06-19 12:43:10'),(62,70,214,'2018-06-26 19:38:56','2018-06-26 19:38:56',NULL),(63,194,214,'2018-06-27 13:28:13','2018-07-04 16:35:39','2018-07-04 16:35:39'),(64,194,208,'2018-06-27 13:31:30','2018-06-27 13:31:30',NULL),(65,195,170,'2018-07-18 17:34:28','2018-07-18 17:34:28',NULL),(66,201,170,'2018-07-19 13:08:43','2018-07-19 13:08:43',NULL),(67,70,208,'2018-07-29 16:14:20','2018-07-29 16:14:20',NULL),(68,204,171,'2018-07-29 19:01:03','2018-07-29 19:01:03',NULL),(69,208,214,'2018-08-02 16:11:26','2018-08-15 17:47:45','2018-08-15 17:47:45'),(70,171,214,'2018-08-08 03:23:12','2018-08-08 03:23:12',NULL),(71,170,182,'2018-08-08 14:33:45','2018-08-08 14:33:45',NULL),(72,208,214,'2018-08-15 17:47:47','2018-08-15 17:47:47',NULL),(73,211,214,'2018-08-19 17:00:49','2018-08-19 17:00:49',NULL),(74,238,258,'2019-01-09 21:49:10','2019-01-09 21:49:10',NULL),(75,194,263,'2019-02-10 06:12:10','2019-02-10 06:12:12','2019-02-10 06:12:12'),(76,248,261,'2019-02-27 19:46:11','2019-02-27 19:46:11',NULL),(77,194,292,'2019-03-05 09:04:31','2019-03-05 09:04:33','2019-03-05 09:04:33'),(78,238,290,'2019-04-08 22:05:28','2019-04-08 22:05:28',NULL),(79,238,264,'2019-04-09 18:23:05','2019-04-09 18:23:05',NULL);
/*!40000 ALTER TABLE `wish_lists` ENABLE KEYS */;
UNLOCK TABLES;
/*!40103 SET TIME_ZONE=@OLD_TIME_ZONE */;

/*!40101 SET SQL_MODE=@OLD_SQL_MODE */;
/*!40014 SET FOREIGN_KEY_CHECKS=@OLD_FOREIGN_KEY_CHECKS */;
/*!40014 SET UNIQUE_CHECKS=@OLD_UNIQUE_CHECKS */;
/*!40101 SET CHARACTER_SET_CLIENT=@OLD_CHARACTER_SET_CLIENT */;
/*!40101 SET CHARACTER_SET_RESULTS=@OLD_CHARACTER_SET_RESULTS */;
/*!40101 SET COLLATION_CONNECTION=@OLD_COLLATION_CONNECTION */;
/*!40111 SET SQL_NOTES=@OLD_SQL_NOTES */;

-- Dump completed on 2019-07-10  7:49:00
